MEMORY
  total           16803 KB
  struct            158 KB
  buffer           1284 KB
  arena           15360 KB, used 0.8%

SIZES
  narena                15728640
  nbuffer               1315264
  nplugin               0
  maxuse_stack          103536
  maxuse_arena          129076
  maxuse_con            32
  maxuse_efc            132
  ncon                  24
  ne                    0
  nf                    0
  nl                    4
  nefc                  100
  nJ                    2800
  efm_active            0
  nefmK                 0
  nefmdof               0
  nefmL                 0
  nY                    0
  nA                    0
  nisland               2
  nidof                 28
  ntree_awake           2
  nbody_awake           20
  nparent_awake         19
  nv_awake              28
  flg_energypos         0
  flg_energyvel         0
  flg_subtreevel        0
  flg_rnepost           1
  threadpool            0

TIMER
    0:  duration =  2.8e+04    number = 123260
    1:  duration =  2.7e+04    number = 123262
    2:  duration =  0          number = 0
    3:  duration =  2.3e+04    number = 123262
    4:  duration =  6.1e+02    number = 123262
    5:  duration =  2.6e+02    number = 123262
    6:  duration =  3.1e+03    number = 123262
    7:  duration =  1.4e+02    number = 123260
    8:  duration =  4.4e+03    number = 123262
    9:  duration =  4.5e+02    number = 123262
    10:  duration =  1.6e+04    number = 123262
    11:  duration =  2.1e+03    number = 123262
    12:  duration =  18         number = 123262
    13:  duration =  6.4e+03    number = 123262
    14:  duration =  6.8e+03    number = 123262

SOLVER STAT
  solver_fwdinv =   0         0       
  ISLAND 0
    solver_niter = 1
    solver_nnz = 484
      0:  improvement =  9.1e-10     gradient =  2.9e-15     lineslope =  0       
          nactive = 64   nchange = 0   neval = 2   nupdate = 0

ENERGY =   0         0       

TIME =  1.2e+02 

QPOS
   0.0095  
  -2.5     
   0.081   
   1       
  -0.027   
   0.00011 
  -0.0043  
  -0.61    
  -1.1     
   2.7     
  -0.29    
   0.61    
  -0.91    
   2.5     
  -1.2     
  -0.61    
   1.1     
  -2.7     
  -0.11    
   0.61    
   0.91    
  -2.5     
   1.4     
  -25      
   81      
  -0.013   
   1       
  -2.9e-08 
   4.4e-07 
   8.3e-12 

QVEL
   2.9e-08 
   3.1e-09 
  -1.7e-10 
  -2.9e-08 
  -5.9e-09 
   9.3e-08 
   9.6e-09 
  -1.5e-07 
  -1.4e-09 
  -1.5e-06 
  -1.9e-08 
   1.3e-08 
  -2.8e-08 
  -3.7e-06 
  -1.6e-08 
   1.7e-08 
  -3.1e-08 
   2.2e-06 
  -1.5e-08 
  -2e-08   
   3.3e-08 
  -5.4e-06 
   7.3e-13 
  -1.5e-12 
  -1.8e-10 
  -3.4e-12 
  -9.8e-13 
  -6.4e-15 

QACC_WARMSTART
   1.5e-06 
   3.2e-06 
  -6.5e-07 
  -2.5e-05 
   7.6e-08 
  -2.2e-06 
   9.8e-06 
  -0.00018 
   1.8e-05 
   0.0003  
  -1e-05   
   1.1e-05 
  -2.6e-05 
  -1.2e-05 
  -8.4e-06 
   1.7e-05 
  -3.4e-05 
  -2.5e-05 
  -7.5e-06 
  -1.9e-05 
   3.2e-05 
   1.2e-06 
  -9.9e-11 
   2e-10   
   2e-08   
   3.9e-10 
   1.1e-10 
   8.6e-13 

CTRL
   0       
   0       
   0       
   0       
   0       
   0       
   0       
   0       
   0       
   0       
   0       
   0       
   0       
   0       
   0       
   0       

QFRC_APPLIED
   0       
   0       
   0       
   0       
   0       
   0       
   0       
   0       
   0       
   0       
   0       
   0       
   0       
   0       
   0       
   0       
   0       
   0       
   0       
   0       
   0       
   0       
   0       
   0       
   0       
   0       
   0       
   0       

XFRC_APPLIED
   0         0         0         0         0         0       
   0         0         0         0         0         0       
   0         0         0         0         0         0       
   0         0         0         0         0         0       
   0         0         0         0         0         0       
   0         0         0         0         0         0       
   0         0         0         0         0         0       
   0         0         0         0         0         0       
   0         0         0         0         0         0       
   0         0         0         0         0         0       
   0         0         0         0         0         0       
   0         0         0         0         0         0       
   0         0         0         0         0         0       
   0         0         0         0         0         0       
   0         0         0         0         0         0       
   0         0         0         0         0         0       
   0         0         0         0         0         0       
   0         0         0         0         0         0       
   0         0         0         0         0         0       
   0         0         0         0         0         0       

QACC
   1.5e-06 
   3.2e-06 
  -6.5e-07 
  -2.5e-05 
   7.6e-08 
  -2.2e-06 
   9.8e-06 
  -0.00018 
   1.8e-05 
   0.0003  
  -1e-05   
   1.1e-05 
  -2.6e-05 
  -1.2e-05 
  -8.4e-06 
   1.7e-05 
  -3.4e-05 
  -2.5e-05 
  -7.5e-06 
  -1.9e-05 
   3.2e-05 
   1.2e-06 
  -9.9e-11 
   2e-10   
   2e-08   
   3.9e-10 
   1.1e-10 
   8.6e-13 

SENSOR
   1       
  -0.027   
   0.00011 
  -0.0043  
   0.00017 
  -0.53    
   9.8     
  -3.7e-09 
  -6e-09   
   9.5e-08 

TREE_ASLEEP
  -11
  -11

XPOS
   0         0         0       
   0.0095   -2.5       0.081   
   0.24     -2.4       0.078   
   0.24     -2.4       0.12    
   0.081    -2.3       0.046   
   0.26     -2.3       0.078   
   0.24     -2.6       0.084   
   0.24     -2.6       0.13    
   0.094    -2.7       0.045   
   0.27     -2.7       0.075   
  -0.22     -2.4       0.078   
  -0.22     -2.4       0.12    
  -0.059    -2.3       0.046   
  -0.24     -2.3       0.078   
  -0.22     -2.6       0.084   
  -0.22     -2.6       0.13    
  -0.078    -2.7       0.045   
  -0.26     -2.7       0.075   
  -25        81       -0.013   
   0         0         0       

XQUAT
   1         0         0         0       
   1        -0.027     0.00011  -0.0043  
   0.96      0.28     -0.0012   -0.0041  
   0.83      0.24      0.49      0.14    
   0.66      0.19     -0.7      -0.2     
   0.75      0.21     -0.6      -0.17    
   0.95     -0.33      0.0014   -0.0041  
   0.85     -0.29      0.41     -0.15    
   0.67     -0.23     -0.67      0.23    
   0.93     -0.32     -0.17      0.056   
   0.96      0.27     -0.0012   -0.0041  
   0.83      0.23     -0.49     -0.14    
   0.67      0.19      0.69      0.19    
   0.63      0.18      0.72      0.2     
   0.95     -0.33      0.0014   -0.0041  
   0.85     -0.3      -0.41      0.14    
   0.66     -0.23      0.67     -0.24    
   0.94     -0.32      0.09     -0.035   
   1        -2.9e-08   4.4e-07   8.3e-12 
   1         0         0         0       

XMAT
   1         0         0         0         1         0         0         0         1       
   1         0.0086    0.00045  -0.0086    1         0.054     1.7e-05  -0.054     1       
   1         0.0073   -0.0046   -0.0086    0.85     -0.53      1.7e-05   0.53      0.85    
   0.49      0.0073    0.87      0.46      0.85     -0.26     -0.74      0.53      0.41    
  -0.06      0.0073   -1        -0.53      0.85      0.038     0.85      0.53     -0.047   
   0.23      0.0073   -0.97     -0.52      0.85     -0.12      0.83      0.53      0.2     
   1         0.0068    0.0053   -0.0086    0.79      0.62      1.7e-05  -0.62      0.79    
   0.61      0.0068    0.79     -0.49      0.79      0.37     -0.62     -0.62      0.49    
  -0.0066    0.0068   -1         0.62      0.79      0.0012    0.79     -0.62     -0.0094  
   0.93      0.0068   -0.36      0.21      0.79      0.58      0.28     -0.62      0.73    
   1         0.0073   -0.0046   -0.0086    0.85     -0.53      1.7e-05   0.53      0.85    
   0.48      0.0073   -0.88     -0.47      0.85     -0.25      0.74      0.53      0.41    
  -0.021     0.0073    1         0.53      0.85      0.0049   -0.85      0.53     -0.022   
  -0.13      0.0073    0.99      0.52      0.85      0.061    -0.84      0.53     -0.11    
   1         0.0068    0.0053   -0.0086    0.79      0.62      1.7e-05  -0.62      0.79    
   0.62      0.0068   -0.78      0.48      0.79      0.39      0.62     -0.62      0.49    
  -0.017     0.0068    1        -0.62      0.79     -0.016    -0.79     -0.62     -0.0094  
   0.98      0.0068    0.19     -0.12      0.79      0.6      -0.15     -0.62      0.77    
   1        -1.7e-11   8.8e-07   1.7e-11   1         5.8e-08  -8.8e-07  -5.8e-08   1       
   1         0         0         0         1         0         0         0         1       

XIPOS
   0         0         0       
   0.0095   -2.4       0.079   
   0.23     -2.4       0.091   
   0.13     -2.3       0.076   
   0.24     -2.3       0.06    
   0.26     -2.3       0.079   
   0.23     -2.6       0.099   
   0.13     -2.7       0.081   
   0.25     -2.7       0.055   
   0.27     -2.7       0.076   
  -0.21     -2.4       0.091   
  -0.1      -2.3       0.076   
  -0.22     -2.3       0.056   
  -0.24     -2.3       0.079   
  -0.21     -2.6       0.099   
  -0.12     -2.7       0.081   
  -0.23     -2.7       0.055   
  -0.26     -2.7       0.076   
   17        44        0.79    
   7.1       27        1.2     

XIMAT
   1         0         0         0         1         0         0         0         1       
   1         0.0086    0.00045  -0.0086    1         0.054     1.7e-05  -0.054     1       
   0.012    -0.65      0.76     -0.5      -0.66     -0.56      0.87     -0.37     -0.33    
  -0.12     -0.49      0.87      0.87     -0.47     -0.14      0.47      0.74      0.48    
   0.2       0.06     -0.98      0.83      0.53      0.2       0.53     -0.85      0.055   
   0.0073   -0.23     -0.97      0.85      0.52     -0.12      0.53     -0.83      0.2     
   0.072     0.63      0.77      0.55     -0.67      0.5       0.83      0.38     -0.4     
   0.11     -0.61      0.78      0.84      0.48      0.26     -0.53      0.62      0.57    
  -0.19      0.0066   -0.98      0.77     -0.62     -0.15     -0.61     -0.79      0.11    
   0.0068   -0.93     -0.36      0.79     -0.21      0.58     -0.62     -0.28      0.73    
  -0.072     0.63      0.77     -0.45     -0.71      0.54      0.89     -0.31      0.34    
   0.13     -0.48     -0.87      0.88      0.46     -0.12      0.46     -0.75      0.48    
  -0.19      0.021     0.98      0.83     -0.53      0.17      0.52      0.85      0.081   
   0.0073    0.13      0.99      0.85     -0.52      0.061     0.53      0.84     -0.11    
  -0.011    -0.65      0.76      0.59     -0.62     -0.52      0.81      0.44      0.39    
  -0.11     -0.62     -0.78      0.83     -0.49      0.27     -0.55     -0.61      0.57    
   0.2       0.017     0.98      0.77      0.62     -0.17     -0.61      0.79      0.11    
   0.0068   -0.98      0.19      0.79      0.12      0.6      -0.62      0.15      0.77    
  -0.0035   -0.73      0.68     -0.0006   -0.68     -0.73      1        -0.0029    0.0019  
  -0.039    -0.36      0.93     -0.019    -0.93     -0.36      1        -0.032     0.029   

XANCHOR
   0.0095   -2.5       0.081   
   0.24     -2.4       0.078   
   0.24     -2.4       0.12    
   0.081    -2.3       0.046   
   0.26     -2.3       0.078   
   0.24     -2.6       0.084   
   0.24     -2.6       0.13    
   0.094    -2.7       0.045   
   0.27     -2.7       0.075   
  -0.22     -2.4       0.078   
  -0.22     -2.4       0.12    
  -0.059    -2.3       0.046   
  -0.24     -2.3       0.078   
  -0.22     -2.6       0.084   
  -0.22     -2.6       0.13    
  -0.078    -2.7       0.045   
  -0.26     -2.7       0.075   
  -25        81       -0.013   

XAXIS
   0         0         1       
  -1         0.0086   -1.7e-05 
  -0.0073   -0.85     -0.53    
  -0.0073   -0.85     -0.53    
  -0.0073   -0.85     -0.53    
  -1         0.0086   -1.7e-05 
  -0.0068   -0.79      0.62    
  -0.0068   -0.79      0.62    
  -0.0068   -0.79      0.62    
  -1         0.0086   -1.7e-05 
  -0.0073   -0.85     -0.53    
  -0.0073   -0.85     -0.53    
  -0.0073   -0.85     -0.53    
  -1         0.0086   -1.7e-05 
  -0.0068   -0.79      0.62    
  -0.0068   -0.79      0.62    
  -0.0068   -0.79      0.62    
   0         0         1       

GEOM_XPOS
   0         0         0       
   0.0094   -2.5       0.086   
   0.0097   -2.5       0.08    
   0.0093   -2.5       0.083   
   0.0095   -2.5       0.081   
   0.24     -2.4       0.092   
   0.24     -2.4       0.11    
   0.14     -2.3       0.084   
   0.16     -2.3       0.089   
   0.081    -2.3       0.055   
   0.2      -2.3       0.051   
   0.17     -2.3       0.043   
   0.26     -2.3       0.055   
   0.26     -2.3       0.079   
   0.26     -2.3       0.078   
   0.23     -2.6       0.1     
   0.24     -2.6       0.12    
   0.15     -2.7       0.091   
   0.17     -2.7       0.096   
   0.094    -2.7       0.056   
   0.21     -2.7       0.047   
   0.18     -2.7       0.038   
   0.27     -2.7       0.048   
   0.27     -2.7       0.075   
   0.27     -2.7       0.075   
  -0.21     -2.4       0.092   
  -0.22     -2.4       0.11    
  -0.12     -2.3       0.084   
  -0.14     -2.3       0.089   
  -0.059    -2.3       0.055   
  -0.17     -2.3       0.049   
  -0.15     -2.3       0.041   
  -0.24     -2.3       0.05    
  -0.24     -2.3       0.079   
  -0.24     -2.3       0.078   
  -0.22     -2.6       0.1     
  -0.22     -2.6       0.12    
  -0.13     -2.7       0.091   
  -0.15     -2.7       0.096   
  -0.078    -2.7       0.056   
  -0.19     -2.7       0.047   
  -0.17     -2.7       0.038   
  -0.26     -2.7       0.048   
  -0.26     -2.7       0.075   
  -0.26     -2.7       0.075   
  -0.17      16        1.3     
   35        56        2       
   35        55        2       
   35        56        2.1     
   35        56        2       
   35        56        2       
   35        56        1.8     
   35        56        1.8     
   35        55        1.8     
   35        55        1.8     
   35        55        1.8     
   35        56        1.8     
   35        56        1.8     
   35        56        1.8     
   35        56        1.8     
   35        56        1.7     
   25        56        1.4     
   25        56        2       
   25        55        2       
   25        56        2.1     
   26        56        2       
   25        56        2       
   25        56        1.8     
   25        56        1.8     
   25        55        1.8     
   26        55        1.8     
   25        55        1.8     
   26        56        1.8     
   25        56        1.8     
   26        56        1.8     
   25        56        1.8     
   25        56        1.7     
   26        38        1.9     
   26        39        2.5     
   26        38        2.5     
   26        38        2.6     
   26        38        2.5     
   25        38        2.5     
   25        39        2.3     
   25        38        2.3     
   25        38        2.3     
   26        38        2.3     
   26        38        2.3     
   26        39        2.3     
   26        39        2.3     
   26        38        2.3     
   26        38        2.3     
   26        38        2.2     
   35        38        1.9     
   35        39        2.5     
   35        38        2.5     
   35        38        2.6     
   35        38        2.5     
   35        38        2.5     
   35        39        2.3     
   35        38        2.3     
   35        38        2.3     
   35        38        2.3     
   35        38        2.3     
   35        39        2.3     
   35        39        2.3     
   35        38        2.3     
   35        38        2.3     
   35        38        2.2     
   26        46        2.5     
   26        46        3.1     
   26        46        3.1     
   26        46        3.3     
   26        46        3.1     
   25        46        3.1     
   25        46        3       
   25        46        3       
   25        46        3       
   26        46        3       
   26        46        3       
   26        46        3       
   26        46        3       
   26        46        3       
   26        46        3       
   26        46        2.8     
   35        46        2.5     
   35        46        3.1     
   35        46        3.1     
   35        46        3.3     
   35        46        3.1     
   35        46        3.1     
   35        46        3       
   35        46        3       
   35        46        3       
   35        46        3       
   35        46        3       
   35        46        3       
   35        46        3       
   35        46        3       
   35        46        3       
   35        46        2.8     
   35        42        2.8     
   35        42        3       
   35        42        3       
   35        42        3       
   35        42        3       
   35        42        3       
   35        42        3       
   35        42        3       
   35        42        3       
   35        42        3       
   35        42        3.1     
   35        42        3.1     
   35        42        3.3     
   35        42        3.1     
   35        42        3.1     
   35        42        2.5     
   26        42        2.8     
   26        42        3       
   26        42        3       
   26        42        3       
   26        42        3       
   26        42        3       
   26        42        3       
   25        42        3       
   25        42        3       
   25        42        3       
   25        42        3.1     
   26        42        3.1     
   26        42        3.3     
   26        42        3.1     
   26        42        3.1     
   26        42        2.5     
   35        50        2.8     
   35        50        3       
   35        50        3       
   35        50        3       
   35        50        3       
   35        50        3       
   35        50        3       
   35        50        3       
   35        50        3       
   35        50        3       
   35        50        3.1     
   35        50        3.1     
   35        50        3.3     
   35        50        3.1     
   35        50        3.1     
   35        50        2.5     
   26        50        2.8     
   26        50        3       
   26        50        3       
   26        50        3       
   26        50        3       
   26        50        3       
   26        50        3       
   25        50        3       
   25        50        3       
   25        50        3       
   25        50        3.1     
   26        50        3.1     
   26        50        3.3     
   26        50        3.1     
   26        50        3.1     
   26        50        2.5     
   35        48        2.5     
   35        48        3.1     
   35        48        3.1     
   35        48        3.3     
   35        48        3.1     
   35        48        3.1     
   35        48        3       
   35        48        3       
   35        48        3       
   35        48        3       
   35        48        3       
   35        48        3       
   35        48        3       
   35        48        3       
   35        48        3       
   35        48        2.8     
   26        48        2.5     
   26        48        3.1     
   26        48        3.1     
   26        48        3.3     
   26        48        3.1     
   25        48        3.1     
   25        48        3       
   25        48        3       
   25        48        3       
   26        48        3       
   26        48        3       
   26        48        3       
   26        48        3       
   26        48        3       
   26        48        3       
   26        48        2.8     
   35        44        2.5     
   35        44        3.1     
   35        44        3.1     
   35        44        3.3     
   35        44        3.1     
   35        44        3.1     
   35        44        3       
   35        44        3       
   35        44        3       
   35        44        3       
   35        44        3       
   35        44        3       
   35        44        3       
   35        44        3       
   35        44        3       
   35        44        2.8     
   26        44        2.5     
   26        44        3.1     
   26        44        3.1     
   26        44        3.3     
   26        44        3.1     
   25        44        3.1     
   25        44        3       
   25        44        3       
   25        44        3       
   26        44        3       
   26        44        3       
   26        44        3       
   26        44        3       
   26        44        3       
   26        44        3       
   26        44        2.8     
  -19        76        1.4     
  -18        75        0.8     
  -20        77        2.1     
  -23        42        1.3     
   51        42        1.3     
   27        5.4       1.3     
  -18        80        1.3     
   21        80        1.3     
  -13        80        2.1     
  -13        80        2.1     
  -13        79        2.1     
  -13        79        2.1     
  -13        79        2.1     
  -13        79        2.1     
  -13        79        2.1     
  -13        80        2.1     
  -13        80        2.1     
  -13        80        2.1     
  -13        80        2.1     
  -13        80        2.1     
  -12        80        2.3     
  -12        80        2.3     
  -12        79        2.3     
  -12        79        2.3     
  -12        80        2.3     
  -12        80        2.3     
  -12        80        2.5     
  -12        80        2.5     
  -12        80        2.4     
  -12        80        2.4     
  -12        79        2.4     
  -12        80        2.4     
  -12        80        2.3     
  -12        80        2.3     
  -12        80        2.3     
  -12        79        2.3     
  -12        79        2.3     
  -12        79        2.3     
  -12        80        2.3     
  -12        80        2.3     
  -13        80        2.2     
  -13        80        2.2     
  -13        80        2.2     
  -13        80        2.2     
  -13        79        2.2     
  -13        79        2.2     
  -13        79        2.2     
  -13        79        2.2     
  -13        80        2.2     
  -13        80        2.2     
  -10        80        2.1     
  -10        80        2.1     
  -10        79        2.1     
  -10        79        2.1     
  -10        79        2.1     
  -10        79        2.1     
  -10        79        2.1     
  -10        80        2.1     
  -10        80        2.1     
  -10        80        2.1     
  -10        80        2.1     
  -10        80        2.1     
  -11        80        2.3     
  -11        80        2.3     
  -11        79        2.3     
  -11        79        2.3     
  -11        80        2.3     
  -11        80        2.3     
  -11        80        2.5     
  -11        80        2.5     
  -11        80        2.4     
  -11        80        2.4     
  -11        79        2.4     
  -11        80        2.4     
  -11        80        2.3     
  -11        80        2.3     
  -11        80        2.3     
  -11        79        2.3     
  -11        79        2.3     
  -11        79        2.3     
  -11        80        2.3     
  -11        80        2.3     
  -11        80        2.2     
  -11        80        2.2     
  -11        80        2.2     
  -11        80        2.2     
  -11        79        2.2     
  -11        79        2.2     
  -11        79        2.2     
  -11        79        2.2     
  -11        80        2.2     
  -11        80        2.2     
  -11        80        1.3     
  -12        80        1.3     
  -13        80        1.3     
  -10        80        1.3     
  -13        79        1.3     
  -10        79        1.3     
  -17        46        4       
  -17        44        4       
  -17        45        4.5     
  -16        45        4       
  -17        45        4       
  -17        46        3.5     
  -17        45        3.5     
  -17        44        3.5     
  -16        44        3.5     
  -17        44        3.5     
  -16        46        3.5     
  -17        46        3.5     
  -16        45        3.5     
  -17        45        3.5     
  -2.7       48        1.4     
  -2.7       45        1.4     
  -2.7       46        1.5     
  -2.7       46        1.9     
  -2.7       46        1.2     
  -2.7       42        1.4     
  -2.7       43        1.5     
  -2.7       43        1.9     
  -2.7       43        1.2     
  -10        46        1.2     
  -10        44        1.2     
  -11        45        1.2     
  -10        47        2.1     
  -10        45        1.2     
  -6.8       46        1.2     
  -6.7       46        1.2     
  -6.7       45        1.2     
  -5.8       45        1.2     
  -7.6       45        1.2     
  -6.7       45        1.2     
  -9.9       42        3.6     
  -9.9       43        3.6     
  -9.9       43        3.6     
  -9.9       44        3.6     
  -9.9       47        3.6     
  -9.9       47        3.6     
  -9.9       46        3.6     
  -9.9       46        3.6     
  -9.9       44        3.6     
  -9.9       45        3.6     
  -9.9       42        3.4     
  -9.9       42        3.4     
  -9.9       43        3.4     
  -9.9       43        3.4     
  -9.9       44        3.4     
  -9.9       48        3.4     
  -9.9       47        3.4     
  -9.9       47        3.4     
  -9.9       46        3.4     
  -9.9       46        3.4     
  -9.9       44        3.4     
  -9.9       45        3.4     
  -9.2       43        4       
  -9.2       44        4       
  -9.2       46        4       
  -9.2       46        4       
  -9.2       44        4       
  -9.2       45        4       
  -8.8       45        4.2     
  -8.8       46        4.2     
  -8.8       44        4.2     
  -8.8       44        4.2     
  -9.6       45        3.8     
  -9.6       44        3.8     
  -9.6       46        3.8     
  -9.6       46        3.8     
  -9.6       47        3.8     
  -9.6       44        3.8     
  -9.6       43        3.8     
  -9.6       43        3.8     
  -8.8       45        4.4     
  -8.8       44        4.4     
  -6.3       42        3.6     
  -6.3       43        3.6     
  -6.3       43        3.6     
  -6.3       44        3.6     
  -6.3       47        3.6     
  -6.3       47        3.6     
  -6.3       46        3.6     
  -6.3       46        3.6     
  -6.3       44        3.6     
  -6.3       45        3.6     
  -6.3       42        3.4     
  -6.3       42        3.4     
  -6.3       43        3.4     
  -6.3       43        3.4     
  -6.3       44        3.4     
  -6.3       48        3.4     
  -6.3       47        3.4     
  -6.3       47        3.4     
  -6.3       46        3.4     
  -6.3       46        3.4     
  -6.3       44        3.4     
  -6.3       45        3.4     
  -7         43        4       
  -7         44        4       
  -7         46        4       
  -7         46        4       
  -7         44        4       
  -7         45        4       
  -7.4       45        4.2     
  -7.4       46        4.2     
  -7.4       44        4.2     
  -7.4       44        4.2     
  -6.7       45        3.8     
  -6.7       44        3.8     
  -6.7       46        3.8     
  -6.7       46        3.8     
  -6.7       47        3.8     
  -6.7       44        3.8     
  -6.7       43        3.8     
  -6.7       43        3.8     
  -7.4       45        4.4     
  -7.4       44        4.4     
  -7.1       43        1.5     
  -8.8       43        2.6     
  -5.4       43        2.6     
  -7.1       43        3       
  -11        43        1.5     
  -11        43        2.6     
  -10        43        2.9     
  -11        45        2.2     
  -8.1       47        2.2     
  -5         46        1.5     
  -5         46        3       
  -5         44        2.2     
  -2.7       49        1.5     
  -2.7       49        1.9     
  -2.7       49        1.2     
  -12        49        1.5     
  -12        49        1.9     
  -12        49        1.2     
  -7.1       49        1.5     
  -7.1       49        1.9     
  -7.1       49        1.2     
  -21        49        1.5     
  -21        49        1.9     
  -21        49        1.2     
  -16        49        1.5     
  -16        49        1.9     
  -16        49        1.2     
  -4.9       49        1.4     
  -9.5       49        1.4     
  -14        49        1.4     
  -19        49        1.4     
  -12        45        0.81    
  -21        48        1.4     
  -21        45        1.4     
  -21        46        1.5     
  -21        46        1.9     
  -21        46        1.2     
  -21        42        1.4     
  -21        43        1.5     
  -21        43        1.9     
  -21        43        1.2     
  -20        41        1.4     
  -21        41        1.5     
  -21        41        1.9     
  -21        41        1.2     
  -19        41        1.5     
  -19        41        1.9     
  -19        41        1.2     
  -7.1       41        1.2     
  -9.6       41        1.4     
  -7.1       41        1.9     
  -7.1       41        1.5     
  -12        41        1.2     
  -12        41        1.9     
  -12        41        1.5     
  -4.9       41        1.4     
  -2.7       41        1.2     
  -2.7       41        1.9     
  -2.7       41        1.5     
  -19        50        0.68    
  -20        50        0.68    
  -19        51        0.68    
  -19        49        0.68    
  -3.2       49        0.68    
  -3.2       51        0.68    
  -3.6       50        0.68    
  -2.7       50        0.68    
  -12        49        0.68    
  -12        51        0.68    
  -12        50        0.68    
  -11        50        0.68    
  -2         43        0.68    
  -2         41        0.68    
  -2.5       42        0.68    
  -1.5       42        0.68    
  -2         47        0.68    
  -2         49        0.68    
  -2.5       48        0.68    
  -1.5       48        0.68    
  -15        45        1.4     
  -18        45        1.4     
  -17        44        1.4     
  -17        46        1.4     
  -17        45        1.2     
  -17        45        2.3     
  -9.5       73        0.68    
  -8.6       73        0.68    
  -9.1       74        0.68    
  -9.1       72        0.68    
  -9.6       66        0.68    
  -8.7       66        0.68    
  -9.1       66        0.68    
  -9.1       67        0.68    
   0.13      75        0.68    
   1         75        0.68    
   0.59      76        0.68    
   0.59      74        0.68    
  -8.4       75        0.68    
  -7.5       75        0.68    
  -7.9       76        0.68    
  -7.9       74        0.68    
   8         74        0.68    
   8         76        0.68    
   8.4       75        0.68    
   7.5       75        0.68    
   11        73        0.68    
   11        73        0.68    
   11        74        0.68    
   11        72        0.68    
   12        66        0.68    
   11        66        0.68    
   11        66        0.68    
   11        67        0.68    
   0.96      70        0.81    
   5.5       70        4       
   5.5       69        4       
   5.5       70        4.5     
   5.1       70        4       
   5.8       70        4       
   6.2       70        3.5     
   6.2       70        3.5     
   6.2       69        3.5     
   4.7       69        3.5     
   5.5       69        3.5     
   4.7       70        3.5     
   5.5       70        3.5     
   4.7       70        3.5     
   5.5       70        3.5     
   5.5       70        2.3     
   5.5       70        1.3     
  -8.4       72        1.4     
  -8.4       70        1.4     
  -8.4       71        1.5     
  -8.4       71        1.9     
  -8.4       71        1.2     
  -8.4       67        1.4     
  -8.4       68        1.5     
  -8.4       68        1.9     
  -8.4       68        1.2     
  -4.3       67        1.3     
  -1.1       71        1.2     
  -1.1       69        1.2     
  -0.37      70        1.2     
  -0.76      71        2.1     
  -1.1       70        1.2     
  -4.3       71        1.2     
  -4.3       67        1.3     
  -4.4       71        1.2     
  -4.4       70        1.2     
  -5.3       70        1.2     
  -3.5       70        1.2     
  -4.4       70        1.2     
  -1.2       67        3.6     
  -1.2       68        3.6     
  -1.2       68        3.6     
  -1.2       69        3.6     
  -1.2       72        3.6     
  -1.2       72        3.6     
  -1.2       71        3.6     
  -1.2       71        3.6     
  -1.2       69        3.6     
  -1.2       70        3.6     
  -1.2       67        3.4     
  -1.2       67        3.4     
  -1.2       68        3.4     
  -1.2       68        3.4     
  -1.2       69        3.4     
  -1.2       72        3.4     
  -1.2       72        3.4     
  -1.2       72        3.4     
  -1.2       71        3.4     
  -1.2       71        3.4     
  -1.2       69        3.4     
  -1.2       70        3.4     
  -1.9       68        4       
  -1.9       69        4       
  -1.9       71        4       
  -1.9       71        4       
  -1.9       69        4       
  -1.9       70        4       
  -2.3       70        4.2     
  -2.3       71        4.2     
  -2.3       69        4.2     
  -2.3       69        4.2     
  -1.6       70        3.8     
  -1.6       69        3.8     
  -1.6       71        3.8     
  -1.6       71        3.8     
  -1.6       72        3.8     
  -1.6       69        3.8     
  -1.6       68        3.8     
  -1.6       68        3.8     
  -2.3       70        4.4     
  -2.3       69        4.4     
  -4.8       67        3.6     
  -4.8       68        3.6     
  -4.8       68        3.6     
  -4.8       69        3.6     
  -4.8       72        3.6     
  -4.8       72        3.6     
  -4.8       71        3.6     
  -4.8       71        3.6     
  -4.8       69        3.6     
  -4.8       70        3.6     
  -4.8       67        3.4     
  -4.8       67        3.4     
  -4.8       68        3.4     
  -4.8       68        3.4     
  -4.8       69        3.4     
  -4.8       72        3.4     
  -4.8       72        3.4     
  -4.8       72        3.4     
  -4.8       71        3.4     
  -4.8       71        3.4     
  -4.8       69        3.4     
  -4.8       70        3.4     
  -4.1       68        4       
  -4.1       69        4       
  -4.1       71        4       
  -4.1       71        4       
  -4.1       69        4       
  -4.1       70        4       
  -3.7       70        4.2     
  -3.7       71        4.2     
  -3.7       69        4.2     
  -3.7       69        4.2     
  -4.4       70        3.8     
  -4.4       69        3.8     
  -4.4       71        3.8     
  -4.4       71        3.8     
  -4.4       72        3.8     
  -4.4       69        3.8     
  -4.4       68        3.8     
  -4.4       68        3.8     
  -3.7       70        4.4     
  -3.7       69        4.4     
  -4         68        1.5     
  -2.3       68        2.6     
  -5.7       68        2.6     
  -4         68        3       
   0.057     68        1.5     
   0.057     68        2.6     
  -0.94      68        2.9     
   0.17      70        2.2     
  -3         72        2.2     
  -6.1       71        1.5     
  -6.1       71        3       
  -6.1       69        2.2     
  -8.4       74        1.5     
  -8.4       74        1.9     
  -8.4       74        1.2     
   0.92      74        1.5     
   0.92      74        1.9     
   0.92      74        1.2     
  -4         74        1.5     
  -4         74        1.9     
  -4         74        1.2     
   10        74        1.5     
   10        74        1.9     
   10        74        1.2     
   5.3       74        1.5     
   5.3       74        1.9     
   5.3       74        1.2     
  -6.2       74        1.4     
  -1.6       74        1.4     
   3.1       74        1.4     
   7.8       74        1.4     
   10        72        1.4     
   10        70        1.4     
   10        71        1.5     
   10        71        1.9     
   10        71        1.2     
   10        67        1.4     
   10        68        1.5     
   10        68        1.9     
   10        68        1.2     
   8.9       66        1.4     
   10        66        1.5     
   10        66        1.9     
   10        66        1.2     
   7.5       66        1.5     
   7.5       66        1.9     
   7.5       66        1.2     
  -4         66        1.2     
  -1.5       66        1.4     
  -4         66        1.9     
  -4         66        1.5     
   0.96      66        1.2     
   0.96      66        1.9     
   0.96      66        1.5     
  -8.4       66        1.2     
  -8.4       66        1.9     
  -8.4       66        1.5     
   5.5       71        1.5     
   5.5       69        1.5     
   7.1       70        1.5     
   3.8       70        1.5     
   0.089     56        0.68    
   1         56        0.68    
   0.54      55        0.68    
   0.55      57        0.68    
  -8.4       56        0.68    
  -7.5       56        0.68    
  -8         55        0.68    
  -8         57        0.68    
   8         57        0.68    
   7.9       55        0.68    
   8.4       56        0.68    
   7.5       56        0.68    
  -1.5       63        0.72    
   8.9       63        0.72    
  -17        63        1.8     
  -17        63        3.5     
  -16        63        3.5     
  -17        64        3.5     
  -16        64        3.5     
  -17        62        3.5     
  -16        62        3.5     
  -18        62        3.5     
  -18        63        3.5     
  -18        64        3.5     
  -18        63        4.1     
  -17        63        4.1     
  -17        63        4.8     
  -17        62        4.1     
  -17        64        4.1     
  -17        63        0.48    
  -17        65        0.53    
  -17        61        0.53    
  -20        63        0.53    
  -15        63        0.53    
   4.7       49        0.48    
   4.7       49        1.8     
   4.7       49        3.5     
   5.6       49        3.5     
   4.7       50        3.5     
   5.6       50        3.5     
   4.7       48        3.5     
   5.6       48        3.5     
   3.7       48        3.5     
   3.7       49        3.5     
   3.7       50        3.5     
   4.2       49        4.1     
   5.1       49        4.1     
   4.7       49        4.8     
   4.7       48        4.1     
   4.7       50        4.1     
   4.7       50        0.63    
   4.7       47        0.63    
   2.4       49        0.63    
   6.9       49        0.63    
   36        69        4       
   37        70        4.1     
   33        71        5.1     
   32        71        4.6     
   30        71        5.2     
   30        71        4.2     
   29        71        4.6     
   29        72        5       
   35        72        4.6     
   35        71        5.2     
   27        71        5.2     
   31        73        5.2     
   37        73        4.1     
   37        71        4.1     
   37        68        4.1     
   34        68        4.1     
   33        73        4.1     
   31        68        4.1     
   29        73        4.1     
   29        68        4.1     
   26        73        4.1     
   26        71        4.1     
   26        68        4.1     
   37        73        4       
   37        71        4       
   37        68        4       
   34        68        4       
   33        73        4       
   31        68        4       
   29        73        4       
   29        68        4       
   26        73        4       
   26        71        4       
   26        68        4       
   36        68        2.5     
   37        73        2.7     
   37        70        2.7     
   37        66        2.7     
   33        73        2.7     
   29        73        2.7     
   28        66        2.7     
   26        73        2.7     
   24        68        2.7     
   24        66        2.7     
   23        73        2.7     
   23        71        2.7     
   23        68        2.7     
   37        73        2.7     
   37        70        2.7     
   37        66        2.7     
   33        73        2.7     
   29        73        2.7     
   28        66        2.7     
   26        73        2.7     
   24        68        2.7     
   24        66        2.7     
   23        73        2.7     
   23        71        2.7     
   23        68        2.7     
   37        66        1.9     
   35        66        1.9     
   34        66        1.4     
   34        69        2.2     
   33        69        1.8     
   32        69        2.2     
   30        69        1.8     
   29        72        2.2     
   24        68        2.3     
   24        68        1.4     
   24        68        1.8     
   32        72        2.6     
   26        71        3.2     
   26        70        3.2     
   26        69        3.2     
   26        70        2.7     
   26        71        3.4     
   26        72        3       
   26        72        2.6     
   26        73        3       
   26        71        3.7     
   37        71        3.1     
   37        69        3.1     
   26        69        3.1     
   23        73        2.8     
   23        73        3.1     
   35        70        2.6     
   37        67        2.5     
   36        67        2.5     
   37        67        2.5     
   37        68        2.6     
   31        66        2.8     
   31        66        3.1     
   27        67        2.7     
   26        67        2.7     
   25        67        2.7     
   26        67        2.5     
   25        67        1.8     
   23        71        1.8     
   24        71        2.4     
   33        68        1.8     
   37        70        1.8     
   34        66        2.3     
   25        66        1.8     
   23        68        1.8     
   36        71        1.8     
   34        71        1.5     
   32        71        4.4     
   36        70        2.6     
   35        70        2.6     
   35        69        2.6     
   34        70        2.6     
   35        70        2.8     
   26        66        2.7     
   32        72        4.1     
   32        72        4       
   32        73        4.3     
   34        73        4.3     
   35        72        4.1     
   35        71        4.1     
   34        72        4       
   37        70        4.5     
   37        69        4.5     
   36        70        4.5     
   36        69        4.5     
   36        69        4.9     
   37        70        4       
   36        69        4       
   36        69        4       
   37        69        4       
   36        69        4.1     
   31        66        2.5     
   37        67        2.5     
   37        67        2.6     
   37        67        2.5     
   36        68        2.5     
   36        68        2.5     
   36        68        2.6     
   37        68        2.5     
   23        73        2.5     
   29        69        2.8     
   27        69        2.8     
   37        70        1.7     
   36        69        1.7     
   32        70        1.2     
   31        71        1.2     
   30        70        1.2     
   31        70        1.3     
   24        73        1.7     
   23        70        1.4     
   23        71        1.3     
   23        69        1.3     
   23        70        1.2     
   30        69        1.7     
   32        67        1.3     
   32        66        1.2     
   33        67        1.2     
   33        67        1.4     
   36        68        1.3     
   36        69        1.7     
   37        72        4       
   37        70        4       
   36        68        4       
   35        73        4       
   33        68        4       
   30        68        4       
   27        73        4       
   27        68        4       
   26        72        4       
   26        70        4       
   31        73        4       
   34        68        4.2     
   31        68        4.2     
   29        68        4.2     
   29        73        4.2     
   33        73        4.2     
   37        73        4.2     
   37        71        4.2     
   37        68        4.2     
   26        68        4.2     
   26        71        4.2     
   26        73        4.2     
   31        73        2.6     
   28        73        2.6     
   24        73        2.6     
   26        73        2.6     
   29        73        2.6     
   33        73        2.6     
   37        72        2.6     
   37        68        2.6     
   37        70        2.6     
   26        66        2.6     
   28        66        2.6     
   24        67        2.6     
   24        68        2.6     
   23        72        2.6     
   23        71        2.6     
   35        73        2.6     
   37        73        2.6     
   37        66        2.6     
   24        68        2.6     
   24        66        2.6     
   23        68        2.6     
   23        73        2.6     
   28        73        4.6     
   34        71        4.6     
   33        70        4.6     
   31        70        4.6     
   29        70        4.6     
   27        71        4.6     
   35        73        4.6     
   35        70        4.6     
   27        73        4.6     
   27        70        4.6     
   31        70        5.2     
   35        67        3.1     
   37        66        3.1     
   35        66        3.1     
   37        67        3.1     
   37        68        3.1     
   37        67        3.1     
   34        67        3.1     
   35        67        3.1     
   34        68        3.1     
   35        69        2.7     
   34        69        3.1     
   30        69        3.1     
   28        69        3.1     
   32        69        3.1     
   26        70        3.5     
   37        73        1.8     
   37        66        1.8     
   29        69        1.8     
   33        66        1.8     
   25        66        1.8     
   36        69        1.8     
   33        72        5.5     
   33        71        5.5     
   33        72        5.5     
   33        72        5.5     
   33        73        5.5     
   33        73        5.5     
   33        71        5.5     
   33        70        5.5     
   33        70        5.5     
   33        70        5.5     
   32        72        5.8     
   32        71        5.8     
   32        72        5.8     
   32        72        5.8     
   32        71        5.8     
   32        70        5.8     
   32        71        6.1     
   32        72        6.1     
   32        71        5.9     
   32        71        5.9     
   32        72        5.9     
   32        72        5.9     
   32        70        5.6     
   32        70        5.6     
   32        71        5.6     
   32        73        5.6     
   32        72        5.6     
   32        72        5.6     
   32        71        5.6     
   32        72        5.6     
   33        70        5.3     
   33        70        5.3     
   33        70        5.3     
   33        70        5.3     
   33        71        5.3     
   33        73        5.3     
   33        73        5.3     
   33        73        5.3     
   33        72        5.3     
   33        72        5.3     
   33        71        5.3     
   33        72        5.3     
   29        72        5.5     
   29        71        5.5     
   29        72        5.5     
   29        72        5.5     
   29        73        5.5     
   29        73        5.5     
   29        71        5.5     
   29        70        5.5     
   29        70        5.5     
   29        70        5.5     
   30        72        5.8     
   30        71        5.8     
   30        72        5.8     
   30        72        5.8     
   30        71        5.8     
   30        70        5.8     
   30        71        6.1     
   30        72        6.1     
   30        71        5.9     
   30        71        5.9     
   30        72        5.9     
   30        72        5.9     
   29        70        5.6     
   29        70        5.6     
   29        71        5.6     
   29        73        5.6     
   29        72        5.6     
   29        72        5.6     
   29        71        5.6     
   29        72        5.6     
   29        70        5.3     
   29        70        5.3     
   29        70        5.3     
   29        70        5.3     
   29        71        5.3     
   29        73        5.3     
   29        73        5.3     
   29        73        5.3     
   29        72        5.3     
   29        72        5.3     
   29        71        5.3     
   29        72        5.3     
   24        49        1.4     
   23        49        1.4     
   24        48        1.4     
   24        50        1.4     
   24        68        1.4     
   24        66        1.4     
   23        67        1.4     
   24        67        1.4     
   33        74        1.4     
   35        74        1.4     
   34        74        1.4     
   34        74        1.4     
   28        74        1.4     
   26        74        1.4     
   27        74        1.4     
   27        74        1.4     
   27        77        1.4     
   27        76        1.4     
   26        76        1.4     
   28        76        1.4     
   34        77        1.4     
   34        76        1.4     
   35        76        1.4     
   33        76        1.4     
   35        68        3.8     
   35        68        3.8     
   35        68        3.8     
   35        68        3.8     
   35        68        3.8     
   35        68        3.8     
   35        68        3.8     
   35        68        3.8     
   35        67        3.8     
   35        67        3.8     
   35        67        3.8     
   35        67        3.8     
   35        68        4       
   35        68        4       
   35        68        4       
   35        68        4       
   35        68        4       
   35        68        4       
   35        67        4       
   35        67        4       
   35        68        4.1     
   35        68        4.1     
   35        68        4.1     
   35        68        4.1     
   35        68        4.2     
   35        68        4.2     
   35        67        4       
   35        68        4       
   35        68        4       
   35        68        4       
   35        68        4       
   35        68        4       
   35        67        3.9     
   35        67        3.9     
   35        67        3.9     
   35        68        3.9     
   35        68        3.9     
   35        68        3.9     
   35        68        3.9     
   35        68        3.9     
   35        68        3.9     
   35        68        3.9     
   36        68        3.8     
   36        68        3.8     
   36        68        3.8     
   36        68        3.8     
   36        68        3.8     
   36        68        3.8     
   36        68        3.8     
   36        68        3.8     
   36        67        3.8     
   36        67        3.8     
   36        67        3.8     
   36        67        3.8     
   36        68        4       
   36        68        4       
   36        68        4       
   36        68        4       
   36        68        4       
   36        68        4       
   36        67        4       
   36        67        4       
   36        68        4.1     
   36        68        4.1     
   36        68        4.1     
   36        68        4.1     
   36        68        4.2     
   36        68        4.2     
   36        67        4       
   36        68        4       
   36        68        4       
   36        68        4       
   36        68        4       
   36        68        4       
   36        67        3.9     
   36        67        3.9     
   36        67        3.9     
   36        68        3.9     
   36        68        3.9     
   36        68        3.9     
   36        68        3.9     
   36        68        3.9     
   36        68        3.9     
   36        68        3.9     
   35        66        3.8     
   35        67        3.8     
   35        66        3.8     
   35        66        3.8     
   35        66        3.8     
   35        66        3.8     
   35        66        3.8     
   35        67        3.8     
   35        67        3.8     
   35        67        3.8     
   35        67        3.8     
   35        67        3.8     
   35        66        4       
   35        67        4       
   35        66        4       
   35        66        4       
   35        66        4       
   35        67        4       
   35        67        4       
   35        67        4       
   35        66        4.1     
   35        66        4.1     
   35        67        4.1     
   35        67        4.1     
   35        66        4.2     
   35        67        4.2     
   35        67        4       
   35        67        4       
   35        66        4       
   35        66        4       
   35        67        4       
   35        66        4       
   35        67        3.9     
   35        67        3.9     
   35        67        3.9     
   35        67        3.9     
   35        66        3.9     
   35        66        3.9     
   35        66        3.9     
   35        66        3.9     
   35        67        3.9     
   35        66        3.9     
   36        66        3.8     
   36        67        3.8     
   36        66        3.8     
   36        66        3.8     
   36        66        3.8     
   36        66        3.8     
   36        66        3.8     
   36        67        3.8     
   36        67        3.8     
   36        67        3.8     
   36        67        3.8     
   36        67        3.8     
   36        66        4       
   36        67        4       
   36        66        4       
   36        66        4       
   36        66        4       
   36        67        4       
   36        67        4       
   36        67        4       
   36        66        4.1     
   36        66        4.1     
   36        67        4.1     
   36        67        4.1     
   36        66        4.2     
   36        67        4.2     
   36        67        4       
   36        67        4       
   36        66        4       
   36        66        4       
   36        67        4       
   36        66        4       
   36        67        3.9     
   36        67        3.9     
   36        67        3.9     
   36        67        3.9     
   36        66        3.9     
   36        66        3.9     
   36        66        3.9     
   36        66        3.9     
   36        67        3.9     
   36        66        3.9     
   30        63        0.81    
   19        74        0.48    
   19        74        1.8     
   19        74        3.5     
   20        74        3.5     
   19        75        3.5     
   20        75        3.5     
   19        73        3.5     
   20        73        3.5     
   18        73        3.5     
   18        74        3.5     
   18        75        3.5     
   18        74        4.1     
   19        74        4.1     
   19        74        4.8     
   19        73        4.1     
   19        75        4.1     
   19        75        0.63    
   19        72        0.63    
   17        74        0.63    
   21        74        0.63    
   46        74        1.8     
   46        74        3.5     
   47        74        3.5     
   46        75        3.5     
   47        75        3.5     
   46        73        3.5     
   47        73        3.5     
   45        73        3.5     
   45        74        3.5     
   45        75        3.5     
   45        74        4.1     
   46        74        4.1     
   46        74        4.8     
   46        73        4.1     
   46        75        4.1     
   46        74        0.48    
   46        75        0.53    
   46        72        0.53    
   44        74        0.53    
   48        74        0.53    
   46        57        1.8     
   46        57        3.5     
   47        57        3.5     
   46        58        3.5     
   47        58        3.5     
   46        56        3.5     
   47        56        3.5     
   45        56        3.5     
   45        57        3.5     
   45        58        3.5     
   45        57        4.1     
   46        57        4.1     
   46        57        4.8     
   46        56        4.1     
   46        58        4.1     
   48        57        0.68    
   44        57        0.68    
   46        56        0.68    
   46        59        0.68    
   46        57        0.48    
   41        23        2.4     
   39        23        2.6     
   41        23        3.1     
   41        23        2.7     
   29        21        3.9     
   29        20        3.9     
   30        20        3.9     
   29        19        3.9     
   31        15        4.2     
   30        15        4.2     
   30        17        4.2     
   31        17        4.2     
   31        15        3.8     
   31        16        3.8     
   31        16        3.9     
   31        16        3.8     
   30        16        3.8     
   31        16        3.9     
   31        16        3.8     
   30        16        4.7     
   29        15        3.8     
   29        15        4.1     
   29        15        4.4     
   29        22        3.8     
   29        22        4.1     
   29        22        4.4     
   31        20        3.8     
   31        20        3.9     
   29        20        3.8     
   29        19        3.9     
   29        19        3.8     
   29        19        4       
   36        20        3.8     
   36        19        3.8     
   36        19        3.9     
   36        19        4       
   36        22        3.8     
   36        22        3.9     
   36        22        4       
   34        22        3.8     
   32        22        3.8     
   32        22        3.9     
   32        22        4       
   29        22        3.8     
   29        22        3.9     
   29        22        4       
   31        22        3.8     
   29        16        1.8     
   30        16        1.8     
   31        17        1.9     
   35        21        1.8     
   41        21        1.9     
   41        23        1.7     
   41        23        2       
   41        23        2.4     
   41        18        1.7     
   41        18        2.4     
   41        18        2       
   41        16        1.9     
   25        21        1.1     
   25        21        2.9     
   25        21        2.9     
   25        21        2.2     
   25        21        2.9     
   25        21        2.9     
   25        21        2.9     
   26        21        2.9     
   26        21        2.9     
   26        21        2.9     
   25        21        3.2     
   25        21        3.2     
   25        21        3.2     
   25        21        3.2     
   25        21        3.5     
   27        23        1.7     
   27        23        2       
   27        23        2.4     
   27        21        2       
   27        19        2.4     
   27        19        2       
   27        19        1.7     
   23        21        2       
   27        16        2.4     
   27        16        1.7     
   27        16        2       
   23        19        1.7     
   23        19        2       
   23        19        2.4     
   27        23        2.7     
   27        23        3.1     
   27        23        2.4     
   37        23        2.7     
   32        23        2.7     
   27        26        2.7     
   23        23        2       
   37        23        3.1     
   32        23        3.1     
   27        26        3.1     
   23        23        2.4     
   26        26        2.6     
   26        23        2.6     
   37        23        2.4     
   30        23        2.6     
   27        26        2.4     
   32        23        2.4     
   23        23        1.7     
   25        23        1.9     
   25        26        1.9     
   26        21        1.8     
   24        21        1.8     
   25        20        1.8     
   25        22        1.8     
   40        29        2.9     
   40        29        2.5     
   29        29        2.9     
   29        29        2.5     
   35        23        2.6     
   34        27        2       
   25        29        1.7     
   26        29        1.9     
   26        29        2       
   26        29        2.1     
   32        34        1.1     
   24        44        1.9     
   23        44        1.9     
   24        43        1.9     
   24        45        1.9     
   37        44        1.9     
   38        44        1.9     
   37        43        1.9     
   37        45        1.9     
   41        44        1.9     
   42        44        1.9     
   41        43        1.9     
   41        45        1.9     
   41        33        1.9     
   41        31        1.9     
   42        32        1.9     
   41        32        1.9     
   28        33        1.9     
   28        31        1.9     
   28        32        1.9     
   29        32        1.9     
   24        32        1.9     
   23        32        1.9     
   24        31        1.9     
   24        33        1.9     
   40        26        2.6     
   40        24        2.6     
   41        25        2.6     
   40        25        2.6     
   25        31        1.9     
   27        31        1.9     
   26        31        1.9     
   26        31        1.9     
  -15        13        0.48    
  -15        13        1.8     
  -15        13        3.5     
  -14        13        3.5     
  -15        14        3.5     
  -14        14        3.5     
  -15        12        3.5     
  -14        12        3.5     
  -16        12        3.5     
  -16        13        3.5     
  -16        14        3.5     
  -16        13        4.1     
  -15        13        4.1     
  -15        13        4.8     
  -15        12        4.1     
  -15        14        4.1     
  -13        13        0.68    
  -18        13        0.68    
  -15        11        0.68    
  -15        14        0.68    
   15        19        0.48    
   15        19        1.8     
   15        19        3.5     
   16        19        3.5     
   15        20        3.5     
   16        20        3.5     
   15        18        3.5     
   16        18        3.5     
   14        18        3.5     
   14        19        3.5     
   14        20        3.5     
   15        19        4.1     
   16        19        4.1     
   15        19        4.8     
   15        18        4.1     
   15        20        4.1     
   15        21        0.63    
   15        17        0.63    
   13        19        0.63    
   17        19        0.63    
  -4.2       16        2.1     
  -4.2       16        2.1     
  -4.2       16        2.1     
  -4.2       17        2.1     
  -4.2       17        2.1     
  -4.2       17        2.1     
  -4.2       17        2.1     
  -4.2       16        2.1     
  -4.2       16        2.1     
  -4.2       16        2.1     
  -4.2       16        2.1     
  -4.2       16        2.1     
  -2.8       16        2.3     
  -2.8       16        2.3     
  -2.8       16        2.3     
  -2.8       17        2.3     
  -2.8       16        2.3     
  -2.8       16        2.3     
  -1.4       16        2.5     
  -1.4       16        2.5     
  -2.1       16        2.4     
  -2.1       16        2.4     
  -2.1       16        2.4     
  -2.1       16        2.4     
  -3.5       16        2.3     
  -3.5       16        2.3     
  -3.5       16        2.3     
  -3.5       17        2.3     
  -3.5       17        2.3     
  -3.5       16        2.3     
  -3.5       16        2.3     
  -3.5       16        2.3     
  -3.9       16        2.2     
  -3.9       16        2.2     
  -3.9       16        2.2     
  -3.9       16        2.2     
  -3.9       17        2.2     
  -3.9       17        2.2     
  -3.9       17        2.2     
  -3.9       16        2.2     
  -3.9       16        2.2     
  -3.9       16        2.2     
   4         16        2.1     
   4         16        2.1     
   4         16        2.1     
   4         17        2.1     
   4         17        2.1     
   4         17        2.1     
   4         17        2.1     
   4         16        2.1     
   4         16        2.1     
   4         16        2.1     
   4         16        2.1     
   4         16        2.1     
   2.6       16        2.3     
   2.6       16        2.3     
   2.6       16        2.3     
   2.6       17        2.3     
   2.6       16        2.3     
   2.6       16        2.3     
   1.2       16        2.5     
   1.2       16        2.5     
   1.9       16        2.4     
   1.9       16        2.4     
   1.9       16        2.4     
   1.9       16        2.4     
   3.3       16        2.3     
   3.3       16        2.3     
   3.3       16        2.3     
   3.3       17        2.3     
   3.3       17        2.3     
   3.3       16        2.3     
   3.3       16        2.3     
   3.3       16        2.3     
   3.7       16        2.2     
   3.7       16        2.2     
   3.7       16        2.2     
   3.7       16        2.2     
   3.7       17        2.2     
   3.7       17        2.2     
   3.7       17        2.2     
   3.7       16        2.2     
   3.7       16        2.2     
   3.7       16        2.2     
  -5.5       16        1.3     
   5.3       16        1.3     
   46        9.8       1.8     
   46        9.8       3.5     
   47        9.8       3.5     
   46        11        3.5     
   47        11        3.5     
   46        8.8       3.5     
   47        8.8       3.5     
   45        8.8       3.5     
   45        9.8       3.5     
   45        11        3.5     
   45        9.8       4.1     
   46        9.8       4.1     
   46        9.8       4.8     
   46        8.8       4.1     
   46        11        4.1     
   48        9.8       0.68    
   44        9.8       0.68    
   46        8.2       0.68    
   46        11        0.68    
   46        9.8       0.48    
   33        64        0.28    
  -15        24        0.28    
   23        24        0.28    
   32        37        0.28    
  -6.4       39        0.28    
   27        71        3.9     
   34        71        3.9     
   30        73        3.9     
   35        21        3.7     
   32        71        4.6     
   32        71        5       
   32        72        4.6     
   14        12        0.28    
   14        42        0.044   
   1.3       5.2       1.3     
  -1.5       5.2       1.3     
  -1.1       5.4       1.3     
   0.83      5.4       1.3     
   0.86      5.3       2.2     
   0.86      5.1       2.2     
   0.86      5.4       2.2     
   0.86      5.5       2.2     
   0.86      5.7       2.2     
   0.86      5.7       2.2     
   0.86      5         2.2     
   0.86      4.9       2.2     
   0.86      4.8       2.2     
   0.86      4.7       2.2     
   0.74      5.3       2.3     
   0.74      5.1       2.3     
   0.74      5.4       2.3     
   0.74      5.5       2.3     
   0.74      5.7       2.3     
   0.74      5         2.3     
   0.74      4.9       2.3     
   0.74      4.8       2.3     
   0.39      5.3       2.4     
   0.39      5.4       2.4     
   0.39      5         2.4     
   0.39      5.1       2.4     
   0.21      5.3       2.5     
   0.21      5.1       2.5     
   0.56      4.9       2.3     
   0.56      5         2.3     
   0.56      5.5       2.3     
   0.56      5.4       2.3     
   0.56      5.1       2.3     
   0.56      5.3       2.3     
   0.92      4.6       2.1     
   0.92      4.7       2.1     
   0.92      4.8       2.1     
   0.92      4.9       2.1     
   0.92      5         2.1     
   0.92      5.8       2.1     
   0.92      5.7       2.1     
   0.92      5.7       2.1     
   0.92      5.5       2.1     
   0.92      5.4       2.1     
   0.92      5.1       2.1     
   0.92      5.3       2.1     
  -1.1       5.3       2.2     
  -1.1       5.1       2.2     
  -1.1       5.4       2.2     
  -1.1       5.5       2.2     
  -1.1       5.7       2.2     
  -1.1       5.7       2.2     
  -1.1       5         2.2     
  -1.1       4.9       2.2     
  -1.1       4.8       2.2     
  -1.1       4.7       2.2     
  -0.99      5.3       2.3     
  -0.99      5.1       2.3     
  -0.99      5.4       2.3     
  -0.99      5.5       2.3     
  -0.99      5.7       2.3     
  -0.99      5         2.3     
  -0.99      4.9       2.3     
  -0.99      4.8       2.3     
  -0.64      5.3       2.4     
  -0.64      5.4       2.4     
  -0.64      5         2.4     
  -0.64      5.1       2.4     
  -0.46      5.3       2.5     
  -0.46      5.1       2.5     
  -0.81      4.9       2.3     
  -0.81      5         2.3     
  -0.81      5.5       2.3     
  -0.81      5.4       2.3     
  -0.81      5.1       2.3     
  -0.81      5.3       2.3     
  -1.2       4.6       2.1     
  -1.2       4.7       2.1     
  -1.2       4.8       2.1     
  -1.2       4.9       2.1     
  -1.2       5         2.1     
  -1.2       5.8       2.1     
  -1.2       5.7       2.1     
  -1.2       5.7       2.1     
  -1.2       5.5       2.1     
  -1.2       5.4       2.1     
  -1.2       5.1       2.1     
  -1.2       5.3       2.1     
   1.2       5.7       1.3     
  -1.5       5.7       1.3     
   29        70        2.4     
   35        68        2.4     
   35        73        2.4     
   37        70        2.4     
   34        65        2.4     
   34        62        2       
   34        63        2.1     
   34        63        2.1     
   34        63        2.2     
   34        64        2.3     
   34        64        2.4     
   34        62        1.9     
   34        61        1.8     
   33        60        1.8     
   32        62        1.7     
   32        62        1.6     
   32        63        1.5     
   32        63        1.5     
   32        63        1.4     
   32        64        1.3     
   32        64        1.2     
   32        61        1.8     
   19        69        1.9     
   21        69        2.4     
   21        69        2.3     
   21        69        2.2     
   20        69        2.1     
   20        69        2.1     
   19        69        2       
   22        69        2.4     
   18        69        1.8     
   18        69        1.8     
   16        62        0.57    
   16        63        0.64    
   16        63        0.72    
   16        63        0.79    
   16        64        0.87    
   16        64        0.94    
   16        65        1       
   16        65        1.1     
   16        66        1.2     
   16        66        1.2     
   16        66        1.3     
   16        68        1.6     
   16        68        1.5     
   16        67        1.5     
   16        67        1.4     
   18        69        1.7     
   16        69        1.7     
   30        70        3.9     
   32        69        4       
   31        72        4.1     
   36        72        2.4     
   36        72        2.4     
   35        72        2.3     
   35        72        2.2     
   35        72        2.1     
   34        72        2.1     
   34        72        2       
   33        72        1.9     
   33        72        1.8     
   33        72        1.8     
   32        72        1.7     
   32        72        1.6     
   31        72        1.5     
   31        72        1.5     
   30        72        1.4     
   30        72        1.3     
   30        72        1.2     
   28        72        1.8     
   28        69        1.8     
   27        73        1.7     
   27        70        1.2     
   26        71        1.2     
   26        68        1.2     
   26        70        1.3     
   27        66        1.8     
   28        66        1.8     
   28        66        1.8     
   33        69        3.1     
   32        70        2.6     
   32        69        2.6     
   32        70        2.6     
   33        69        3.1     
   33        70        3.5     
   33        72        3.1     
   35        66        2.6     
   35        66        2.7     
   35        66        2.7     
   33        66        2.6     
   33        66        2.7     
   33        66        2.7     
   30        66        2.6     
   29        20        3.8     
   31        18        2.6     
   30        21        2.1     
   30        19        2.6     
   30        22        2.6     
   31        21        2       
   32        18        2.6     
   32        17        2.1     
   32        17        3.4     
   32        16        2.6     
   32        18        2.6     
   31        18        3.2     
   30        21        3.4     
   34        16        1.6     
   34        16        1.5     
   34        16        1.5     
   31        18        3.7     
   36        18        3.7     
   34        14        3.8     
   32        14        3.9     
   32        14        3.8     
   32        14        4       
   29        14        3.8     
   29        14        3.9     
   36        14        3.8     
   36        14        4       
   36        14        3.9     
   29        14        4       
   31        14        3.8     
   36        16        3.8     
   29        16        3.8     
   35        15        3.6     
   16        62        0.5     
   32        65        1.2     
   33        66        1.9     
   33        66        1.7     
   29        72        1.2     
   25        17        1.1     
   25        17        1       
   25        17        0.93    
   24        17        0.87    
   24        17        0.81    
   23        17        0.75    
   23        17        0.68    
   22        17        0.62    
   22        17        0.56    
   22        17        0.5     
   23        38        1       
   22        38        0.93    
   22        38        0.87    
   22        38        0.81    
   21        38        0.75    
   21        38        0.68    
   20        38        0.62    
   20        38        0.56    
   19        38        0.5     
   23        27        1       
   22        27        0.93    
   22        27        0.87    
   22        27        0.81    
   21        27        0.75    
   21        27        0.68    
   20        27        0.62    
   20        27        0.56    
   19        27        0.5     
   45        34        0.5     
   45        34        0.56    
   44        34        0.62    
   44        34        0.68    
   44        34        0.75    
   43        34        0.81    
   43        34        0.87    
   42        34        0.93    
   42        34        1       
   22        58        0.7     
   38        63        0.7     
   22        44        0.86    
   22        32        0.86    
   25        25        1.7     
   25        25        1.7     
   26        25        1.8     
   26        25        1.9     
   26        25        1.9     
   27        25        2       
   35        33        1.7     
   35        32        1.7     
   35        32        1.8     
   35        32        1.9     
   35        31        1.9     
   35        31        2       
   30        46        2.2     
   30        54        1.2     
   30        52        1.6     
   30        52        1.6     
   30        52        1.5     
   30        53        1.5     
   30        53        1.4     
   30        54        1.3     
   30        54        1.3     
   30        40        1.7     
   30        40        1.8     
   30        40        1.8     
   30        41        1.9     
  -6.3       60        0.5     
  -6.3       61        0.56    
  -6.3       62        0.62    
  -6.3       63        0.68    
  -6.3       64        0.75    
  -6.3       65        0.81    
   4.3       60        0.5     
   4.3       61        0.56    
   4.3       62        0.62    
   4.3       63        0.68    
   4.3       64        0.75    
   4.3       65        0.81    
  -12        38        0.5     
  -12        39        0.56    
  -12        39        0.62    
  -12        39        0.68    
  -12        40        0.75    
  -12        40        0.81    
  -11        37        0.68    
  -12        37        0.68    
  -12        36        0.68    
  -12        38        0.68    
  -2.7       37        0.68    
  -3.6       37        0.68    
  -3.2       36        0.68    
  -3.2       38        0.68    
  -19        38        0.68    
  -19        36        0.68    
  -20        37        0.68    
  -19        37        0.68    
   29        71        3.8     
   30        71        3.7     
   30        71        3.7     
   30        71        3.6     
   31        71        3.5     
   31        71        3.4     
   32        71        3.4     
   32        71        3.3     
   32        72        3.1     
   32        72        3       
   31        72        2.9     
   31        72        2.8     
   30        72        2.8     
   30        72        2.7     
   30        72        2.6     
   29        72        2.5     
   29        72        2.5     
   33        71        3.2     
   33        72        3.1     
   28        72        2.5     
   35        21        2.7     
   35        20        2.8     
   35        20        2.9     
   35        19        3       
   35        19        3       
   35        18        3.1     
   35        18        3.2     
   35        18        3.3     
   35        17        3.3     
   35        17        3.4     
   35        16        3.5     
   35        21        2.7     
   34        21        2.7     
   34        21        2.6     
   34        20        2.5     
   34        20        2.4     
   34        19        2.4     
   34        19        2.3     
   34        18        2.2     
   34        18        2.1     
   34        18        2.1     
   34        17        2       
   34        17        1.9     
   34        16        1.8     
   34        16        1.8     
   34        16        1.7     
  -15        32        0.53    
  -15        28        0.53    
  -15        30        0.65    
   9.4       38        0.53    
   14        38        0.53    
   12        38        0.65    
   49        46        0.65    
   49        44        0.53    
   49        48        0.53    
  -6.3       24        0.53    
  -15        19        0.53    
   36        66        2.5     
   36        66        3.1     
   36        66        2.8     
   36        66        2.6     
   37        14        1.7     
   35        14        1.9     
   37        14        2.4     
   37        14        2       
   32        14        1.7     
   32        14        2.4     
   32        14        2       
   27        14        1.7     
   30        14        1.9     
   27        14        2.4     
   27        14        2       
   39        14        1.9     
   41        14        1.7     
   41        14        2.4     
   41        14        2       
   34        18        1.1     
   26        16        1.1     
   24        15        1.1     
   27        15        2       
   29        14        2.6     
   36        14        2.6     
   36        22        2.6     
   33        20        5.5     
   34        20        5.5     
   33        20        5.5     
   32        20        5.5     
   32        20        5.5     
   31        20        5.5     
   35        20        5.5     
   35        20        5.5     
   36        20        5.5     
   36        20        5.5     
   33        20        5.9     
   34        20        5.9     
   33        20        5.9     
   32        20        5.9     
   35        20        5.9     
   35        20        5.9     
   34        19        6.3     
   33        19        6.3     
   34        20        6.1     
   35        20        6.1     
   33        20        6.1     
   33        20        6.1     
   36        20        5.7     
   35        20        5.7     
   35        20        5.7     
   32        20        5.7     
   32        20        5.7     
   33        20        5.7     
   34        20        5.7     
   33        20        5.7     
   37        20        5.3     
   36        20        5.3     
   36        20        5.3     
   35        20        5.3     
   35        20        5.3     
   31        20        5.3     
   31        20        5.3     
   32        20        5.3     
   32        20        5.3     
   33        20        5.3     
   34        20        5.3     
   33        20        5.3     
   33        17        5.5     
   34        17        5.5     
   33        17        5.5     
   32        17        5.5     
   32        17        5.5     
   31        17        5.5     
   35        17        5.5     
   35        17        5.5     
   36        17        5.5     
   36        17        5.5     
   33        17        5.9     
   34        17        5.9     
   33        17        5.9     
   32        17        5.9     
   35        17        5.9     
   35        17        5.9     
   34        18        6.3     
   33        18        6.3     
   34        18        6.1     
   35        18        6.1     
   33        18        6.1     
   33        18        6.1     
   36        17        5.7     
   35        17        5.7     
   35        17        5.7     
   32        17        5.7     
   32        17        5.7     
   33        17        5.7     
   34        17        5.7     
   33        17        5.7     
   37        17        5.3     
   36        17        5.3     
   36        17        5.3     
   35        17        5.3     
   35        17        5.3     
   31        17        5.3     
   31        17        5.3     
   32        17        5.3     
   32        17        5.3     
   33        17        5.3     
   34        17        5.3     
   33        17        5.3     
   35        15        3.7     
   35        21        4.3     
   32        21        3.9     
   32        22        4.5     
   36        22        4.4     
   36        15        4.5     
   32        15        4.5     
   29        22        2.6     
   34        18        4       
   34        18        4.3     
   29        72        4.4     
   29        70        4       
   30        71        4.1     
   30        70        4       
   32        70        4.1     
   27        70        2.7     
   28        70        3.4     
   27        70        3.4     
   27        70        3.7     
  -12        5.4       1.3     
  -12        81        0.16    
  -0.12      4         0.16    
  -4.7       64        0.28    
   35        56        1.4     
  -0.36      5         0.24    
  -4.7       12        0.47    
  -9.6       14        0.47    
  -13        17        0.47    
  -15        20        0.47    
  -15        28        0.54    
  -15        37        0.88    
  -18        42        1.2     
  -21        45        1.2     
  -12        48        1.2     
  -4.1       45        1.2     
  -8.9       42        1.2     
  -13        38        0.82    
  -5.1       35        0.47    
   6.9       34        0.29    
   14        32        0.29    
   17        30        0.47    
   22        30        1.3     
   30        30        2.3     
   34        27        2.4     
   26        25        1.4     
   18        21        0.47    
   23        17        1.1     
   29        16        1.7     
   32        15        1.7     
   33        18        2.2     
   34        21        2.7     
   35        19        3.2     
   33        15        3.8     
   30        16        3.8     
   30        18        3.8     
   31        20        3.8     
   0        -1.7       0       
  -0.71      12        0.24    
  -0.71      12        0.47    
  -8.7       12        0.24    
  -8.7       12        0.47    
  -11        16        0.24    
  -11        16        0.47    
  -15        17        0.24    
  -15        17        0.47    
  -16        23        0.24    
  -16        23        0.47    
  -15        32        0.3     
  -15        32        0.6     
  -15        41        0.58    
  -15        41        1.2     
  -20        43        0.58    
  -20        43        1.2     
  -21        48        0.58    
  -21        48        1.2     
  -4         48        0.58    
  -4         48        1.2     
  -4.2       43        0.58    
  -4.2       43        1.2     
  -14        42        0.58    
  -14        42        1.2     
  -13        35        0.24    
  -13        35        0.47    
   2.7       35        0.24    
   2.7       35        0.47    
   11        33        0.05    
   11        33        0.1     
   16        31        0.24    
   16        31        0.47    
   18        29        0.24    
   18        29        0.47    
   26        30        1.1     
   26        30        2.2     
   35        30        1.2     
   35        30        2.4     
   34        24        1.2     
   34        24        2.4     
   18        25        0.24    
   18        25        0.47    
   19        17        0.24    
   19        17        0.47    
   26        17        0.83    
   26        17        1.7     
   32        15        0.83    
   32        15        1.7     
   33        15        0.83    
   33        15        1.7     
   34        21        1.4     
   34        21        2.7     
   35        21        1.4     
   35        21        2.7     
   35        16        1.9     
   35        16        3.8     
   31        15        1.9     
   31        15        3.8     
   30        16        1.9     
   30        16        3.8     
   30        21        1.9     
   30        21        3.8     
   33        18        1.9     
   33        18        3.8     

GEOM_XMAT
   1         0         0         0         1         0         0         0         1       
   0.00085  -0.0089    1         0.029    -1        -0.0089    1         0.029    -0.0006  
  -0.00045   0.0086    1        -0.054     1        -0.0086   -1        -0.054     1.7e-05 
  -0.00045   0.0086    1        -0.054     1        -0.0086   -1        -0.054     1.7e-05 
  -0.00045   0.0086    1        -0.054     1        -0.0086   -1        -0.054     1.7e-05 
  -0.024    -0.82     -0.58     -0.52      0.5      -0.69      0.86      0.28     -0.43    
   1        -0.0046   -0.0073   -0.0086   -0.53     -0.85      1.7e-05   0.85     -0.53    
   0.1      -0.49      0.87      0.82     -0.45     -0.35      0.56      0.75      0.35    
   0.49      0.0073    0.87      0.46      0.85     -0.26     -0.74      0.53      0.41    
   0.49      0.87     -0.0073    0.46     -0.26     -0.85     -0.74      0.41     -0.53    
  -0.12      0.06     -0.99      0.85      0.53     -0.07      0.52     -0.85     -0.11    
  -0.06      0.0073   -1        -0.53      0.85      0.038     0.85      0.53     -0.047   
  -0.06     -1        -0.0073   -0.53      0.038    -0.85      0.85     -0.047    -0.53    
   0.0074   -0.93      0.37      0.85     -0.19     -0.49      0.53      0.32      0.79    
   0.23     -0.97     -0.0073   -0.52     -0.12     -0.85      0.83      0.2      -0.53    
   0.025    -0.83      0.56      0.63     -0.43     -0.65      0.78      0.37      0.51    
   1         0.0053   -0.0068   -0.0086    0.62     -0.79      1.7e-05   0.79      0.62    
  -0.07     -0.61      0.79      0.74      0.5       0.45     -0.67      0.61      0.42    
   0.61      0.0068    0.79     -0.49      0.79      0.37     -0.62     -0.62      0.49    
   0.61      0.79     -0.0068   -0.49      0.37     -0.79     -0.62      0.49      0.62    
   0.13      0.0068   -0.99      0.78     -0.62      0.1      -0.61     -0.79     -0.088   
  -0.0066    0.0068   -1         0.62      0.79      0.0012    0.79     -0.62     -0.0094  
  -0.0066   -1        -0.0068    0.62      0.0012   -0.79      0.79     -0.0094    0.62    
   0.0067   -0.93      0.36      0.79      0.23      0.57     -0.62      0.28      0.74    
   0.93     -0.36     -0.0068    0.21      0.58     -0.79      0.28      0.73      0.62    
  -0.025    -0.83      0.56     -0.54     -0.46     -0.7       0.84     -0.32     -0.43    
   1        -0.0046   -0.0073   -0.0086   -0.53     -0.85      1.7e-05   0.85     -0.53    
  -0.08     -0.48     -0.87      0.81      0.47     -0.33      0.58     -0.74      0.35    
   0.48      0.0073   -0.88     -0.47      0.85     -0.25      0.74      0.53      0.41    
   0.48     -0.88     -0.0073   -0.47     -0.25     -0.85      0.74      0.41     -0.53    
   0.13      0.021     0.99      0.84     -0.53     -0.1       0.52      0.85     -0.089   
  -0.021     0.0073    1         0.53      0.85      0.0049   -0.85      0.53     -0.022   
  -0.021     1        -0.0073    0.53      0.0049   -0.85     -0.85     -0.022    -0.53    
   0.0072    0.95     -0.3       0.85      0.15      0.51      0.53     -0.26     -0.81    
  -0.13      0.99     -0.0073    0.52      0.061    -0.85     -0.84     -0.11     -0.53    
   0.025    -0.82     -0.58      0.61      0.47     -0.64      0.79     -0.33      0.51    
   1         0.0053   -0.0068   -0.0086    0.62     -0.79      1.7e-05   0.79      0.62    
   0.094    -0.62     -0.78      0.75     -0.47      0.47     -0.66     -0.62      0.42    
   0.62      0.0068   -0.78      0.48      0.79      0.39      0.62     -0.62      0.49    
   0.62     -0.78     -0.0068    0.48      0.39     -0.79      0.62      0.49      0.62    
  -0.12      0.017     0.99      0.78      0.62      0.084    -0.61      0.79     -0.088   
  -0.017     0.0068    1        -0.62      0.79     -0.016    -0.79     -0.62     -0.0094  
  -0.017     1        -0.0068   -0.62     -0.016    -0.79     -0.79     -0.0094    0.62    
   0.0068   -0.91      0.41      0.79      0.26      0.56     -0.62      0.32      0.72    
   0.98      0.19     -0.0068   -0.12      0.6      -0.79     -0.15      0.77      0.62    
   7.7e-05  -1.2e-06   1         1        -0.00077  -7.7e-05   0.00077   1         1.1e-06 
   8.8e-07  -1         1.7e-11   5.8e-08  -1.7e-11  -1         1         8.8e-07   5.8e-08 
   8.8e-07  -1         1.7e-11   5.8e-08  -1.7e-11  -1         1         8.8e-07   5.8e-08 
   8.8e-07  -1         1.7e-11   5.8e-08  -1.7e-11  -1         1         8.8e-07   5.8e-08 
   8.8e-07   1.7e-11   1         5.8e-08  -1         1.7e-11   1         5.8e-08  -8.8e-07 
   8.8e-07  -1         1.7e-11   5.8e-08  -1.7e-11  -1         1         8.8e-07   5.8e-08 
   8.8e-07   1.7e-11   1         5.8e-08  -1         1.7e-11   1         5.8e-08  -8.8e-07 
   8.8e-07   1.7e-11   1         5.8e-08  -1         1.7e-11   1         5.8e-08  -8.8e-07 
   8.8e-07   1.7e-11   1         5.8e-08  -1         1.7e-11   1         5.8e-08  -8.8e-07 
   8.8e-07   1.7e-11   1         5.8e-08  -1         1.7e-11   1         5.8e-08  -8.8e-07 
   8.8e-07  -1         1.7e-11   5.8e-08  -1.7e-11  -1         1         8.8e-07   5.8e-08 
   8.8e-07   1.7e-11   1         5.8e-08  -1         1.7e-11   1         5.8e-08  -8.8e-07 
   8.8e-07  -1         1.7e-11   5.8e-08  -1.7e-11  -1         1         8.8e-07   5.8e-08 
   8.8e-07   1.7e-11   1         5.8e-08  -1         1.7e-11   1         5.8e-08  -8.8e-07 
   8.8e-07  -1         1.7e-11   5.8e-08  -1.7e-11  -1         1         8.8e-07   5.8e-08 
   1        -1.7e-11   8.8e-07   1.7e-11   1         5.8e-08  -8.8e-07  -5.8e-08   1       
   8.8e-07  -0.34      0.94      5.8e-08  -0.94     -0.34      1         3.5e-07  -8.1e-07 
   8.8e-07   1.7e-11   1         5.8e-08  -1         1.7e-11   1         5.8e-08  -8.8e-07 
   8.8e-07   1.7e-11   1         5.8e-08  -1         1.7e-11   1         5.8e-08  -8.8e-07 
   8.8e-07   1.7e-11   1         5.8e-08  -1         1.7e-11   1         5.8e-08  -8.8e-07 
   8.8e-07   1.7e-11   1         5.8e-08  -1         1.7e-11   1         5.8e-08  -8.8e-07 
   8.8e-07  -1         1.7e-11   5.8e-08  -1.7e-11  -1         1         8.8e-07   5.8e-08 
   8.8e-07  -1         1.7e-11   5.8e-08  -1.7e-11  -1         1         8.8e-07   5.8e-08 
   8.8e-07  -1         1.7e-11   5.8e-08  -1.7e-11  -1         1         8.8e-07   5.8e-08 
   8.8e-07  -1         1.7e-11   5.8e-08  -1.7e-11  -1         1         8.8e-07   5.8e-08 
   8.8e-07  -1         1.7e-11   5.8e-08  -1.7e-11  -1         1         8.8e-07   5.8e-08 
   8.8e-07   1.7e-11   1         5.8e-08  -1         1.7e-11   1         5.8e-08  -8.8e-07 
   8.8e-07  -1         1.7e-11   5.8e-08  -1.7e-11  -1         1         8.8e-07   5.8e-08 
   8.8e-07   1.7e-11   1         5.8e-08  -1         1.7e-11   1         5.8e-08  -8.8e-07 
   8.8e-07  -1         1.7e-11   5.8e-08  -1.7e-11  -1         1         8.8e-07   5.8e-08 
   8.8e-07   1.7e-11   1         5.8e-08  -1         1.7e-11   1         5.8e-08  -8.8e-07 
  -1.7e-11  -1         8.8e-07   1        -1.7e-11   5.8e-08  -5.8e-08   8.8e-07   1       
   8.8e-07  -0.75      0.66      5.8e-08  -0.66     -0.75      1         7e-07    -5.3e-07 
   8.8e-07   1.7e-11   1         5.8e-08  -1         1.7e-11   1         5.8e-08  -8.8e-07 
   8.8e-07   1.7e-11   1         5.8e-08  -1         1.7e-11   1         5.8e-08  -8.8e-07 
   8.8e-07   1.7e-11   1         5.8e-08  -1         1.7e-11   1         5.8e-08  -8.8e-07 
   8.8e-07   1.7e-11   1         5.8e-08  -1         1.7e-11   1         5.8e-08  -8.8e-07 
   8.8e-07  -1         1.7e-11   5.8e-08  -1.7e-11  -1         1         8.8e-07   5.8e-08 
   8.8e-07  -1         1.7e-11   5.8e-08  -1.7e-11  -1         1         8.8e-07   5.8e-08 
   8.8e-07  -1         1.7e-11   5.8e-08  -1.7e-11  -1         1         8.8e-07   5.8e-08 
   8.8e-07  -1         1.7e-11   5.8e-08  -1.7e-11  -1         1         8.8e-07   5.8e-08 
   8.8e-07  -1         1.7e-11   5.8e-08  -1.7e-11  -1         1         8.8e-07   5.8e-08 
   8.8e-07   1.7e-11   1         5.8e-08  -1         1.7e-11   1         5.8e-08  -8.8e-07 
   8.8e-07  -1         1.7e-11   5.8e-08  -1.7e-11  -1         1         8.8e-07   5.8e-08 
   8.8e-07   1.7e-11   1         5.8e-08  -1         1.7e-11   1         5.8e-08  -8.8e-07 
   8.8e-07  -1         1.7e-11   5.8e-08  -1.7e-11  -1         1         8.8e-07   5.8e-08 
   8.8e-07   1.7e-11   1         5.8e-08  -1         1.7e-11   1         5.8e-08  -8.8e-07 
  -1.7e-11  -1         8.8e-07   1        -1.7e-11   5.8e-08  -5.8e-08   8.8e-07   1       
   8.8e-07  -0.96     -0.3       5.8e-08   0.3      -0.96      1         8.2e-07   3.1e-07 
   8.8e-07  -1         1.7e-11   5.8e-08  -1.7e-11  -1         1         8.8e-07   5.8e-08 
   8.8e-07  -1         1.7e-11   5.8e-08  -1.7e-11  -1         1         8.8e-07   5.8e-08 
   8.8e-07  -1         1.7e-11   5.8e-08  -1.7e-11  -1         1         8.8e-07   5.8e-08 
   8.8e-07   1.7e-11   1         5.8e-08  -1         1.7e-11   1         5.8e-08  -8.8e-07 
   8.8e-07  -1         1.7e-11   5.8e-08  -1.7e-11  -1         1         8.8e-07   5.8e-08 
   8.8e-07   1.7e-11   1         5.8e-08  -1         1.7e-11   1         5.8e-08  -8.8e-07 
   8.8e-07   1.7e-11   1         5.8e-08  -1         1.7e-11   1         5.8e-08  -8.8e-07 
   8.8e-07   1.7e-11   1         5.8e-08  -1         1.7e-11   1         5.8e-08  -8.8e-07 
   8.8e-07   1.7e-11   1         5.8e-08  -1         1.7e-11   1         5.8e-08  -8.8e-07 
   8.8e-07  -1         1.7e-11   5.8e-08  -1.7e-11  -1         1         8.8e-07   5.8e-08 
   8.8e-07   1.7e-11   1         5.8e-08  -1         1.7e-11   1         5.8e-08  -8.8e-07 
   8.8e-07  -1         1.7e-11   5.8e-08  -1.7e-11  -1         1         8.8e-07   5.8e-08 
   8.8e-07   1.7e-11   1         5.8e-08  -1         1.7e-11   1         5.8e-08  -8.8e-07 
   8.8e-07  -1         1.7e-11   5.8e-08  -1.7e-11  -1         1         8.8e-07   5.8e-08 
   1        -1.7e-11   8.8e-07   1.7e-11   1         5.8e-08  -8.8e-07  -5.8e-08   1       
   8.8e-07  -0.84      0.55      5.8e-08  -0.55     -0.84      1         7.7e-07  -4.3e-07 
   8.8e-07   1.7e-11   1         5.8e-08  -1         1.7e-11   1         5.8e-08  -8.8e-07 
   8.8e-07   1.7e-11   1         5.8e-08  -1         1.7e-11   1         5.8e-08  -8.8e-07 
   8.8e-07   1.7e-11   1         5.8e-08  -1         1.7e-11   1         5.8e-08  -8.8e-07 
   8.8e-07  -1         1.7e-11   5.8e-08  -1.7e-11  -1         1         8.8e-07   5.8e-08 
   8.8e-07   1.7e-11   1         5.8e-08  -1         1.7e-11   1         5.8e-08  -8.8e-07 
   8.8e-07  -1         1.7e-11   5.8e-08  -1.7e-11  -1         1         8.8e-07   5.8e-08 
   8.8e-07  -1         1.7e-11   5.8e-08  -1.7e-11  -1         1         8.8e-07   5.8e-08 
   8.8e-07  -1         1.7e-11   5.8e-08  -1.7e-11  -1         1         8.8e-07   5.8e-08 
   8.8e-07  -1         1.7e-11   5.8e-08  -1.7e-11  -1         1         8.8e-07   5.8e-08 
   8.8e-07   1.7e-11   1         5.8e-08  -1         1.7e-11   1         5.8e-08  -8.8e-07 
   8.8e-07  -1         1.7e-11   5.8e-08  -1.7e-11  -1         1         8.8e-07   5.8e-08 
   8.8e-07   1.7e-11   1         5.8e-08  -1         1.7e-11   1         5.8e-08  -8.8e-07 
   8.8e-07  -1         1.7e-11   5.8e-08  -1.7e-11  -1         1         8.8e-07   5.8e-08 
   8.8e-07   1.7e-11   1         5.8e-08  -1         1.7e-11   1         5.8e-08  -8.8e-07 
  -1.7e-11  -1         8.8e-07   1        -1.7e-11   5.8e-08  -5.8e-08   8.8e-07   1       
   8.8e-07  -0.98     -0.18      5.8e-08   0.18     -0.98      1         8.5e-07   2.2e-07 
   8.8e-07  -1         1.7e-11   5.8e-08  -1.7e-11  -1         1         8.8e-07   5.8e-08 
   8.8e-07  -1         1.7e-11   5.8e-08  -1.7e-11  -1         1         8.8e-07   5.8e-08 
   8.8e-07  -1         1.7e-11   5.8e-08  -1.7e-11  -1         1         8.8e-07   5.8e-08 
   8.8e-07  -1         1.7e-11   5.8e-08  -1.7e-11  -1         1         8.8e-07   5.8e-08 
   8.8e-07   1.7e-11   1         5.8e-08  -1         1.7e-11   1         5.8e-08  -8.8e-07 
   8.8e-07   1.7e-11   1         5.8e-08  -1         1.7e-11   1         5.8e-08  -8.8e-07 
   8.8e-07   1.7e-11   1         5.8e-08  -1         1.7e-11   1         5.8e-08  -8.8e-07 
   8.8e-07   1.7e-11   1         5.8e-08  -1         1.7e-11   1         5.8e-08  -8.8e-07 
   8.8e-07   1.7e-11   1         5.8e-08  -1         1.7e-11   1         5.8e-08  -8.8e-07 
   8.8e-07  -1         1.7e-11   5.8e-08  -1.7e-11  -1         1         8.8e-07   5.8e-08 
   8.8e-07   1.7e-11   1         5.8e-08  -1         1.7e-11   1         5.8e-08  -8.8e-07 
   8.8e-07  -1         1.7e-11   5.8e-08  -1.7e-11  -1         1         8.8e-07   5.8e-08 
   8.8e-07   1.7e-11   1         5.8e-08  -1         1.7e-11   1         5.8e-08  -8.8e-07 
   8.8e-07  -1         1.7e-11   5.8e-08  -1.7e-11  -1         1         8.8e-07   5.8e-08 
   1        -1.7e-11   8.8e-07   1.7e-11   1         5.8e-08  -8.8e-07  -5.8e-08   1       
   1        -1.7e-11   8.8e-07   1.7e-11   1         5.8e-08  -8.8e-07  -5.8e-08   1       
   8.8e-07  -1         1.7e-11   5.8e-08  -1.7e-11  -1         1         8.8e-07   5.8e-08 
   8.8e-07   1.7e-11   1         5.8e-08  -1         1.7e-11   1         5.8e-08  -8.8e-07 
   8.8e-07  -1         1.7e-11   5.8e-08  -1.7e-11  -1         1         8.8e-07   5.8e-08 
   8.8e-07   1.7e-11   1         5.8e-08  -1         1.7e-11   1         5.8e-08  -8.8e-07 
   8.8e-07  -1         1.7e-11   5.8e-08  -1.7e-11  -1         1         8.8e-07   5.8e-08 
   8.8e-07   1.7e-11   1         5.8e-08  -1         1.7e-11   1         5.8e-08  -8.8e-07 
   8.8e-07   1.7e-11   1         5.8e-08  -1         1.7e-11   1         5.8e-08  -8.8e-07 
   8.8e-07   1.7e-11   1         5.8e-08  -1         1.7e-11   1         5.8e-08  -8.8e-07 
   8.8e-07   1.7e-11   1         5.8e-08  -1         1.7e-11   1         5.8e-08  -8.8e-07 
   8.8e-07   1.7e-11   1         5.8e-08  -1         1.7e-11   1         5.8e-08  -8.8e-07 
   8.8e-07  -1         1.7e-11   5.8e-08  -1.7e-11  -1         1         8.8e-07   5.8e-08 
   8.8e-07  -1         1.7e-11   5.8e-08  -1.7e-11  -1         1         8.8e-07   5.8e-08 
   8.8e-07  -1         1.7e-11   5.8e-08  -1.7e-11  -1         1         8.8e-07   5.8e-08 
   8.8e-07  -1         1.7e-11   5.8e-08  -1.7e-11  -1         1         8.8e-07   5.8e-08 
   8.8e-07  -0.68      0.74      5.8e-08  -0.74     -0.68      1         6.4e-07  -6.1e-07 
  -1.7e-11  -1         8.8e-07   1        -1.7e-11   5.8e-08  -5.8e-08   8.8e-07   1       
   8.8e-07   1.7e-11   1         5.8e-08  -1         1.7e-11   1         5.8e-08  -8.8e-07 
   8.8e-07  -1         1.7e-11   5.8e-08  -1.7e-11  -1         1         8.8e-07   5.8e-08 
   8.8e-07   1.7e-11   1         5.8e-08  -1         1.7e-11   1         5.8e-08  -8.8e-07 
   8.8e-07  -1         1.7e-11   5.8e-08  -1.7e-11  -1         1         8.8e-07   5.8e-08 
   8.8e-07   1.7e-11   1         5.8e-08  -1         1.7e-11   1         5.8e-08  -8.8e-07 
   8.8e-07  -1         1.7e-11   5.8e-08  -1.7e-11  -1         1         8.8e-07   5.8e-08 
   8.8e-07  -1         1.7e-11   5.8e-08  -1.7e-11  -1         1         8.8e-07   5.8e-08 
   8.8e-07  -1         1.7e-11   5.8e-08  -1.7e-11  -1         1         8.8e-07   5.8e-08 
   8.8e-07  -1         1.7e-11   5.8e-08  -1.7e-11  -1         1         8.8e-07   5.8e-08 
   8.8e-07   1.7e-11   1         5.8e-08  -1         1.7e-11   1         5.8e-08  -8.8e-07 
   8.8e-07  -1         1.7e-11   5.8e-08  -1.7e-11  -1         1         8.8e-07   5.8e-08 
   8.8e-07   1.7e-11   1         5.8e-08  -1         1.7e-11   1         5.8e-08  -8.8e-07 
   8.8e-07   1.7e-11   1         5.8e-08  -1         1.7e-11   1         5.8e-08  -8.8e-07 
   8.8e-07   1.7e-11   1         5.8e-08  -1         1.7e-11   1         5.8e-08  -8.8e-07 
   8.8e-07   0.24      0.97      5.8e-08  -0.97      0.24      1        -1.6e-07  -8.7e-07 
   1        -1.7e-11   8.8e-07   1.7e-11   1         5.8e-08  -8.8e-07  -5.8e-08   1       
   8.8e-07  -1         1.7e-11   5.8e-08  -1.7e-11  -1         1         8.8e-07   5.8e-08 
   8.8e-07   1.7e-11   1         5.8e-08  -1         1.7e-11   1         5.8e-08  -8.8e-07 
   8.8e-07  -1         1.7e-11   5.8e-08  -1.7e-11  -1         1         8.8e-07   5.8e-08 
   8.8e-07   1.7e-11   1         5.8e-08  -1         1.7e-11   1         5.8e-08  -8.8e-07 
   8.8e-07  -1         1.7e-11   5.8e-08  -1.7e-11  -1         1         8.8e-07   5.8e-08 
   8.8e-07   1.7e-11   1         5.8e-08  -1         1.7e-11   1         5.8e-08  -8.8e-07 
   8.8e-07   1.7e-11   1         5.8e-08  -1         1.7e-11   1         5.8e-08  -8.8e-07 
   8.8e-07   1.7e-11   1         5.8e-08  -1         1.7e-11   1         5.8e-08  -8.8e-07 
   8.8e-07   1.7e-11   1         5.8e-08  -1         1.7e-11   1         5.8e-08  -8.8e-07 
   8.8e-07   1.7e-11   1         5.8e-08  -1         1.7e-11   1         5.8e-08  -8.8e-07 
   8.8e-07  -1         1.7e-11   5.8e-08  -1.7e-11  -1         1         8.8e-07   5.8e-08 
   8.8e-07  -1         1.7e-11   5.8e-08  -1.7e-11  -1         1         8.8e-07   5.8e-08 
   8.8e-07  -1         1.7e-11   5.8e-08  -1.7e-11  -1         1         8.8e-07   5.8e-08 
   8.8e-07  -1         1.7e-11   5.8e-08  -1.7e-11  -1         1         8.8e-07   5.8e-08 
   8.8e-07   0.67      0.74      5.8e-08  -0.74      0.67      1        -5.5e-07  -6.9e-07 
  -1.7e-11  -1         8.8e-07   1        -1.7e-11   5.8e-08  -5.8e-08   8.8e-07   1       
   8.8e-07   1.7e-11   1         5.8e-08  -1         1.7e-11   1         5.8e-08  -8.8e-07 
   8.8e-07  -1         1.7e-11   5.8e-08  -1.7e-11  -1         1         8.8e-07   5.8e-08 
   8.8e-07   1.7e-11   1         5.8e-08  -1         1.7e-11   1         5.8e-08  -8.8e-07 
   8.8e-07  -1         1.7e-11   5.8e-08  -1.7e-11  -1         1         8.8e-07   5.8e-08 
   8.8e-07   1.7e-11   1         5.8e-08  -1         1.7e-11   1         5.8e-08  -8.8e-07 
   8.8e-07  -1         1.7e-11   5.8e-08  -1.7e-11  -1         1         8.8e-07   5.8e-08 
   8.8e-07  -1         1.7e-11   5.8e-08  -1.7e-11  -1         1         8.8e-07   5.8e-08 
   8.8e-07  -1         1.7e-11   5.8e-08  -1.7e-11  -1         1         8.8e-07   5.8e-08 
   8.8e-07  -1         1.7e-11   5.8e-08  -1.7e-11  -1         1         8.8e-07   5.8e-08 
   8.8e-07   1.7e-11   1         5.8e-08  -1         1.7e-11   1         5.8e-08  -8.8e-07 
   8.8e-07  -1         1.7e-11   5.8e-08  -1.7e-11  -1         1         8.8e-07   5.8e-08 
   8.8e-07   1.7e-11   1         5.8e-08  -1         1.7e-11   1         5.8e-08  -8.8e-07 
   8.8e-07   1.7e-11   1         5.8e-08  -1         1.7e-11   1         5.8e-08  -8.8e-07 
   8.8e-07   1.7e-11   1         5.8e-08  -1         1.7e-11   1         5.8e-08  -8.8e-07 
   8.8e-07  -0.085     1         5.8e-08  -1        -0.085     1         1.3e-07  -8.7e-07 
   8.8e-07  -0.68      0.74      5.8e-08  -0.74     -0.68      1         6.4e-07  -6.1e-07 
   8.8e-07  -1         1.7e-11   5.8e-08  -1.7e-11  -1         1         8.8e-07   5.8e-08 
   8.8e-07  -1         1.7e-11   5.8e-08  -1.7e-11  -1         1         8.8e-07   5.8e-08 
   8.8e-07  -1         1.7e-11   5.8e-08  -1.7e-11  -1         1         8.8e-07   5.8e-08 
   8.8e-07  -1         1.7e-11   5.8e-08  -1.7e-11  -1         1         8.8e-07   5.8e-08 
   8.8e-07   1.7e-11   1         5.8e-08  -1         1.7e-11   1         5.8e-08  -8.8e-07 
   8.8e-07   1.7e-11   1         5.8e-08  -1         1.7e-11   1         5.8e-08  -8.8e-07 
   8.8e-07   1.7e-11   1         5.8e-08  -1         1.7e-11   1         5.8e-08  -8.8e-07 
   8.8e-07   1.7e-11   1         5.8e-08  -1         1.7e-11   1         5.8e-08  -8.8e-07 
   8.8e-07   1.7e-11   1         5.8e-08  -1         1.7e-11   1         5.8e-08  -8.8e-07 
   8.8e-07  -1         1.7e-11   5.8e-08  -1.7e-11  -1         1         8.8e-07   5.8e-08 
   8.8e-07   1.7e-11   1         5.8e-08  -1         1.7e-11   1         5.8e-08  -8.8e-07 
   8.8e-07  -1         1.7e-11   5.8e-08  -1.7e-11  -1         1         8.8e-07   5.8e-08 
   8.8e-07   1.7e-11   1         5.8e-08  -1         1.7e-11   1         5.8e-08  -8.8e-07 
   8.8e-07  -1         1.7e-11   5.8e-08  -1.7e-11  -1         1         8.8e-07   5.8e-08 
   1        -1.7e-11   8.8e-07   1.7e-11   1         5.8e-08  -8.8e-07  -5.8e-08   1       
   8.8e-07   0.24      0.97      5.8e-08  -0.97      0.24      1        -1.6e-07  -8.7e-07 
   8.8e-07   1.7e-11   1         5.8e-08  -1         1.7e-11   1         5.8e-08  -8.8e-07 
   8.8e-07   1.7e-11   1         5.8e-08  -1         1.7e-11   1         5.8e-08  -8.8e-07 
   8.8e-07   1.7e-11   1         5.8e-08  -1         1.7e-11   1         5.8e-08  -8.8e-07 
   8.8e-07  -1         1.7e-11   5.8e-08  -1.7e-11  -1         1         8.8e-07   5.8e-08 
   8.8e-07   1.7e-11   1         5.8e-08  -1         1.7e-11   1         5.8e-08  -8.8e-07 
   8.8e-07  -1         1.7e-11   5.8e-08  -1.7e-11  -1         1         8.8e-07   5.8e-08 
   8.8e-07  -1         1.7e-11   5.8e-08  -1.7e-11  -1         1         8.8e-07   5.8e-08 
   8.8e-07  -1         1.7e-11   5.8e-08  -1.7e-11  -1         1         8.8e-07   5.8e-08 
   8.8e-07  -1         1.7e-11   5.8e-08  -1.7e-11  -1         1         8.8e-07   5.8e-08 
   8.8e-07   1.7e-11   1         5.8e-08  -1         1.7e-11   1         5.8e-08  -8.8e-07 
   8.8e-07  -1         1.7e-11   5.8e-08  -1.7e-11  -1         1         8.8e-07   5.8e-08 
   8.8e-07   1.7e-11   1         5.8e-08  -1         1.7e-11   1         5.8e-08  -8.8e-07 
   8.8e-07  -1         1.7e-11   5.8e-08  -1.7e-11  -1         1         8.8e-07   5.8e-08 
   8.8e-07   1.7e-11   1         5.8e-08  -1         1.7e-11   1         5.8e-08  -8.8e-07 
  -1.7e-11  -1         8.8e-07   1        -1.7e-11   5.8e-08  -5.8e-08   8.8e-07   1       
   8.8e-07   0.7       0.71      5.8e-08  -0.71      0.7       1        -5.8e-07  -6.6e-07 
   8.8e-07  -1         1.7e-11   5.8e-08  -1.7e-11  -1         1         8.8e-07   5.8e-08 
   8.8e-07  -1         1.7e-11   5.8e-08  -1.7e-11  -1         1         8.8e-07   5.8e-08 
   8.8e-07  -1         1.7e-11   5.8e-08  -1.7e-11  -1         1         8.8e-07   5.8e-08 
   8.8e-07  -1         1.7e-11   5.8e-08  -1.7e-11  -1         1         8.8e-07   5.8e-08 
   8.8e-07   1.7e-11   1         5.8e-08  -1         1.7e-11   1         5.8e-08  -8.8e-07 
   8.8e-07   1.7e-11   1         5.8e-08  -1         1.7e-11   1         5.8e-08  -8.8e-07 
   8.8e-07   1.7e-11   1         5.8e-08  -1         1.7e-11   1         5.8e-08  -8.8e-07 
   8.8e-07   1.7e-11   1         5.8e-08  -1         1.7e-11   1         5.8e-08  -8.8e-07 
   8.8e-07   1.7e-11   1         5.8e-08  -1         1.7e-11   1         5.8e-08  -8.8e-07 
   8.8e-07  -1         1.7e-11   5.8e-08  -1.7e-11  -1         1         8.8e-07   5.8e-08 
   8.8e-07   1.7e-11   1         5.8e-08  -1         1.7e-11   1         5.8e-08  -8.8e-07 
   8.8e-07  -1         1.7e-11   5.8e-08  -1.7e-11  -1         1         8.8e-07   5.8e-08 
   8.8e-07   1.7e-11   1         5.8e-08  -1         1.7e-11   1         5.8e-08  -8.8e-07 
   8.8e-07  -1         1.7e-11   5.8e-08  -1.7e-11  -1         1         8.8e-07   5.8e-08 
   1        -1.7e-11   8.8e-07   1.7e-11   1         5.8e-08  -8.8e-07  -5.8e-08   1       
   8.8e-07  -0.17      0.99      5.8e-08  -0.99     -0.17      1         2e-07    -8.6e-07 
   8.8e-07   1.7e-11   1         5.8e-08  -1         1.7e-11   1         5.8e-08  -8.8e-07 
   8.8e-07   1.7e-11   1         5.8e-08  -1         1.7e-11   1         5.8e-08  -8.8e-07 
   8.8e-07   1.7e-11   1         5.8e-08  -1         1.7e-11   1         5.8e-08  -8.8e-07 
   8.8e-07  -1         1.7e-11   5.8e-08  -1.7e-11  -1         1         8.8e-07   5.8e-08 
   8.8e-07   1.7e-11   1         5.8e-08  -1         1.7e-11   1         5.8e-08  -8.8e-07 
   8.8e-07  -1         1.7e-11   5.8e-08  -1.7e-11  -1         1         8.8e-07   5.8e-08 
   8.8e-07  -1         1.7e-11   5.8e-08  -1.7e-11  -1         1         8.8e-07   5.8e-08 
   8.8e-07  -1         1.7e-11   5.8e-08  -1.7e-11  -1         1         8.8e-07   5.8e-08 
   8.8e-07  -1         1.7e-11   5.8e-08  -1.7e-11  -1         1         8.8e-07   5.8e-08 
   8.8e-07   1.7e-11   1         5.8e-08  -1         1.7e-11   1         5.8e-08  -8.8e-07 
   8.8e-07  -1         1.7e-11   5.8e-08  -1.7e-11  -1         1         8.8e-07   5.8e-08 
   8.8e-07   1.7e-11   1         5.8e-08  -1         1.7e-11   1         5.8e-08  -8.8e-07 
   8.8e-07  -1         1.7e-11   5.8e-08  -1.7e-11  -1         1         8.8e-07   5.8e-08 
   8.8e-07   1.7e-11   1         5.8e-08  -1         1.7e-11   1         5.8e-08  -8.8e-07 
  -1.7e-11  -1         8.8e-07   1        -1.7e-11   5.8e-08  -5.8e-08   8.8e-07   1       
   8.8e-07   1.7e-11   1         5.8e-08  -1         1.7e-11   1         5.8e-08  -8.8e-07 
   8.8e-07  -1         1.7e-11   5.8e-08  -1.7e-11  -1         1         8.8e-07   5.8e-08 
   8.8e-07   1.7e-11   1         5.8e-08  -1         1.7e-11   1         5.8e-08  -8.8e-07 
   1         8.8e-07   1.7e-11   1.7e-11   5.8e-08  -1        -8.8e-07   1         5.8e-08 
   1         8.8e-07   1.7e-11   1.7e-11   5.8e-08  -1        -8.8e-07   1         5.8e-08 
  -1.7e-11   8.8e-07   1         1         5.8e-08   1.7e-11  -5.8e-08   1        -8.8e-07 
  -1.7e-11   8.8e-07   1         1         5.8e-08   1.7e-11  -5.8e-08   1        -8.8e-07 
  -1.7e-11   8.8e-07   1         1         5.8e-08   1.7e-11  -5.8e-08   1        -8.8e-07 
   8.8e-07   1.7e-11   1         5.8e-08  -1         1.7e-11   1         5.8e-08  -8.8e-07 
   8.8e-07   1.7e-11   1         5.8e-08  -1         1.7e-11   1         5.8e-08  -8.8e-07 
   8.8e-07   1.7e-11   1         5.8e-08  -1         1.7e-11   1         5.8e-08  -8.8e-07 
   8.8e-07   1.7e-11   1         5.8e-08  -1         1.7e-11   1         5.8e-08  -8.8e-07 
   8.8e-07   1.7e-11   1         5.8e-08  -1         1.7e-11   1         5.8e-08  -8.8e-07 
  -1.7e-11   8.8e-07   1         1         5.8e-08   1.7e-11  -5.8e-08   1        -8.8e-07 
  -1.7e-11   8.8e-07   1         1         5.8e-08   1.7e-11  -5.8e-08   1        -8.8e-07 
   8.8e-07   1.7e-11   1         5.8e-08  -1         1.7e-11   1         5.8e-08  -8.8e-07 
   8.8e-07   1.7e-11   1         5.8e-08  -1         1.7e-11   1         5.8e-08  -8.8e-07 
   8.8e-07   1.7e-11   1         5.8e-08  -1         1.7e-11   1         5.8e-08  -8.8e-07 
  -1.7e-11   8.8e-07   1         1         5.8e-08   1.7e-11  -5.8e-08   1        -8.8e-07 
  -1.7e-11   8.8e-07   1         1         5.8e-08   1.7e-11  -5.8e-08   1        -8.8e-07 
   8.8e-07   1.7e-11   1         5.8e-08  -1         1.7e-11   1         5.8e-08  -8.8e-07 
   8.8e-07   1.7e-11   1         5.8e-08  -1         1.7e-11   1         5.8e-08  -8.8e-07 
   8.8e-07   1.7e-11   1         5.8e-08  -1         1.7e-11   1         5.8e-08  -8.8e-07 
   8.8e-07   1.7e-11   1         5.8e-08  -1         1.7e-11   1         5.8e-08  -8.8e-07 
   8.8e-07   1.7e-11   1         5.8e-08  -1         1.7e-11   1         5.8e-08  -8.8e-07 
   8.8e-07   1.7e-11   1         5.8e-08  -1         1.7e-11   1         5.8e-08  -8.8e-07 
   8.8e-07   1.7e-11   1         5.8e-08  -1         1.7e-11   1         5.8e-08  -8.8e-07 
   8.8e-07   1.7e-11   1         5.8e-08  -1         1.7e-11   1         5.8e-08  -8.8e-07 
   8.8e-07   1.7e-11   1         5.8e-08  -1         1.7e-11   1         5.8e-08  -8.8e-07 
   8.8e-07   1.7e-11   1         5.8e-08  -1         1.7e-11   1         5.8e-08  -8.8e-07 
   8.8e-07   1.7e-11   1         5.8e-08  -1         1.7e-11   1         5.8e-08  -8.8e-07 
   8.8e-07   1.7e-11   1         5.8e-08  -1         1.7e-11   1         5.8e-08  -8.8e-07 
   8.8e-07   1.7e-11   1         5.8e-08  -1         1.7e-11   1         5.8e-08  -8.8e-07 
   8.8e-07   1.7e-11   1         5.8e-08  -1         1.7e-11   1         5.8e-08  -8.8e-07 
   8.8e-07   1.7e-11   1         5.8e-08  -1         1.7e-11   1         5.8e-08  -8.8e-07 
   8.8e-07   1.7e-11   1         5.8e-08  -1         1.7e-11   1         5.8e-08  -8.8e-07 
   8.8e-07   1.7e-11   1         5.8e-08  -1         1.7e-11   1         5.8e-08  -8.8e-07 
   8.8e-07   1.7e-11   1         5.8e-08  -1         1.7e-11   1         5.8e-08  -8.8e-07 
   8.8e-07   1.7e-11   1         5.8e-08  -1         1.7e-11   1         5.8e-08  -8.8e-07 
   8.8e-07   1.7e-11   1         5.8e-08  -1         1.7e-11   1         5.8e-08  -8.8e-07 
  -1.7e-11   8.8e-07   1         1         5.8e-08   1.7e-11  -5.8e-08   1        -8.8e-07 
   8.8e-07   1.7e-11   1         5.8e-08  -1         1.7e-11   1         5.8e-08  -8.8e-07 
   8.8e-07   1.7e-11   1         5.8e-08  -1         1.7e-11   1         5.8e-08  -8.8e-07 
   8.8e-07   1.7e-11   1         5.8e-08  -1         1.7e-11   1         5.8e-08  -8.8e-07 
  -1.7e-11   8.8e-07   1         1         5.8e-08   1.7e-11  -5.8e-08   1        -8.8e-07 
   8.8e-07   1.7e-11   1         5.8e-08  -1         1.7e-11   1         5.8e-08  -8.8e-07 
   8.8e-07   1.7e-11   1         5.8e-08  -1         1.7e-11   1         5.8e-08  -8.8e-07 
   8.8e-07   1.7e-11   1         5.8e-08  -1         1.7e-11   1         5.8e-08  -8.8e-07 
   8.8e-07   1.7e-11   1         5.8e-08  -1         1.7e-11   1         5.8e-08  -8.8e-07 
   8.8e-07   1.7e-11   1         5.8e-08  -1         1.7e-11   1         5.8e-08  -8.8e-07 
   8.8e-07   1.7e-11   1         5.8e-08  -1         1.7e-11   1         5.8e-08  -8.8e-07 
   8.8e-07   1.7e-11   1         5.8e-08  -1         1.7e-11   1         5.8e-08  -8.8e-07 
   8.8e-07   1.7e-11   1         5.8e-08  -1         1.7e-11   1         5.8e-08  -8.8e-07 
   8.8e-07   1.7e-11   1         5.8e-08  -1         1.7e-11   1         5.8e-08  -8.8e-07 
   8.8e-07   1.7e-11   1         5.8e-08  -1         1.7e-11   1         5.8e-08  -8.8e-07 
  -1.7e-11   8.8e-07   1         1         5.8e-08   1.7e-11  -5.8e-08   1        -8.8e-07 
  -1.7e-11   8.8e-07   1         1         5.8e-08   1.7e-11  -5.8e-08   1        -8.8e-07 
   8.8e-07   1.7e-11   1         5.8e-08  -1         1.7e-11   1         5.8e-08  -8.8e-07 
   8.8e-07   1.7e-11   1         5.8e-08  -1         1.7e-11   1         5.8e-08  -8.8e-07 
   8.8e-07   1.7e-11   1         5.8e-08  -1         1.7e-11   1         5.8e-08  -8.8e-07 
  -1.7e-11   8.8e-07   1         1         5.8e-08   1.7e-11  -5.8e-08   1        -8.8e-07 
  -1.7e-11   8.8e-07   1         1         5.8e-08   1.7e-11  -5.8e-08   1        -8.8e-07 
   8.8e-07   1.7e-11   1         5.8e-08  -1         1.7e-11   1         5.8e-08  -8.8e-07 
   8.8e-07   1.7e-11   1         5.8e-08  -1         1.7e-11   1         5.8e-08  -8.8e-07 
   8.8e-07   1.7e-11   1         5.8e-08  -1         1.7e-11   1         5.8e-08  -8.8e-07 
   8.8e-07   1.7e-11   1         5.8e-08  -1         1.7e-11   1         5.8e-08  -8.8e-07 
   8.8e-07   1.7e-11   1         5.8e-08  -1         1.7e-11   1         5.8e-08  -8.8e-07 
   8.8e-07   1.7e-11   1         5.8e-08  -1         1.7e-11   1         5.8e-08  -8.8e-07 
   8.8e-07   1.7e-11   1         5.8e-08  -1         1.7e-11   1         5.8e-08  -8.8e-07 
   8.8e-07   1.7e-11   1         5.8e-08  -1         1.7e-11   1         5.8e-08  -8.8e-07 
   8.8e-07   1.7e-11   1         5.8e-08  -1         1.7e-11   1         5.8e-08  -8.8e-07 
   8.8e-07   1.7e-11   1         5.8e-08  -1         1.7e-11   1         5.8e-08  -8.8e-07 
   8.8e-07   1.7e-11   1         5.8e-08  -1         1.7e-11   1         5.8e-08  -8.8e-07 
   8.8e-07   1.7e-11   1         5.8e-08  -1         1.7e-11   1         5.8e-08  -8.8e-07 
   8.8e-07   1.7e-11   1         5.8e-08  -1         1.7e-11   1         5.8e-08  -8.8e-07 
   8.8e-07   1.7e-11   1         5.8e-08  -1         1.7e-11   1         5.8e-08  -8.8e-07 
   8.8e-07   1.7e-11   1         5.8e-08  -1         1.7e-11   1         5.8e-08  -8.8e-07 
   8.8e-07   1.7e-11   1         5.8e-08  -1         1.7e-11   1         5.8e-08  -8.8e-07 
   8.8e-07   1.7e-11   1         5.8e-08  -1         1.7e-11   1         5.8e-08  -8.8e-07 
   8.8e-07   1.7e-11   1         5.8e-08  -1         1.7e-11   1         5.8e-08  -8.8e-07 
   8.8e-07   1.7e-11   1         5.8e-08  -1         1.7e-11   1         5.8e-08  -8.8e-07 
   8.8e-07   1.7e-11   1         5.8e-08  -1         1.7e-11   1         5.8e-08  -8.8e-07 
  -1.7e-11   8.8e-07   1         1         5.8e-08   1.7e-11  -5.8e-08   1        -8.8e-07 
   8.8e-07   1.7e-11   1         5.8e-08  -1         1.7e-11   1         5.8e-08  -8.8e-07 
   8.8e-07   1.7e-11   1         5.8e-08  -1         1.7e-11   1         5.8e-08  -8.8e-07 
   8.8e-07   1.7e-11   1         5.8e-08  -1         1.7e-11   1         5.8e-08  -8.8e-07 
  -1.7e-11   8.8e-07   1         1         5.8e-08   1.7e-11  -5.8e-08   1        -8.8e-07 
   8.8e-07   1.7e-11   1         5.8e-08  -1         1.7e-11   1         5.8e-08  -8.8e-07 
   8.8e-07   1.7e-11   1         5.8e-08  -1         1.7e-11   1         5.8e-08  -8.8e-07 
   8.8e-07   1.7e-11   1         5.8e-08  -1         1.7e-11   1         5.8e-08  -8.8e-07 
   8.8e-07   1.7e-11   1         5.8e-08  -1         1.7e-11   1         5.8e-08  -8.8e-07 
   8.8e-07   1.7e-11   1         5.8e-08  -1         1.7e-11   1         5.8e-08  -8.8e-07 
  -1.7e-11  -1         8.8e-07   1        -1.7e-11   5.8e-08  -5.8e-08   8.8e-07   1       
  -1.7e-11  -1         8.8e-07   1        -1.7e-11   5.8e-08  -5.8e-08   8.8e-07   1       
  -1.7e-11  -1         8.8e-07   1        -1.7e-11   5.8e-08  -5.8e-08   8.8e-07   1       
  -1.7e-11  -1         8.8e-07   1        -1.7e-11   5.8e-08  -5.8e-08   8.8e-07   1       
  -1.7e-11  -1         8.8e-07   1        -1.7e-11   5.8e-08  -5.8e-08   8.8e-07   1       
  -1.7e-11  -1         8.8e-07   1        -1.7e-11   5.8e-08  -5.8e-08   8.8e-07   1       
   8.8e-07  -1         1.7e-11   5.8e-08  -1.7e-11  -1         1         8.8e-07   5.8e-08 
   8.8e-07  -1         1.7e-11   5.8e-08  -1.7e-11  -1         1         8.8e-07   5.8e-08 
   8.8e-07  -1         1.7e-11   5.8e-08  -1.7e-11  -1         1         8.8e-07   5.8e-08 
   8.8e-07  -1         1.7e-11   5.8e-08  -1.7e-11  -1         1         8.8e-07   5.8e-08 
   8.8e-07  -1         1.7e-11   5.8e-08  -1.7e-11  -1         1         8.8e-07   5.8e-08 
   8.8e-07  -1         1.7e-11   5.8e-08  -1.7e-11  -1         1         8.8e-07   5.8e-08 
   8.8e-07  -1         1.7e-11   5.8e-08  -1.7e-11  -1         1         8.8e-07   5.8e-08 
   8.8e-07  -1         1.7e-11   5.8e-08  -1.7e-11  -1         1         8.8e-07   5.8e-08 
   8.8e-07  -1         1.7e-11   5.8e-08  -1.7e-11  -1         1         8.8e-07   5.8e-08 
   8.8e-07  -1         1.7e-11   5.8e-08  -1.7e-11  -1         1         8.8e-07   5.8e-08 
   8.8e-07  -1         1.7e-11   5.8e-08  -1.7e-11  -1         1         8.8e-07   5.8e-08 
   8.8e-07  -1         1.7e-11   5.8e-08  -1.7e-11  -1         1         8.8e-07   5.8e-08 
   8.8e-07  -1         1.7e-11   5.8e-08  -1.7e-11  -1         1         8.8e-07   5.8e-08 
   8.8e-07  -1         1.7e-11   5.8e-08  -1.7e-11  -1         1         8.8e-07   5.8e-08 
   1         8.8e-07   1.7e-11   1.7e-11   5.8e-08  -1        -8.8e-07   1         5.8e-08 
   1         8.8e-07   1.7e-11   1.7e-11   5.8e-08  -1        -8.8e-07   1         5.8e-08 
   1        -1.7e-11   8.8e-07   1.7e-11   1         5.8e-08  -8.8e-07  -5.8e-08   1       
   8.8e-07  -1         1.7e-11   5.8e-08  -1.7e-11  -1         1         8.8e-07   5.8e-08 
   8.8e-07  -1         1.7e-11   5.8e-08  -1.7e-11  -1         1         8.8e-07   5.8e-08 
   1         8.8e-07   1.7e-11   1.7e-11   5.8e-08  -1        -8.8e-07   1         5.8e-08 
  -1.7e-11  -1         8.8e-07   1        -1.7e-11   5.8e-08  -5.8e-08   8.8e-07   1       
   8.8e-07   1.7e-11   1         5.8e-08  -1         1.7e-11   1         5.8e-08  -8.8e-07 
   8.8e-07   1.7e-11   1         5.8e-08  -1         1.7e-11   1         5.8e-08  -8.8e-07 
   8.8e-07   1.7e-11   1         5.8e-08  -1         1.7e-11   1         5.8e-08  -8.8e-07 
   8.8e-07   1.7e-11   1         5.8e-08  -1         1.7e-11   1         5.8e-08  -8.8e-07 
   8.8e-07  -1         1.7e-11   5.8e-08  -1.7e-11  -1         1         8.8e-07   5.8e-08 
  -1.7e-11  -1         8.8e-07   1        -1.7e-11   5.8e-08  -5.8e-08   8.8e-07   1       
   8.8e-07  -1         1.7e-11   5.8e-08  -1.7e-11  -1         1         8.8e-07   5.8e-08 
   8.8e-07   1.7e-11   1         5.8e-08  -1         1.7e-11   1         5.8e-08  -8.8e-07 
   8.8e-07   1.7e-11   1         5.8e-08  -1         1.7e-11   1         5.8e-08  -8.8e-07 
   8.8e-07   1.7e-11   1         5.8e-08  -1         1.7e-11   1         5.8e-08  -8.8e-07 
   8.8e-07  -1         1.7e-11   5.8e-08  -1.7e-11  -1         1         8.8e-07   5.8e-08 
   8.8e-07  -1         1.7e-11   5.8e-08  -1.7e-11  -1         1         8.8e-07   5.8e-08 
   8.8e-07   1.7e-11   1         5.8e-08  -1         1.7e-11   1         5.8e-08  -8.8e-07 
   8.8e-07   1.7e-11   1         5.8e-08  -1         1.7e-11   1         5.8e-08  -8.8e-07 
   8.8e-07   1.7e-11   1         5.8e-08  -1         1.7e-11   1         5.8e-08  -8.8e-07 
   8.8e-07   1.7e-11   1         5.8e-08  -1         1.7e-11   1         5.8e-08  -8.8e-07 
   8.8e-07   1.7e-11   1         5.8e-08  -1         1.7e-11   1         5.8e-08  -8.8e-07 
   8.8e-07   1.7e-11   1         5.8e-08  -1         1.7e-11   1         5.8e-08  -8.8e-07 
   8.8e-07   1.7e-11   1         5.8e-08  -1         1.7e-11   1         5.8e-08  -8.8e-07 
   8.8e-07   1.7e-11   1         5.8e-08  -1         1.7e-11   1         5.8e-08  -8.8e-07 
   8.8e-07   1.7e-11   1         5.8e-08  -1         1.7e-11   1         5.8e-08  -8.8e-07 
   8.8e-07   1.7e-11   1         5.8e-08  -1         1.7e-11   1         5.8e-08  -8.8e-07 
   8.8e-07   1.7e-11   1         5.8e-08  -1         1.7e-11   1         5.8e-08  -8.8e-07 
   8.8e-07   1.7e-11   1         5.8e-08  -1         1.7e-11   1         5.8e-08  -8.8e-07 
   8.8e-07   1.7e-11   1         5.8e-08  -1         1.7e-11   1         5.8e-08  -8.8e-07 
   8.8e-07   1.7e-11   1         5.8e-08  -1         1.7e-11   1         5.8e-08  -8.8e-07 
   8.8e-07   1.7e-11   1         5.8e-08  -1         1.7e-11   1         5.8e-08  -8.8e-07 
   8.8e-07   1.7e-11   1         5.8e-08  -1         1.7e-11   1         5.8e-08  -8.8e-07 
   8.8e-07   1.7e-11   1         5.8e-08  -1         1.7e-11   1         5.8e-08  -8.8e-07 
   8.8e-07   1.7e-11   1         5.8e-08  -1         1.7e-11   1         5.8e-08  -8.8e-07 
   8.8e-07   1.7e-11   1         5.8e-08  -1         1.7e-11   1         5.8e-08  -8.8e-07 
   8.8e-07   1.7e-11   1         5.8e-08  -1         1.7e-11   1         5.8e-08  -8.8e-07 
   8.8e-07   1.7e-11   1         5.8e-08  -1         1.7e-11   1         5.8e-08  -8.8e-07 
   8.8e-07   1.7e-11   1         5.8e-08  -1         1.7e-11   1         5.8e-08  -8.8e-07 
   8.8e-07   1.7e-11   1         5.8e-08  -1         1.7e-11   1         5.8e-08  -8.8e-07 
   8.8e-07   1.7e-11   1         5.8e-08  -1         1.7e-11   1         5.8e-08  -8.8e-07 
   8.8e-07   1.7e-11   1         5.8e-08  -1         1.7e-11   1         5.8e-08  -8.8e-07 
   8.8e-07   1.7e-11   1         5.8e-08  -1         1.7e-11   1         5.8e-08  -8.8e-07 
   8.8e-07   1.7e-11   1         5.8e-08  -1         1.7e-11   1         5.8e-08  -8.8e-07 
   8.8e-07   1.7e-11   1         5.8e-08  -1         1.7e-11   1         5.8e-08  -8.8e-07 
   8.8e-07   1.7e-11   1         5.8e-08  -1         1.7e-11   1         5.8e-08  -8.8e-07 
   8.8e-07   1.7e-11   1         5.8e-08  -1         1.7e-11   1         5.8e-08  -8.8e-07 
   8.8e-07   1.7e-11   1         5.8e-08  -1         1.7e-11   1         5.8e-08  -8.8e-07 
   8.8e-07   1.7e-11   1         5.8e-08  -1         1.7e-11   1         5.8e-08  -8.8e-07 
   8.8e-07   1.7e-11   1         5.8e-08  -1         1.7e-11   1         5.8e-08  -8.8e-07 
   8.8e-07   1.7e-11   1         5.8e-08  -1         1.7e-11   1         5.8e-08  -8.8e-07 
   8.8e-07   1.7e-11   1         5.8e-08  -1         1.7e-11   1         5.8e-08  -8.8e-07 
   8.8e-07   1.7e-11   1         5.8e-08  -1         1.7e-11   1         5.8e-08  -8.8e-07 
   8.8e-07   1.7e-11   1         5.8e-08  -1         1.7e-11   1         5.8e-08  -8.8e-07 
   8.8e-07   1.7e-11   1         5.8e-08  -1         1.7e-11   1         5.8e-08  -8.8e-07 
   8.8e-07   1.7e-11   1         5.8e-08  -1         1.7e-11   1         5.8e-08  -8.8e-07 
   8.8e-07   1.7e-11   1         5.8e-08  -1         1.7e-11   1         5.8e-08  -8.8e-07 
   8.8e-07   1.7e-11   1         5.8e-08  -1         1.7e-11   1         5.8e-08  -8.8e-07 
   8.8e-07   1.7e-11   1         5.8e-08  -1         1.7e-11   1         5.8e-08  -8.8e-07 
   8.8e-07   1.7e-11   1         5.8e-08  -1         1.7e-11   1         5.8e-08  -8.8e-07 
   8.8e-07   1.7e-11   1         5.8e-08  -1         1.7e-11   1         5.8e-08  -8.8e-07 
   8.8e-07   1.7e-11   1         5.8e-08  -1         1.7e-11   1         5.8e-08  -8.8e-07 
   8.8e-07   1.7e-11   1         5.8e-08  -1         1.7e-11   1         5.8e-08  -8.8e-07 
   8.8e-07   1.7e-11   1         5.8e-08  -1         1.7e-11   1         5.8e-08  -8.8e-07 
   8.8e-07   1.7e-11   1         5.8e-08  -1         1.7e-11   1         5.8e-08  -8.8e-07 
   8.8e-07   1.7e-11   1         5.8e-08  -1         1.7e-11   1         5.8e-08  -8.8e-07 
   8.8e-07   1.7e-11   1         5.8e-08  -1         1.7e-11   1         5.8e-08  -8.8e-07 
   8.8e-07   1.7e-11   1         5.8e-08  -1         1.7e-11   1         5.8e-08  -8.8e-07 
   8.8e-07   1.7e-11   1         5.8e-08  -1         1.7e-11   1         5.8e-08  -8.8e-07 
   8.8e-07   1.7e-11   1         5.8e-08  -1         1.7e-11   1         5.8e-08  -8.8e-07 
   8.8e-07   1.7e-11   1         5.8e-08  -1         1.7e-11   1         5.8e-08  -8.8e-07 
   8.8e-07   1.7e-11   1         5.8e-08  -1         1.7e-11   1         5.8e-08  -8.8e-07 
   8.8e-07   1.7e-11   1         5.8e-08  -1         1.7e-11   1         5.8e-08  -8.8e-07 
   8.8e-07   1.7e-11   1         5.8e-08  -1         1.7e-11   1         5.8e-08  -8.8e-07 
   8.8e-07   1.7e-11   1         5.8e-08  -1         1.7e-11   1         5.8e-08  -8.8e-07 
   8.8e-07   1.7e-11   1         5.8e-08  -1         1.7e-11   1         5.8e-08  -8.8e-07 
   8.8e-07   1.7e-11   1         5.8e-08  -1         1.7e-11   1         5.8e-08  -8.8e-07 
   8.8e-07   1.7e-11   1         5.8e-08  -1         1.7e-11   1         5.8e-08  -8.8e-07 
   8.8e-07   1.7e-11   1         5.8e-08  -1         1.7e-11   1         5.8e-08  -8.8e-07 
   8.8e-07   1.7e-11   1         5.8e-08  -1         1.7e-11   1         5.8e-08  -8.8e-07 
   8.8e-07   1.7e-11   1         5.8e-08  -1         1.7e-11   1         5.8e-08  -8.8e-07 
   8.8e-07   1.7e-11   1         5.8e-08  -1         1.7e-11   1         5.8e-08  -8.8e-07 
   8.8e-07   1.7e-11   1         5.8e-08  -1         1.7e-11   1         5.8e-08  -8.8e-07 
   8.8e-07   1.7e-11   1         5.8e-08  -1         1.7e-11   1         5.8e-08  -8.8e-07 
   8.8e-07   1.7e-11   1         5.8e-08  -1         1.7e-11   1         5.8e-08  -8.8e-07 
   8.8e-07   1.7e-11   1         5.8e-08  -1         1.7e-11   1         5.8e-08  -8.8e-07 
   8.8e-07   1.7e-11   1         5.8e-08  -1         1.7e-11   1         5.8e-08  -8.8e-07 
   8.8e-07   1.7e-11   1         5.8e-08  -1         1.7e-11   1         5.8e-08  -8.8e-07 
   8.8e-07   1.7e-11   1         5.8e-08  -1         1.7e-11   1         5.8e-08  -8.8e-07 
   8.8e-07   1.7e-11   1         5.8e-08  -1         1.7e-11   1         5.8e-08  -8.8e-07 
   8.8e-07   1.7e-11   1         5.8e-08  -1         1.7e-11   1         5.8e-08  -8.8e-07 
   8.8e-07   1.7e-11   1         5.8e-08  -1         1.7e-11   1         5.8e-08  -8.8e-07 
   8.8e-07   1.7e-11   1         5.8e-08  -1         1.7e-11   1         5.8e-08  -8.8e-07 
   8.8e-07   1.7e-11   1         5.8e-08  -1         1.7e-11   1         5.8e-08  -8.8e-07 
   8.8e-07   1.7e-11   1         5.8e-08  -1         1.7e-11   1         5.8e-08  -8.8e-07 
   8.8e-07   1.7e-11   1         5.8e-08  -1         1.7e-11   1         5.8e-08  -8.8e-07 
   8.8e-07   1.7e-11   1         5.8e-08  -1         1.7e-11   1         5.8e-08  -8.8e-07 
   8.8e-07   1.7e-11   1         5.8e-08  -1         1.7e-11   1         5.8e-08  -8.8e-07 
   8.8e-07   1.7e-11   1         5.8e-08  -1         1.7e-11   1         5.8e-08  -8.8e-07 
   8.8e-07   1.7e-11   1         5.8e-08  -1         1.7e-11   1         5.8e-08  -8.8e-07 
   8.8e-07   1.7e-11   1         5.8e-08  -1         1.7e-11   1         5.8e-08  -8.8e-07 
   8.8e-07   1.7e-11   1         5.8e-08  -1         1.7e-11   1         5.8e-08  -8.8e-07 
  -1.7e-11   8.8e-07   1         1         5.8e-08   1.7e-11  -5.8e-08   1        -8.8e-07 
  -1.7e-11  -1         8.8e-07   1        -1.7e-11   5.8e-08  -5.8e-08   8.8e-07   1       
  -1.7e-11  -1         8.8e-07   1        -1.7e-11   5.8e-08  -5.8e-08   8.8e-07   1       
  -1.7e-11   8.8e-07   1         1         5.8e-08   1.7e-11  -5.8e-08   1        -8.8e-07 
  -1.7e-11  -1         8.8e-07   1        -1.7e-11   5.8e-08  -5.8e-08   8.8e-07   1       
  -1.7e-11  -1         8.8e-07   1        -1.7e-11   5.8e-08  -5.8e-08   8.8e-07   1       
  -1.7e-11   8.8e-07   1         1         5.8e-08   1.7e-11  -5.8e-08   1        -8.8e-07 
   1         8.8e-07   1.7e-11   1.7e-11   5.8e-08  -1        -8.8e-07   1         5.8e-08 
  -1.7e-11   8.8e-07   1         1         5.8e-08   1.7e-11  -5.8e-08   1        -8.8e-07 
   1         8.8e-07   1.7e-11   1.7e-11   5.8e-08  -1        -8.8e-07   1         5.8e-08 
   1         8.8e-07   1.7e-11   1.7e-11   5.8e-08  -1        -8.8e-07   1         5.8e-08 
   1         8.8e-07   1.7e-11   1.7e-11   5.8e-08  -1        -8.8e-07   1         5.8e-08 
   1        -1.7e-11   8.8e-07   1.7e-11   1         5.8e-08  -8.8e-07  -5.8e-08   1       
   8.8e-07  -1         1.7e-11   5.8e-08  -1.7e-11  -1         1         8.8e-07   5.8e-08 
   8.8e-07  -1         1.7e-11   5.8e-08  -1.7e-11  -1         1         8.8e-07   5.8e-08 
   1        -1.7e-11   8.8e-07   1.7e-11   1         5.8e-08  -8.8e-07  -5.8e-08   1       
   8.8e-07  -1         1.7e-11   5.8e-08  -1.7e-11  -1         1         8.8e-07   5.8e-08 
   8.8e-07  -1         1.7e-11   5.8e-08  -1.7e-11  -1         1         8.8e-07   5.8e-08 
   1        -1.7e-11   8.8e-07   1.7e-11   1         5.8e-08  -8.8e-07  -5.8e-08   1       
   8.8e-07  -1         1.7e-11   5.8e-08  -1.7e-11  -1         1         8.8e-07   5.8e-08 
   8.8e-07  -1         1.7e-11   5.8e-08  -1.7e-11  -1         1         8.8e-07   5.8e-08 
   1        -1.7e-11   8.8e-07   1.7e-11   1         5.8e-08  -8.8e-07  -5.8e-08   1       
   8.8e-07  -1         1.7e-11   5.8e-08  -1.7e-11  -1         1         8.8e-07   5.8e-08 
   8.8e-07  -1         1.7e-11   5.8e-08  -1.7e-11  -1         1         8.8e-07   5.8e-08 
   1        -1.7e-11   8.8e-07   1.7e-11   1         5.8e-08  -8.8e-07  -5.8e-08   1       
   8.8e-07  -1         1.7e-11   5.8e-08  -1.7e-11  -1         1         8.8e-07   5.8e-08 
   8.8e-07  -1         1.7e-11   5.8e-08  -1.7e-11  -1         1         8.8e-07   5.8e-08 
  -1.7e-11   8.8e-07   1         1         5.8e-08   1.7e-11  -5.8e-08   1        -8.8e-07 
  -1.7e-11   8.8e-07   1         1         5.8e-08   1.7e-11  -5.8e-08   1        -8.8e-07 
  -1.7e-11   8.8e-07   1         1         5.8e-08   1.7e-11  -5.8e-08   1        -8.8e-07 
  -1.7e-11   8.8e-07   1         1         5.8e-08   1.7e-11  -5.8e-08   1        -8.8e-07 
   8.8e-07   1.7e-11   1         5.8e-08  -1         1.7e-11   1         5.8e-08  -8.8e-07 
   1         8.8e-07   1.7e-11   1.7e-11   5.8e-08  -1        -8.8e-07   1         5.8e-08 
   1         8.8e-07   1.7e-11   1.7e-11   5.8e-08  -1        -8.8e-07   1         5.8e-08 
   1        -1.7e-11   8.8e-07   1.7e-11   1         5.8e-08  -8.8e-07  -5.8e-08   1       
   8.8e-07  -1         1.7e-11   5.8e-08  -1.7e-11  -1         1         8.8e-07   5.8e-08 
   8.8e-07  -1         1.7e-11   5.8e-08  -1.7e-11  -1         1         8.8e-07   5.8e-08 
   1         8.8e-07   1.7e-11   1.7e-11   5.8e-08  -1        -8.8e-07   1         5.8e-08 
  -1.7e-11  -1         8.8e-07   1        -1.7e-11   5.8e-08  -5.8e-08   8.8e-07   1       
   8.8e-07   1.7e-11   1         5.8e-08  -1         1.7e-11   1         5.8e-08  -8.8e-07 
   8.8e-07   1.7e-11   1         5.8e-08  -1         1.7e-11   1         5.8e-08  -8.8e-07 
  -1.7e-11   8.8e-07   1         1         5.8e-08   1.7e-11  -5.8e-08   1        -8.8e-07 
   1        -1.7e-11   8.8e-07   1.7e-11   1         5.8e-08  -8.8e-07  -5.8e-08   1       
   8.8e-07  -1         1.7e-11   5.8e-08  -1.7e-11  -1         1         8.8e-07   5.8e-08 
   8.8e-07  -1         1.7e-11   5.8e-08  -1.7e-11  -1         1         8.8e-07   5.8e-08 
   1        -1.7e-11   8.8e-07   1.7e-11   1         5.8e-08  -8.8e-07  -5.8e-08   1       
   8.8e-07  -1         1.7e-11   5.8e-08  -1.7e-11  -1         1         8.8e-07   5.8e-08 
   8.8e-07  -1         1.7e-11   5.8e-08  -1.7e-11  -1         1         8.8e-07   5.8e-08 
   8.8e-07  -1         1.7e-11   5.8e-08  -1.7e-11  -1         1         8.8e-07   5.8e-08 
  -1.7e-11   8.8e-07   1         1         5.8e-08   1.7e-11  -5.8e-08   1        -8.8e-07 
   8.8e-07  -1         1.7e-11   5.8e-08  -1.7e-11  -1         1         8.8e-07   5.8e-08 
   1        -1.7e-11   8.8e-07   1.7e-11   1         5.8e-08  -8.8e-07  -5.8e-08   1       
   8.8e-07  -1         1.7e-11   5.8e-08  -1.7e-11  -1         1         8.8e-07   5.8e-08 
   8.8e-07  -1         1.7e-11   5.8e-08  -1.7e-11  -1         1         8.8e-07   5.8e-08 
   1        -1.7e-11   8.8e-07   1.7e-11   1         5.8e-08  -8.8e-07  -5.8e-08   1       
  -1.7e-11   8.8e-07   1         1         5.8e-08   1.7e-11  -5.8e-08   1        -8.8e-07 
   8.8e-07  -1         1.7e-11   5.8e-08  -1.7e-11  -1         1         8.8e-07   5.8e-08 
   8.8e-07  -1         1.7e-11   5.8e-08  -1.7e-11  -1         1         8.8e-07   5.8e-08 
   1        -1.7e-11   8.8e-07   1.7e-11   1         5.8e-08  -8.8e-07  -5.8e-08   1       
   1         8.8e-07   1.7e-11   1.7e-11   5.8e-08  -1        -8.8e-07   1         5.8e-08 
   1         8.8e-07   1.7e-11   1.7e-11   5.8e-08  -1        -8.8e-07   1         5.8e-08 
  -1.7e-11   8.8e-07   1         1         5.8e-08   1.7e-11  -5.8e-08   1        -8.8e-07 
  -1.7e-11   8.8e-07   1         1         5.8e-08   1.7e-11  -5.8e-08   1        -8.8e-07 
  -1.7e-11   8.8e-07   1         1         5.8e-08   1.7e-11  -5.8e-08   1        -8.8e-07 
  -1.7e-11   8.8e-07   1         1         5.8e-08   1.7e-11  -5.8e-08   1        -8.8e-07 
   1         8.8e-07   1.7e-11   1.7e-11   5.8e-08  -1        -8.8e-07   1         5.8e-08 
   1         8.8e-07   1.7e-11   1.7e-11   5.8e-08  -1        -8.8e-07   1         5.8e-08 
  -1.7e-11   8.8e-07   1         1         5.8e-08   1.7e-11  -5.8e-08   1        -8.8e-07 
  -1.7e-11   8.8e-07   1         1         5.8e-08   1.7e-11  -5.8e-08   1        -8.8e-07 
   1         8.8e-07   1.7e-11   1.7e-11   5.8e-08  -1        -8.8e-07   1         5.8e-08 
   1         8.8e-07   1.7e-11   1.7e-11   5.8e-08  -1        -8.8e-07   1         5.8e-08 
  -1.7e-11   8.8e-07   1         1         5.8e-08   1.7e-11  -5.8e-08   1        -8.8e-07 
  -1.7e-11   8.8e-07   1         1         5.8e-08   1.7e-11  -5.8e-08   1        -8.8e-07 
   1         8.8e-07   1.7e-11   1.7e-11   5.8e-08  -1        -8.8e-07   1         5.8e-08 
   1         8.8e-07   1.7e-11   1.7e-11   5.8e-08  -1        -8.8e-07   1         5.8e-08 
  -1.7e-11   8.8e-07   1         1         5.8e-08   1.7e-11  -5.8e-08   1        -8.8e-07 
  -1.7e-11   8.8e-07   1         1         5.8e-08   1.7e-11  -5.8e-08   1        -8.8e-07 
   1         8.8e-07   1.7e-11   1.7e-11   5.8e-08  -1        -8.8e-07   1         5.8e-08 
   1         8.8e-07   1.7e-11   1.7e-11   5.8e-08  -1        -8.8e-07   1         5.8e-08 
   8.8e-07  -1         1.7e-11   5.8e-08  -1.7e-11  -1         1         8.8e-07   5.8e-08 
   8.8e-07  -1         1.7e-11   5.8e-08  -1.7e-11  -1         1         8.8e-07   5.8e-08 
   8.8e-07   1.7e-11   1         5.8e-08  -1         1.7e-11   1         5.8e-08  -8.8e-07 
   8.8e-07   1.7e-11   1         5.8e-08  -1         1.7e-11   1         5.8e-08  -8.8e-07 
   8.8e-07   1.7e-11   1         5.8e-08  -1         1.7e-11   1         5.8e-08  -8.8e-07 
   1        -1.7e-11   8.8e-07   1.7e-11   1         5.8e-08  -8.8e-07  -5.8e-08   1       
   1         8.8e-07  -0.0033   -0.0033    5.8e-08  -1        -8.8e-07   1         6.1e-08 
   1         8.8e-07  -0.0033   -0.0033    5.8e-08  -1        -8.8e-07   1         6.1e-08 
   0.0033    8.8e-07   1         1         5.8e-08  -0.0033   -6.1e-08   1        -8.8e-07 
   0.0033    8.8e-07   1         1         5.8e-08  -0.0033   -6.1e-08   1        -8.8e-07 
   1         8.8e-07  -0.0033   -0.0033    5.8e-08  -1        -8.8e-07   1         6.1e-08 
   1         8.8e-07  -0.0033   -0.0033    5.8e-08  -1        -8.8e-07   1         6.1e-08 
   0.0033    8.8e-07   1         1         5.8e-08  -0.0033   -6.1e-08   1        -8.8e-07 
   0.0033    8.8e-07   1         1         5.8e-08  -0.0033   -6.1e-08   1        -8.8e-07 
   1         8.8e-07  -0.0033   -0.0033    5.8e-08  -1        -8.8e-07   1         6.1e-08 
   1         8.8e-07  -0.0033   -0.0033    5.8e-08  -1        -8.8e-07   1         6.1e-08 
   0.0033    8.8e-07   1         1         5.8e-08  -0.0033   -6.1e-08   1        -8.8e-07 
   0.0033    8.8e-07   1         1         5.8e-08  -0.0033   -6.1e-08   1        -8.8e-07 
   1         8.8e-07  -0.0033   -0.0033    5.8e-08  -1        -8.8e-07   1         6.1e-08 
   1         8.8e-07  -0.0033   -0.0033    5.8e-08  -1        -8.8e-07   1         6.1e-08 
   0.0033    8.8e-07   1         1         5.8e-08  -0.0033   -6.1e-08   1        -8.8e-07 
   0.0033    8.8e-07   1         1         5.8e-08  -0.0033   -6.1e-08   1        -8.8e-07 
   0.0033    8.8e-07   1         1         5.8e-08  -0.0033   -6.1e-08   1        -8.8e-07 
   0.0033    8.8e-07   1         1         5.8e-08  -0.0033   -6.1e-08   1        -8.8e-07 
   1         8.8e-07  -0.0033   -0.0033    5.8e-08  -1        -8.8e-07   1         6.1e-08 
   1         8.8e-07  -0.0033   -0.0033    5.8e-08  -1        -8.8e-07   1         6.1e-08 
   1         8.8e-07   0.0033    0.0033    5.8e-08  -1        -8.8e-07   1         5.5e-08 
   1         8.8e-07   0.0033    0.0033    5.8e-08  -1        -8.8e-07   1         5.5e-08 
  -0.0033    8.8e-07   1         1         5.8e-08   0.0033   -5.5e-08   1        -8.8e-07 
  -0.0033    8.8e-07   1         1         5.8e-08   0.0033   -5.5e-08   1        -8.8e-07 
   1         8.8e-07   0.0033    0.0033    5.8e-08  -1        -8.8e-07   1         5.5e-08 
   1         8.8e-07   0.0033    0.0033    5.8e-08  -1        -8.8e-07   1         5.5e-08 
  -0.0033    8.8e-07   1         1         5.8e-08   0.0033   -5.5e-08   1        -8.8e-07 
  -0.0033    8.8e-07   1         1         5.8e-08   0.0033   -5.5e-08   1        -8.8e-07 
   8.8e-07   1.7e-11   1         5.8e-08  -1         1.7e-11   1         5.8e-08  -8.8e-07 
   8.8e-07  -1         1.7e-11   5.8e-08  -1.7e-11  -1         1         8.8e-07   5.8e-08 
   8.8e-07  -1         1.7e-11   5.8e-08  -1.7e-11  -1         1         8.8e-07   5.8e-08 
   8.8e-07  -1         1.7e-11   5.8e-08  -1.7e-11  -1         1         8.8e-07   5.8e-08 
   8.8e-07  -1         1.7e-11   5.8e-08  -1.7e-11  -1         1         8.8e-07   5.8e-08 
   8.8e-07  -1         1.7e-11   5.8e-08  -1.7e-11  -1         1         8.8e-07   5.8e-08 
   8.8e-07  -1         1.7e-11   5.8e-08  -1.7e-11  -1         1         8.8e-07   5.8e-08 
   8.8e-07  -1         1.7e-11   5.8e-08  -1.7e-11  -1         1         8.8e-07   5.8e-08 
   8.8e-07  -1         1.7e-11   5.8e-08  -1.7e-11  -1         1         8.8e-07   5.8e-08 
   8.8e-07  -1         1.7e-11   5.8e-08  -1.7e-11  -1         1         8.8e-07   5.8e-08 
   8.8e-07  -1         1.7e-11   5.8e-08  -1.7e-11  -1         1         8.8e-07   5.8e-08 
   8.8e-07  -1         1.7e-11   5.8e-08  -1.7e-11  -1         1         8.8e-07   5.8e-08 
   8.8e-07  -1         1.7e-11   5.8e-08  -1.7e-11  -1         1         8.8e-07   5.8e-08 
   8.8e-07  -1         1.7e-11   5.8e-08  -1.7e-11  -1         1         8.8e-07   5.8e-08 
   8.8e-07  -1         1.7e-11   5.8e-08  -1.7e-11  -1         1         8.8e-07   5.8e-08 
   1        -1.7e-11   8.8e-07   1.7e-11   1         5.8e-08  -8.8e-07  -5.8e-08   1       
   8.8e-07   1.7e-11   1         5.8e-08  -1         1.7e-11   1         5.8e-08  -8.8e-07 
   1         8.8e-07   1.7e-11   1.7e-11   5.8e-08  -1        -8.8e-07   1         5.8e-08 
   1         8.8e-07   1.7e-11   1.7e-11   5.8e-08  -1        -8.8e-07   1         5.8e-08 
  -1.7e-11  -1         8.8e-07   1        -1.7e-11   5.8e-08  -5.8e-08   8.8e-07   1       
   8.8e-07   1.7e-11   1         5.8e-08  -1         1.7e-11   1         5.8e-08  -8.8e-07 
   8.8e-07   1.7e-11   1         5.8e-08  -1         1.7e-11   1         5.8e-08  -8.8e-07 
   1         8.8e-07   1.7e-11   1.7e-11   5.8e-08  -1        -8.8e-07   1         5.8e-08 
   1        -1.7e-11   8.8e-07   1.7e-11   1         5.8e-08  -8.8e-07  -5.8e-08   1       
   8.8e-07  -1         1.7e-11   5.8e-08  -1.7e-11  -1         1         8.8e-07   5.8e-08 
   8.8e-07  -1         1.7e-11   5.8e-08  -1.7e-11  -1         1         8.8e-07   5.8e-08 
  -1.7e-11   8.8e-07   1         1         5.8e-08   1.7e-11  -5.8e-08   1        -8.8e-07 
   8.8e-07   1.7e-11   1         5.8e-08  -1         1.7e-11   1         5.8e-08  -8.8e-07 
   8.8e-07   1.7e-11   1         5.8e-08  -1         1.7e-11   1         5.8e-08  -8.8e-07 
   8.8e-07  -1         1.7e-11   5.8e-08  -1.7e-11  -1         1         8.8e-07   5.8e-08 
  -1.7e-11  -1         8.8e-07   1        -1.7e-11   5.8e-08  -5.8e-08   8.8e-07   1       
   8.8e-07  -1         1.7e-11   5.8e-08  -1.7e-11  -1         1         8.8e-07   5.8e-08 
   8.8e-07   1.7e-11   1         5.8e-08  -1         1.7e-11   1         5.8e-08  -8.8e-07 
   8.8e-07   1.7e-11   1         5.8e-08  -1         1.7e-11   1         5.8e-08  -8.8e-07 
   8.8e-07   1.7e-11   1         5.8e-08  -1         1.7e-11   1         5.8e-08  -8.8e-07 
   8.8e-07   1.7e-11   1         5.8e-08  -1         1.7e-11   1         5.8e-08  -8.8e-07 
   8.8e-07  -1         1.7e-11   5.8e-08  -1.7e-11  -1         1         8.8e-07   5.8e-08 
   8.8e-07  -1         1.7e-11   5.8e-08  -1.7e-11  -1         1         8.8e-07   5.8e-08 
   8.8e-07   1.7e-11   1         5.8e-08  -1         1.7e-11   1         5.8e-08  -8.8e-07 
   8.8e-07   1.7e-11   1         5.8e-08  -1         1.7e-11   1         5.8e-08  -8.8e-07 
   8.8e-07   1.7e-11   1         5.8e-08  -1         1.7e-11   1         5.8e-08  -8.8e-07 
   8.8e-07   1.7e-11   1         5.8e-08  -1         1.7e-11   1         5.8e-08  -8.8e-07 
   8.8e-07   1.7e-11   1         5.8e-08  -1         1.7e-11   1         5.8e-08  -8.8e-07 
   8.8e-07   1.7e-11   1         5.8e-08  -1         1.7e-11   1         5.8e-08  -8.8e-07 
   8.8e-07   1.7e-11   1         5.8e-08  -1         1.7e-11   1         5.8e-08  -8.8e-07 
   8.8e-07   1.7e-11   1         5.8e-08  -1         1.7e-11   1         5.8e-08  -8.8e-07 
   8.8e-07   1.7e-11   1         5.8e-08  -1         1.7e-11   1         5.8e-08  -8.8e-07 
   8.8e-07   1.7e-11   1         5.8e-08  -1         1.7e-11   1         5.8e-08  -8.8e-07 
   8.8e-07   1.7e-11   1         5.8e-08  -1         1.7e-11   1         5.8e-08  -8.8e-07 
   8.8e-07   1.7e-11   1         5.8e-08  -1         1.7e-11   1         5.8e-08  -8.8e-07 
   8.8e-07   1.7e-11   1         5.8e-08  -1         1.7e-11   1         5.8e-08  -8.8e-07 
   8.8e-07   1.7e-11   1         5.8e-08  -1         1.7e-11   1         5.8e-08  -8.8e-07 
   8.8e-07   1.7e-11   1         5.8e-08  -1         1.7e-11   1         5.8e-08  -8.8e-07 
   8.8e-07   1.7e-11   1         5.8e-08  -1         1.7e-11   1         5.8e-08  -8.8e-07 
   8.8e-07   1.7e-11   1         5.8e-08  -1         1.7e-11   1         5.8e-08  -8.8e-07 
   8.8e-07   1.7e-11   1         5.8e-08  -1         1.7e-11   1         5.8e-08  -8.8e-07 
   8.8e-07   1.7e-11   1         5.8e-08  -1         1.7e-11   1         5.8e-08  -8.8e-07 
   8.8e-07   1.7e-11   1         5.8e-08  -1         1.7e-11   1         5.8e-08  -8.8e-07 
   8.8e-07   1.7e-11   1         5.8e-08  -1         1.7e-11   1         5.8e-08  -8.8e-07 
   8.8e-07   1.7e-11   1         5.8e-08  -1         1.7e-11   1         5.8e-08  -8.8e-07 
   8.8e-07   1.7e-11   1         5.8e-08  -1         1.7e-11   1         5.8e-08  -8.8e-07 
   8.8e-07   1.7e-11   1         5.8e-08  -1         1.7e-11   1         5.8e-08  -8.8e-07 
   8.8e-07   1.7e-11   1         5.8e-08  -1         1.7e-11   1         5.8e-08  -8.8e-07 
   8.8e-07   1.7e-11   1         5.8e-08  -1         1.7e-11   1         5.8e-08  -8.8e-07 
   8.8e-07   1.7e-11   1         5.8e-08  -1         1.7e-11   1         5.8e-08  -8.8e-07 
   8.8e-07   1.7e-11   1         5.8e-08  -1         1.7e-11   1         5.8e-08  -8.8e-07 
   8.8e-07   1.7e-11   1         5.8e-08  -1         1.7e-11   1         5.8e-08  -8.8e-07 
   8.8e-07   1.7e-11   1         5.8e-08  -1         1.7e-11   1         5.8e-08  -8.8e-07 
   8.8e-07   1.7e-11   1         5.8e-08  -1         1.7e-11   1         5.8e-08  -8.8e-07 
   8.8e-07   1.7e-11   1         5.8e-08  -1         1.7e-11   1         5.8e-08  -8.8e-07 
   8.8e-07   1.7e-11   1         5.8e-08  -1         1.7e-11   1         5.8e-08  -8.8e-07 
   8.8e-07   1.7e-11   1         5.8e-08  -1         1.7e-11   1         5.8e-08  -8.8e-07 
   8.8e-07   1.7e-11   1         5.8e-08  -1         1.7e-11   1         5.8e-08  -8.8e-07 
   8.8e-07   1.7e-11   1         5.8e-08  -1         1.7e-11   1         5.8e-08  -8.8e-07 
   8.8e-07   1.7e-11   1         5.8e-08  -1         1.7e-11   1         5.8e-08  -8.8e-07 
   8.8e-07   1.7e-11   1         5.8e-08  -1         1.7e-11   1         5.8e-08  -8.8e-07 
   8.8e-07   1.7e-11   1         5.8e-08  -1         1.7e-11   1         5.8e-08  -8.8e-07 
   8.8e-07   1.7e-11   1         5.8e-08  -1         1.7e-11   1         5.8e-08  -8.8e-07 
   8.8e-07   1.7e-11   1         5.8e-08  -1         1.7e-11   1         5.8e-08  -8.8e-07 
   8.8e-07   1.7e-11   1         5.8e-08  -1         1.7e-11   1         5.8e-08  -8.8e-07 
   8.8e-07   1.7e-11   1         5.8e-08  -1         1.7e-11   1         5.8e-08  -8.8e-07 
   8.8e-07   1.7e-11   1         5.8e-08  -1         1.7e-11   1         5.8e-08  -8.8e-07 
   8.8e-07   1.7e-11   1         5.8e-08  -1         1.7e-11   1         5.8e-08  -8.8e-07 
   8.8e-07   1.7e-11   1         5.8e-08  -1         1.7e-11   1         5.8e-08  -8.8e-07 
   8.8e-07   1.7e-11   1         5.8e-08  -1         1.7e-11   1         5.8e-08  -8.8e-07 
   8.8e-07   1.7e-11   1         5.8e-08  -1         1.7e-11   1         5.8e-08  -8.8e-07 
   8.8e-07   1.7e-11   1         5.8e-08  -1         1.7e-11   1         5.8e-08  -8.8e-07 
   8.8e-07   1.7e-11   1         5.8e-08  -1         1.7e-11   1         5.8e-08  -8.8e-07 
   8.8e-07   1.7e-11   1         5.8e-08  -1         1.7e-11   1         5.8e-08  -8.8e-07 
   8.8e-07   1.7e-11   1         5.8e-08  -1         1.7e-11   1         5.8e-08  -8.8e-07 
   8.8e-07   1.7e-11   1         5.8e-08  -1         1.7e-11   1         5.8e-08  -8.8e-07 
   8.8e-07   1.7e-11   1         5.8e-08  -1         1.7e-11   1         5.8e-08  -8.8e-07 
   8.8e-07   1.7e-11   1         5.8e-08  -1         1.7e-11   1         5.8e-08  -8.8e-07 
   8.8e-07   1.7e-11   1         5.8e-08  -1         1.7e-11   1         5.8e-08  -8.8e-07 
   8.8e-07   1.7e-11   1         5.8e-08  -1         1.7e-11   1         5.8e-08  -8.8e-07 
   8.8e-07   1.7e-11   1         5.8e-08  -1         1.7e-11   1         5.8e-08  -8.8e-07 
   8.8e-07   1.7e-11   1         5.8e-08  -1         1.7e-11   1         5.8e-08  -8.8e-07 
   8.8e-07   1.7e-11   1         5.8e-08  -1         1.7e-11   1         5.8e-08  -8.8e-07 
   8.8e-07   1.7e-11   1         5.8e-08  -1         1.7e-11   1         5.8e-08  -8.8e-07 
   8.8e-07   1.7e-11   1         5.8e-08  -1         1.7e-11   1         5.8e-08  -8.8e-07 
   8.8e-07   1.7e-11   1         5.8e-08  -1         1.7e-11   1         5.8e-08  -8.8e-07 
   8.8e-07   1.7e-11   1         5.8e-08  -1         1.7e-11   1         5.8e-08  -8.8e-07 
   8.8e-07   1.7e-11   1         5.8e-08  -1         1.7e-11   1         5.8e-08  -8.8e-07 
   8.8e-07   1.7e-11   1         5.8e-08  -1         1.7e-11   1         5.8e-08  -8.8e-07 
   8.8e-07   1.7e-11   1         5.8e-08  -1         1.7e-11   1         5.8e-08  -8.8e-07 
   8.8e-07   1.7e-11   1         5.8e-08  -1         1.7e-11   1         5.8e-08  -8.8e-07 
   8.8e-07   1.7e-11   1         5.8e-08  -1         1.7e-11   1         5.8e-08  -8.8e-07 
   8.8e-07   1.7e-11   1         5.8e-08  -1         1.7e-11   1         5.8e-08  -8.8e-07 
   8.8e-07   1.7e-11   1         5.8e-08  -1         1.7e-11   1         5.8e-08  -8.8e-07 
   8.8e-07   1.7e-11   1         5.8e-08  -1         1.7e-11   1         5.8e-08  -8.8e-07 
   8.8e-07   1.7e-11   1         5.8e-08  -1         1.7e-11   1         5.8e-08  -8.8e-07 
   8.8e-07   1.7e-11   1         5.8e-08  -1         1.7e-11   1         5.8e-08  -8.8e-07 
   8.8e-07   1.7e-11   1         5.8e-08  -1         1.7e-11   1         5.8e-08  -8.8e-07 
   8.8e-07   1.7e-11   1         5.8e-08  -1         1.7e-11   1         5.8e-08  -8.8e-07 
   8.8e-07   1.7e-11   1         5.8e-08  -1         1.7e-11   1         5.8e-08  -8.8e-07 
   8.8e-07   1.7e-11   1         5.8e-08  -1         1.7e-11   1         5.8e-08  -8.8e-07 
   8.8e-07   1.7e-11   1         5.8e-08  -1         1.7e-11   1         5.8e-08  -8.8e-07 
   8.8e-07   1.7e-11   1         5.8e-08  -1         1.7e-11   1         5.8e-08  -8.8e-07 
   8.8e-07   1.7e-11   1         5.8e-08  -1         1.7e-11   1         5.8e-08  -8.8e-07 
   8.8e-07   1.7e-11   1         5.8e-08  -1         1.7e-11   1         5.8e-08  -8.8e-07 
   8.8e-07   1.7e-11   1         5.8e-08  -1         1.7e-11   1         5.8e-08  -8.8e-07 
   8.8e-07   1.7e-11   1         5.8e-08  -1         1.7e-11   1         5.8e-08  -8.8e-07 
   8.8e-07   1.7e-11   1         5.8e-08  -1         1.7e-11   1         5.8e-08  -8.8e-07 
  -1.7e-11   8.8e-07   1         1         5.8e-08   1.7e-11  -5.8e-08   1        -8.8e-07 
  -1.7e-11  -1         8.8e-07   1        -1.7e-11   5.8e-08  -5.8e-08   8.8e-07   1       
  -1.7e-11  -1         8.8e-07   1        -1.7e-11   5.8e-08  -5.8e-08   8.8e-07   1       
  -1.7e-11   8.8e-07   1         1         5.8e-08   1.7e-11  -5.8e-08   1        -8.8e-07 
  -1.7e-11  -1         8.8e-07   1        -1.7e-11   5.8e-08  -5.8e-08   8.8e-07   1       
  -1.7e-11  -1         8.8e-07   1        -1.7e-11   5.8e-08  -5.8e-08   8.8e-07   1       
  -1.7e-11   8.8e-07   1         1         5.8e-08   1.7e-11  -5.8e-08   1        -8.8e-07 
   1         8.8e-07   1.7e-11   1.7e-11   5.8e-08  -1        -8.8e-07   1         5.8e-08 
  -1.7e-11   8.8e-07   1         1         5.8e-08   1.7e-11  -5.8e-08   1        -8.8e-07 
   1         8.8e-07   1.7e-11   1.7e-11   5.8e-08  -1        -8.8e-07   1         5.8e-08 
   1         8.8e-07   1.7e-11   1.7e-11   5.8e-08  -1        -8.8e-07   1         5.8e-08 
   1         8.8e-07   1.7e-11   1.7e-11   5.8e-08  -1        -8.8e-07   1         5.8e-08 
   1        -1.7e-11   8.8e-07   1.7e-11   1         5.8e-08  -8.8e-07  -5.8e-08   1       
   8.8e-07  -1         1.7e-11   5.8e-08  -1.7e-11  -1         1         8.8e-07   5.8e-08 
   8.8e-07  -1         1.7e-11   5.8e-08  -1.7e-11  -1         1         8.8e-07   5.8e-08 
  -1.7e-11  -1         8.8e-07   1        -1.7e-11   5.8e-08  -5.8e-08   8.8e-07   1       
   8.8e-07   1.7e-11   1         5.8e-08  -1         1.7e-11   1         5.8e-08  -8.8e-07 
   8.8e-07   1.7e-11   1         5.8e-08  -1         1.7e-11   1         5.8e-08  -8.8e-07 
   1        -1.7e-11   8.8e-07   1.7e-11   1         5.8e-08  -8.8e-07  -5.8e-08   1       
   8.8e-07  -1         1.7e-11   5.8e-08  -1.7e-11  -1         1         8.8e-07   5.8e-08 
   8.8e-07  -1         1.7e-11   5.8e-08  -1.7e-11  -1         1         8.8e-07   5.8e-08 
  -1.7e-11  -1         8.8e-07   1        -1.7e-11   5.8e-08  -5.8e-08   8.8e-07   1       
   8.8e-07   1.7e-11   1         5.8e-08  -1         1.7e-11   1         5.8e-08  -8.8e-07 
   8.8e-07   1.7e-11   1         5.8e-08  -1         1.7e-11   1         5.8e-08  -8.8e-07 
   1        -1.7e-11   8.8e-07   1.7e-11   1         5.8e-08  -8.8e-07  -5.8e-08   1       
   8.8e-07  -1         1.7e-11   5.8e-08  -1.7e-11  -1         1         8.8e-07   5.8e-08 
   8.8e-07  -1         1.7e-11   5.8e-08  -1.7e-11  -1         1         8.8e-07   5.8e-08 
  -1.7e-11   8.8e-07   1         1         5.8e-08   1.7e-11  -5.8e-08   1        -8.8e-07 
  -1.7e-11   8.8e-07   1         1         5.8e-08   1.7e-11  -5.8e-08   1        -8.8e-07 
  -1.7e-11   8.8e-07   1         1         5.8e-08   1.7e-11  -5.8e-08   1        -8.8e-07 
  -1.7e-11   8.8e-07   1         1         5.8e-08   1.7e-11  -5.8e-08   1        -8.8e-07 
   1         8.8e-07   1.7e-11   1.7e-11   5.8e-08  -1        -8.8e-07   1         5.8e-08 
   1         8.8e-07   1.7e-11   1.7e-11   5.8e-08  -1        -8.8e-07   1         5.8e-08 
  -1.7e-11  -1         8.8e-07   1        -1.7e-11   5.8e-08  -5.8e-08   8.8e-07   1       
   8.8e-07   1.7e-11   1         5.8e-08  -1         1.7e-11   1         5.8e-08  -8.8e-07 
   8.8e-07   1.7e-11   1         5.8e-08  -1         1.7e-11   1         5.8e-08  -8.8e-07 
   1         8.8e-07   1.7e-11   1.7e-11   5.8e-08  -1        -8.8e-07   1         5.8e-08 
   1        -1.7e-11   8.8e-07   1.7e-11   1         5.8e-08  -8.8e-07  -5.8e-08   1       
   8.8e-07  -1         1.7e-11   5.8e-08  -1.7e-11  -1         1         8.8e-07   5.8e-08 
   8.8e-07  -1         1.7e-11   5.8e-08  -1.7e-11  -1         1         8.8e-07   5.8e-08 
  -1.7e-11   8.8e-07   1         1         5.8e-08   1.7e-11  -5.8e-08   1        -8.8e-07 
   1        -1.7e-11   8.8e-07   1.7e-11   1         5.8e-08  -8.8e-07  -5.8e-08   1       
   8.8e-07  -1         1.7e-11   5.8e-08  -1.7e-11  -1         1         8.8e-07   5.8e-08 
   8.8e-07  -1         1.7e-11   5.8e-08  -1.7e-11  -1         1         8.8e-07   5.8e-08 
   1        -1.7e-11   8.8e-07   1.7e-11   1         5.8e-08  -8.8e-07  -5.8e-08   1       
   8.8e-07  -1         1.7e-11   5.8e-08  -1.7e-11  -1         1         8.8e-07   5.8e-08 
   8.8e-07  -1         1.7e-11   5.8e-08  -1.7e-11  -1         1         8.8e-07   5.8e-08 
   8.8e-07  -1         1.7e-11   5.8e-08  -1.7e-11  -1         1         8.8e-07   5.8e-08 
  -1.7e-11   8.8e-07   1         1         5.8e-08   1.7e-11  -5.8e-08   1        -8.8e-07 
   8.8e-07  -1         1.7e-11   5.8e-08  -1.7e-11  -1         1         8.8e-07   5.8e-08 
   1        -1.7e-11   8.8e-07   1.7e-11   1         5.8e-08  -8.8e-07  -5.8e-08   1       
   8.8e-07  -1         1.7e-11   5.8e-08  -1.7e-11  -1         1         8.8e-07   5.8e-08 
   8.8e-07  -1         1.7e-11   5.8e-08  -1.7e-11  -1         1         8.8e-07   5.8e-08 
   1        -1.7e-11   8.8e-07   1.7e-11   1         5.8e-08  -8.8e-07  -5.8e-08   1       
   8.8e-07  -1         1.7e-11   5.8e-08  -1.7e-11  -1         1         8.8e-07   5.8e-08 
   8.8e-07  -1         1.7e-11   5.8e-08  -1.7e-11  -1         1         8.8e-07   5.8e-08 
   1        -1.7e-11   8.8e-07   1.7e-11   1         5.8e-08  -8.8e-07  -5.8e-08   1       
   8.8e-07   1.7e-11   1         5.8e-08  -1         1.7e-11   1         5.8e-08  -8.8e-07 
   8.8e-07   1.7e-11   1         5.8e-08  -1         1.7e-11   1         5.8e-08  -8.8e-07 
   8.8e-07  -1         1.7e-11   5.8e-08  -1.7e-11  -1         1         8.8e-07   5.8e-08 
   8.8e-07  -1         1.7e-11   5.8e-08  -1.7e-11  -1         1         8.8e-07   5.8e-08 
   1         8.8e-07  -0.0033   -0.0033    5.8e-08  -1        -8.8e-07   1         6.1e-08 
   1         8.8e-07  -0.0033   -0.0033    5.8e-08  -1        -8.8e-07   1         6.1e-08 
   0.0033    8.8e-07   1         1         5.8e-08  -0.0033   -6.1e-08   1        -8.8e-07 
   0.0033    8.8e-07   1         1         5.8e-08  -0.0033   -6.1e-08   1        -8.8e-07 
   1         8.8e-07  -0.0033   -0.0033    5.8e-08  -1        -8.8e-07   1         6.1e-08 
   1         8.8e-07  -0.0033   -0.0033    5.8e-08  -1        -8.8e-07   1         6.1e-08 
   0.0033    8.8e-07   1         1         5.8e-08  -0.0033   -6.1e-08   1        -8.8e-07 
   0.0033    8.8e-07   1         1         5.8e-08  -0.0033   -6.1e-08   1        -8.8e-07 
   0.0033    8.8e-07   1         1         5.8e-08  -0.0033   -6.1e-08   1        -8.8e-07 
   0.0033    8.8e-07   1         1         5.8e-08  -0.0033   -6.1e-08   1        -8.8e-07 
   1         8.8e-07  -0.0033   -0.0033    5.8e-08  -1        -8.8e-07   1         6.1e-08 
   1         8.8e-07  -0.0033   -0.0033    5.8e-08  -1        -8.8e-07   1         6.1e-08 
   8.8e-07  -5e-08     1        -0.057    -1         1.7e-11   1        -0.057    -8.8e-07 
   8.8e-07  -1        -5e-08    -0.057    -1.7e-11  -1         1         8.8e-07  -0.057   
  -1.7e-11  -1         8.8e-07   1        -1.7e-11   5.8e-08  -5.8e-08   8.8e-07   1       
   8.8e-07   1.7e-11   1         5.8e-08  -1         1.7e-11   1         5.8e-08  -8.8e-07 
   8.8e-07   1.7e-11   1         5.8e-08  -1         1.7e-11   1         5.8e-08  -8.8e-07 
   8.8e-07  -1         1.7e-11   5.8e-08  -1.7e-11  -1         1         8.8e-07   5.8e-08 
   8.8e-07  -1         1.7e-11   5.8e-08  -1.7e-11  -1         1         8.8e-07   5.8e-08 
   8.8e-07  -1         1.7e-11   5.8e-08  -1.7e-11  -1         1         8.8e-07   5.8e-08 
   8.8e-07  -1         1.7e-11   5.8e-08  -1.7e-11  -1         1         8.8e-07   5.8e-08 
   8.8e-07  -1         1.7e-11   5.8e-08  -1.7e-11  -1         1         8.8e-07   5.8e-08 
   8.8e-07   1.7e-11   1         5.8e-08  -1         1.7e-11   1         5.8e-08  -8.8e-07 
   8.8e-07  -1         1.7e-11   5.8e-08  -1.7e-11  -1         1         8.8e-07   5.8e-08 
   8.8e-07   1.7e-11   1         5.8e-08  -1         1.7e-11   1         5.8e-08  -8.8e-07 
   8.8e-07   1.7e-11   1         5.8e-08  -1         1.7e-11   1         5.8e-08  -8.8e-07 
   8.8e-07   1.7e-11   1         5.8e-08  -1         1.7e-11   1         5.8e-08  -8.8e-07 
   8.8e-07  -1         1.7e-11   5.8e-08  -1.7e-11  -1         1         8.8e-07   5.8e-08 
   8.8e-07  -1         1.7e-11   5.8e-08  -1.7e-11  -1         1         8.8e-07   5.8e-08 
   8.8e-07   1.7e-11   1         5.8e-08  -1         1.7e-11   1         5.8e-08  -8.8e-07 
   8.8e-07   1.7e-11   1         5.8e-08  -1         1.7e-11   1         5.8e-08  -8.8e-07 
   8.8e-07   1.7e-11   1         5.8e-08  -1         1.7e-11   1         5.8e-08  -8.8e-07 
   8.8e-07  -1         1.7e-11   5.8e-08  -1.7e-11  -1         1         8.8e-07   5.8e-08 
   8.8e-07  -1         1.7e-11   5.8e-08  -1.7e-11  -1         1         8.8e-07   5.8e-08 
   8.8e-07   1.7e-11   1         5.8e-08  -1         1.7e-11   1         5.8e-08  -8.8e-07 
   1        -1.7e-11   8.8e-07   1.7e-11   1         5.8e-08  -8.8e-07  -5.8e-08   1       
   8.8e-07  -1         1.7e-11   5.8e-08  -1.7e-11  -1         1         8.8e-07   5.8e-08 
   8.8e-07  -1         1.7e-11   5.8e-08  -1.7e-11  -1         1         8.8e-07   5.8e-08 
   8.8e-07  -1         1.7e-11   5.8e-08  -1.7e-11  -1         1         8.8e-07   5.8e-08 
   8.8e-07  -1         1.7e-11   5.8e-08  -1.7e-11  -1         1         8.8e-07   5.8e-08 
   8.8e-07  -1         1.7e-11   5.8e-08  -1.7e-11  -1         1         8.8e-07   5.8e-08 
   8.8e-07  -1         1.7e-11   5.8e-08  -1.7e-11  -1         1         8.8e-07   5.8e-08 
   8.8e-07  -1         1.7e-11   5.8e-08  -1.7e-11  -1         1         8.8e-07   5.8e-08 
   8.8e-07  -1         1.7e-11   5.8e-08  -1.7e-11  -1         1         8.8e-07   5.8e-08 
   8.8e-07  -1         1.7e-11   5.8e-08  -1.7e-11  -1         1         8.8e-07   5.8e-08 
   8.8e-07  -1         1.7e-11   5.8e-08  -1.7e-11  -1         1         8.8e-07   5.8e-08 
   8.8e-07  -1         1.7e-11   5.8e-08  -1.7e-11  -1         1         8.8e-07   5.8e-08 
   8.8e-07  -1         1.7e-11   5.8e-08  -1.7e-11  -1         1         8.8e-07   5.8e-08 
   8.8e-07  -1         1.7e-11   5.8e-08  -1.7e-11  -1         1         8.8e-07   5.8e-08 
   8.8e-07  -1         1.7e-11   5.8e-08  -1.7e-11  -1         1         8.8e-07   5.8e-08 
   8.8e-07   1.7e-11   1         5.8e-08  -1         1.7e-11   1         5.8e-08  -8.8e-07 
   8.8e-07   1.7e-11   1         5.8e-08  -1         1.7e-11   1         5.8e-08  -8.8e-07 
   8.8e-07  -1         1.7e-11   5.8e-08  -1.7e-11  -1         1         8.8e-07   5.8e-08 
   8.8e-07  -1         1.7e-11   5.8e-08  -1.7e-11  -1         1         8.8e-07   5.8e-08 
   8.8e-07  -1         1.7e-11   5.8e-08  -1.7e-11  -1         1         8.8e-07   5.8e-08 
  -1.7e-11   8.8e-07   1         1         5.8e-08   1.7e-11  -5.8e-08   1        -8.8e-07 
  -1.7e-11   8.8e-07   1         1         5.8e-08   1.7e-11  -5.8e-08   1        -8.8e-07 
  -1.7e-11   8.8e-07   1         1         5.8e-08   1.7e-11  -5.8e-08   1        -8.8e-07 
   8.8e-07   1.7e-11   1         5.8e-08  -1         1.7e-11   1         5.8e-08  -8.8e-07 
  -1.7e-11   8.8e-07   1         1         5.8e-08   1.7e-11  -5.8e-08   1        -8.8e-07 
  -1.7e-11  -1         8.8e-07   1        -1.7e-11   5.8e-08  -5.8e-08   8.8e-07   1       
   1         8.8e-07   1.7e-11   1.7e-11   5.8e-08  -1        -8.8e-07   1         5.8e-08 
   1         8.8e-07   1.7e-11   1.7e-11   5.8e-08  -1        -8.8e-07   1         5.8e-08 
   8.8e-07  -1         1.7e-11   5.8e-08  -1.7e-11  -1         1         8.8e-07   5.8e-08 
   8.8e-07  -1         1.7e-11   5.8e-08  -1.7e-11  -1         1         8.8e-07   5.8e-08 
   8.8e-07   1.7e-11   1         5.8e-08  -1         1.7e-11   1         5.8e-08  -8.8e-07 
   8.8e-07  -1         1.7e-11   5.8e-08  -1.7e-11  -1         1         8.8e-07   5.8e-08 
   8.8e-07  -1         1.7e-11   5.8e-08  -1.7e-11  -1         1         8.8e-07   5.8e-08 
   8.8e-07  -1         1.7e-11   5.8e-08  -1.7e-11  -1         1         8.8e-07   5.8e-08 
   8.8e-07  -1         1.7e-11   5.8e-08  -1.7e-11  -1         1         8.8e-07   5.8e-08 
   8.8e-07  -1         1.7e-11   5.8e-08  -1.7e-11  -1         1         8.8e-07   5.8e-08 
   8.8e-07  -1         1.7e-11   5.8e-08  -1.7e-11  -1         1         8.8e-07   5.8e-08 
   8.8e-07  -1         1.7e-11   5.8e-08  -1.7e-11  -1         1         8.8e-07   5.8e-08 
   8.8e-07  -1         1.7e-11   5.8e-08  -1.7e-11  -1         1         8.8e-07   5.8e-08 
   8.8e-07  -1         1.7e-11   5.8e-08  -1.7e-11  -1         1         8.8e-07   5.8e-08 
   8.8e-07  -1         1.7e-11   5.8e-08  -1.7e-11  -1         1         8.8e-07   5.8e-08 
   8.8e-07  -1         1.7e-11   5.8e-08  -1.7e-11  -1         1         8.8e-07   5.8e-08 
   1        -1.7e-11   8.8e-07   1.7e-11   1         5.8e-08  -8.8e-07  -5.8e-08   1       
   1        -1.7e-11   8.8e-07   1.7e-11   1         5.8e-08  -8.8e-07  -5.8e-08   1       
   1        -1.7e-11   8.8e-07   1.7e-11   1         5.8e-08  -8.8e-07  -5.8e-08   1       
   1        -1.7e-11   8.8e-07   1.7e-11   1         5.8e-08  -8.8e-07  -5.8e-08   1       
   1        -1.7e-11   8.8e-07   1.7e-11   1         5.8e-08  -8.8e-07  -5.8e-08   1       
   1        -1.7e-11   8.8e-07   1.7e-11   1         5.8e-08  -8.8e-07  -5.8e-08   1       
   1        -1.7e-11   8.8e-07   1.7e-11   1         5.8e-08  -8.8e-07  -5.8e-08   1       
   1        -1.7e-11   8.8e-07   1.7e-11   1         5.8e-08  -8.8e-07  -5.8e-08   1       
   1        -1.7e-11   8.8e-07   1.7e-11   1         5.8e-08  -8.8e-07  -5.8e-08   1       
   1        -1.7e-11   8.8e-07   1.7e-11   1         5.8e-08  -8.8e-07  -5.8e-08   1       
   1        -1.7e-11   8.8e-07   1.7e-11   1         5.8e-08  -8.8e-07  -5.8e-08   1       
   8.8e-07  -1         1.7e-11   5.8e-08  -1.7e-11  -1         1         8.8e-07   5.8e-08 
   8.8e-07  -1         1.7e-11   5.8e-08  -1.7e-11  -1         1         8.8e-07   5.8e-08 
   8.8e-07  -1         1.7e-11   5.8e-08  -1.7e-11  -1         1         8.8e-07   5.8e-08 
   8.8e-07  -1         1.7e-11   5.8e-08  -1.7e-11  -1         1         8.8e-07   5.8e-08 
   8.8e-07  -1         1.7e-11   5.8e-08  -1.7e-11  -1         1         8.8e-07   5.8e-08 
   8.8e-07  -1         1.7e-11   5.8e-08  -1.7e-11  -1         1         8.8e-07   5.8e-08 
   8.8e-07  -1         1.7e-11   5.8e-08  -1.7e-11  -1         1         8.8e-07   5.8e-08 
   8.8e-07  -1         1.7e-11   5.8e-08  -1.7e-11  -1         1         8.8e-07   5.8e-08 
   8.8e-07  -1         1.7e-11   5.8e-08  -1.7e-11  -1         1         8.8e-07   5.8e-08 
   8.8e-07  -1         1.7e-11   5.8e-08  -1.7e-11  -1         1         8.8e-07   5.8e-08 
   8.8e-07  -1         1.7e-11   5.8e-08  -1.7e-11  -1         1         8.8e-07   5.8e-08 
   8.8e-07  -1         1.7e-11   5.8e-08  -1.7e-11  -1         1         8.8e-07   5.8e-08 
   8.8e-07  -1         1.7e-11   5.8e-08  -1.7e-11  -1         1         8.8e-07   5.8e-08 
   8.8e-07  -1         1.7e-11   5.8e-08  -1.7e-11  -1         1         8.8e-07   5.8e-08 
   8.8e-07  -1         1.7e-11   5.8e-08  -1.7e-11  -1         1         8.8e-07   5.8e-08 
   8.8e-07  -1         1.7e-11   5.8e-08  -1.7e-11  -1         1         8.8e-07   5.8e-08 
   8.8e-07  -1         1.7e-11   5.8e-08  -1.7e-11  -1         1         8.8e-07   5.8e-08 
   8.8e-07  -1         1.7e-11   5.8e-08  -1.7e-11  -1         1         8.8e-07   5.8e-08 
   8.8e-07  -1         1.7e-11   5.8e-08  -1.7e-11  -1         1         8.8e-07   5.8e-08 
   8.8e-07  -1         1.7e-11   5.8e-08  -1.7e-11  -1         1         8.8e-07   5.8e-08 
   8.8e-07  -1         1.7e-11   5.8e-08  -1.7e-11  -1         1         8.8e-07   5.8e-08 
   8.8e-07  -1         1.7e-11   5.8e-08  -1.7e-11  -1         1         8.8e-07   5.8e-08 
   8.8e-07  -1         1.7e-11   5.8e-08  -1.7e-11  -1         1         8.8e-07   5.8e-08 
   8.8e-07  -1         1.7e-11   5.8e-08  -1.7e-11  -1         1         8.8e-07   5.8e-08 
   8.8e-07  -1         1.7e-11   5.8e-08  -1.7e-11  -1         1         8.8e-07   5.8e-08 
  -1.7e-11   8.8e-07   1         1         5.8e-08   1.7e-11  -5.8e-08   1        -8.8e-07 
   1        -1.7e-11   8.8e-07   1.7e-11   1         5.8e-08  -8.8e-07  -5.8e-08   1       
  -1.7e-11   8.8e-07   1         1         5.8e-08   1.7e-11  -5.8e-08   1        -8.8e-07 
  -1.7e-11   8.8e-07   1         1         5.8e-08   1.7e-11  -5.8e-08   1        -8.8e-07 
  -1.7e-11  -1         8.8e-07   1        -1.7e-11   5.8e-08  -5.8e-08   8.8e-07   1       
  -1.7e-11   8.8e-07   1         1         5.8e-08   1.7e-11  -5.8e-08   1        -8.8e-07 
  -1.7e-11   8.8e-07   1         1         5.8e-08   1.7e-11  -5.8e-08   1        -8.8e-07 
   1         8.8e-07   1.7e-11   1.7e-11   5.8e-08  -1        -8.8e-07   1         5.8e-08 
  -1.7e-11   8.8e-07   1         1         5.8e-08   1.7e-11  -5.8e-08   1        -8.8e-07 
  -1.7e-11   8.8e-07   1         1         5.8e-08   1.7e-11  -5.8e-08   1        -8.8e-07 
  -1.7e-11  -1         8.8e-07   1        -1.7e-11   5.8e-08  -5.8e-08   8.8e-07   1       
   8.8e-07  -1         1.7e-11   5.8e-08  -1.7e-11  -1         1         8.8e-07   5.8e-08 
   1        -1.7e-11   8.8e-07   1.7e-11   1         5.8e-08  -8.8e-07  -5.8e-08   1       
  -1.7e-11  -1         8.8e-07   1        -1.7e-11   5.8e-08  -5.8e-08   8.8e-07   1       
   1         8.8e-07   1.7e-11   1.7e-11   5.8e-08  -1        -8.8e-07   1         5.8e-08 
   1         8.8e-07   1.7e-11   1.7e-11   5.8e-08  -1        -8.8e-07   1         5.8e-08 
   8.8e-07  -1         1.7e-11   5.8e-08  -1.7e-11  -1         1         8.8e-07   5.8e-08 
   1        -1.7e-11   8.8e-07   1.7e-11   1         5.8e-08  -8.8e-07  -5.8e-08   1       
   1         8.8e-07   1.7e-11   1.7e-11   5.8e-08  -1        -8.8e-07   1         5.8e-08 
   1        -1.7e-11   8.8e-07   1.7e-11   1         5.8e-08  -8.8e-07  -5.8e-08   1       
   1         8.8e-07   1.7e-11   1.7e-11   5.8e-08  -1        -8.8e-07   1         5.8e-08 
   1         8.8e-07   1.7e-11   1.7e-11   5.8e-08  -1        -8.8e-07   1         5.8e-08 
  -1.7e-11  -1         8.8e-07   1        -1.7e-11   5.8e-08  -5.8e-08   8.8e-07   1       
  -1.7e-11  -1         8.8e-07   1        -1.7e-11   5.8e-08  -5.8e-08   8.8e-07   1       
   1        -1.7e-11   8.8e-07   1.7e-11   1         5.8e-08  -8.8e-07  -5.8e-08   1       
   8.8e-07  -1         1.7e-11   5.8e-08  -1.7e-11  -1         1         8.8e-07   5.8e-08 
   8.8e-07  -1         1.7e-11   5.8e-08  -1.7e-11  -1         1         8.8e-07   5.8e-08 
   1         8.8e-07   1.7e-11   1.7e-11   5.8e-08  -1        -8.8e-07   1         5.8e-08 
   1         8.8e-07   1.7e-11   1.7e-11   5.8e-08  -1        -8.8e-07   1         5.8e-08 
  -1.7e-11   8.8e-07   1         1         5.8e-08   1.7e-11  -5.8e-08   1        -8.8e-07 
   1         8.8e-07   1.7e-11   1.7e-11   5.8e-08  -1        -8.8e-07   1         5.8e-08 
   1        -1.7e-11   8.8e-07   1.7e-11   1         5.8e-08  -8.8e-07  -5.8e-08   1       
   8.8e-07  -1         1.7e-11   5.8e-08  -1.7e-11  -1         1         8.8e-07   5.8e-08 
   1         8.8e-07   1.7e-11   1.7e-11   5.8e-08  -1        -8.8e-07   1         5.8e-08 
  -1.7e-11   8.8e-07   1         1         5.8e-08   1.7e-11  -5.8e-08   1        -8.8e-07 
   1         8.8e-07   1.7e-11   1.7e-11   5.8e-08  -1        -8.8e-07   1         5.8e-08 
   8.8e-07   1.7e-11   1         5.8e-08  -1         1.7e-11   1         5.8e-08  -8.8e-07 
   1         8.8e-07   1.7e-11   1.7e-11   5.8e-08  -1        -8.8e-07   1         5.8e-08 
   1         8.8e-07   1.7e-11   1.7e-11   5.8e-08  -1        -8.8e-07   1         5.8e-08 
   8.8e-07  -1         1.7e-11   5.8e-08  -1.7e-11  -1         1         8.8e-07   5.8e-08 
   1         8.8e-07   1.7e-11   1.7e-11   5.8e-08  -1        -8.8e-07   1         5.8e-08 
   1         8.8e-07   1.7e-11   1.7e-11   5.8e-08  -1        -8.8e-07   1         5.8e-08 
  -1.7e-11   8.8e-07   1         1         5.8e-08   1.7e-11  -5.8e-08   1        -8.8e-07 
  -1.7e-11  -1         8.8e-07   1        -1.7e-11   5.8e-08  -5.8e-08   8.8e-07   1       
  -1.7e-11  -1         8.8e-07   1        -1.7e-11   5.8e-08  -5.8e-08   8.8e-07   1       
  -1.7e-11   8.8e-07   1         1         5.8e-08   1.7e-11  -5.8e-08   1        -8.8e-07 
  -1.7e-11   8.8e-07   1         1         5.8e-08   1.7e-11  -5.8e-08   1        -8.8e-07 
  -1.7e-11   8.8e-07   1         1         5.8e-08   1.7e-11  -5.8e-08   1        -8.8e-07 
   8.8e-07  -1         1.7e-11   5.8e-08  -1.7e-11  -1         1         8.8e-07   5.8e-08 
   8.8e-07   1.7e-11   1         5.8e-08  -1         1.7e-11   1         5.8e-08  -8.8e-07 
   8.8e-07   1.7e-11   1         5.8e-08  -1         1.7e-11   1         5.8e-08  -8.8e-07 
   8.8e-07  -1         1.7e-11   5.8e-08  -1.7e-11  -1         1         8.8e-07   5.8e-08 
   8.8e-07  -1         1.7e-11   5.8e-08  -1.7e-11  -1         1         8.8e-07   5.8e-08 
  -1.7e-11   8.8e-07   1         1         5.8e-08   1.7e-11  -5.8e-08   1        -8.8e-07 
   1         8.8e-07   1.7e-11   1.7e-11   5.8e-08  -1        -8.8e-07   1         5.8e-08 
   8.8e-07  -1         1.7e-11   5.8e-08  -1.7e-11  -1         1         8.8e-07   5.8e-08 
  -1.7e-11  -1         8.8e-07   1        -1.7e-11   5.8e-08  -5.8e-08   8.8e-07   1       
  -1.7e-11   8.8e-07   1         1         5.8e-08   1.7e-11  -5.8e-08   1        -8.8e-07 
   8.8e-07   1.7e-11   1         5.8e-08  -1         1.7e-11   1         5.8e-08  -8.8e-07 
   8.8e-07   1.7e-11   1         5.8e-08  -1         1.7e-11   1         5.8e-08  -8.8e-07 
   8.8e-07   1.7e-11   1         5.8e-08  -1         1.7e-11   1         5.8e-08  -8.8e-07 
   1         0.021     8.8e-07  -0.021     1         5.8e-08  -8.8e-07  -7.6e-08   1       
   1        -1.7e-11   8.8e-07   1.7e-11   1         5.8e-08  -8.8e-07  -5.8e-08   1       
   1         0.045     8.8e-07  -0.045     1         5.8e-08  -8.7e-07  -9.7e-08   1       
   1         0.049     8.8e-07  -0.049     1         5.8e-08  -8.7e-07  -1e-07     1       
   8.8e-07  -1         1.7e-11   5.8e-08  -1.7e-11  -1         1         8.8e-07   5.8e-08 
   8.8e-07   1.7e-11   1         5.8e-08  -1         1.7e-11   1         5.8e-08  -8.8e-07 
   8.8e-07   1.7e-11   1         5.8e-08  -1         1.7e-11   1         5.8e-08  -8.8e-07 
   8.8e-07  -1         1.7e-11   5.8e-08  -1.7e-11  -1         1         8.8e-07   5.8e-08 
   8.8e-07  -1         1.7e-11   5.8e-08  -1.7e-11  -1         1         8.8e-07   5.8e-08 
   8.8e-07  -1         1.7e-11   5.8e-08  -1.7e-11  -1         1         8.8e-07   5.8e-08 
   8.8e-07  -1         1.7e-11   5.8e-08  -1.7e-11  -1         1         8.8e-07   5.8e-08 
   7.1e-07   5.2e-07   1         0.59     -0.81      1.7e-11   0.81      0.59     -8.8e-07 
  -1.7e-11   8.8e-07   1         1         5.8e-08   1.7e-11  -5.8e-08   1        -8.8e-07 
   8.8e-07   1.7e-11   1         5.8e-08  -1         1.7e-11   1         5.8e-08  -8.8e-07 
   8.8e-07   1.7e-11   1         5.8e-08  -1         1.7e-11   1         5.8e-08  -8.8e-07 
   8.8e-07  -1         1.7e-11   5.8e-08  -1.7e-11  -1         1         8.8e-07   5.8e-08 
   8.8e-07  -1         1.7e-11   5.8e-08  -1.7e-11  -1         1         8.8e-07   5.8e-08 
   8.8e-07  -1         1.7e-11   5.8e-08  -1.7e-11  -1         1         8.8e-07   5.8e-08 
   8.8e-07  -1         1.7e-11   5.8e-08  -1.7e-11  -1         1         8.8e-07   5.8e-08 
  -1.7e-11   8.8e-07   1         1         5.8e-08   1.7e-11  -5.8e-08   1        -8.8e-07 
  -1.7e-11   8.8e-07   1         1         5.8e-08   1.7e-11  -5.8e-08   1        -8.8e-07 
   1        -1.7e-11   8.8e-07   1.7e-11   1         5.8e-08  -8.8e-07  -5.8e-08   1       
  -1.7e-11   8.8e-07   1         1         5.8e-08   1.7e-11  -5.8e-08   1        -8.8e-07 
   8.8e-07  -1         1.7e-11   5.8e-08  -1.7e-11  -1         1         8.8e-07   5.8e-08 
   8.8e-07   1.7e-11   1         5.8e-08  -1         1.7e-11   1         5.8e-08  -8.8e-07 
   8.8e-07  -1         1.7e-11   5.8e-08  -1.7e-11  -1         1         8.8e-07   5.8e-08 
   8.8e-07   1.7e-11   1         5.8e-08  -1         1.7e-11   1         5.8e-08  -8.8e-07 
  -1.7e-11   8.8e-07   1         1         5.8e-08   1.7e-11  -5.8e-08   1        -8.8e-07 
   1         8.8e-07   1.7e-11   1.7e-11   5.8e-08  -1        -8.8e-07   1         5.8e-08 
   8.8e-07  -1         1.7e-11   5.8e-08  -1.7e-11  -1         1         8.8e-07   5.8e-08 
   8.8e-07  -1         1.7e-11   5.8e-08  -1.7e-11  -1         1         8.8e-07   5.8e-08 
   8.8e-07  -1         1.7e-11   5.8e-08  -1.7e-11  -1         1         8.8e-07   5.8e-08 
  -1.7e-11   8.8e-07   1         1         5.8e-08   1.7e-11  -5.8e-08   1        -8.8e-07 
   8.8e-07  -1         1.7e-11   5.8e-08  -1.7e-11  -1         1         8.8e-07   5.8e-08 
   8.8e-07   1.7e-11   1         5.8e-08  -1         1.7e-11   1         5.8e-08  -8.8e-07 
   8.8e-07  -1         1.7e-11   5.8e-08  -1.7e-11  -1         1         8.8e-07   5.8e-08 
   8.8e-07  -1         1.7e-11   5.8e-08  -1.7e-11  -1         1         8.8e-07   5.8e-08 
   8.8e-07   1.7e-11   1         5.8e-08  -1         1.7e-11   1         5.8e-08  -8.8e-07 
  -1.7e-11   8.8e-07   1         1         5.8e-08   1.7e-11  -5.8e-08   1        -8.8e-07 
   1         8.8e-07   1.7e-11   1.7e-11   5.8e-08  -1        -8.8e-07   1         5.8e-08 
   1         8.8e-07   1.7e-11   1.7e-11   5.8e-08  -1        -8.8e-07   1         5.8e-08 
  -1.7e-11   8.8e-07   1         1         5.8e-08   1.7e-11  -5.8e-08   1        -8.8e-07 
  -1.7e-11   8.8e-07   1         1         5.8e-08   1.7e-11  -5.8e-08   1        -8.8e-07 
  -1.7e-11   8.8e-07   1         1         5.8e-08   1.7e-11  -5.8e-08   1        -8.8e-07 
  -1.7e-11   8.8e-07   1         1         5.8e-08   1.7e-11  -5.8e-08   1        -8.8e-07 
  -1.7e-11   8.8e-07   1         1         5.8e-08   1.7e-11  -5.8e-08   1        -8.8e-07 
  -1.7e-11   8.8e-07   1         1         5.8e-08   1.7e-11  -5.8e-08   1        -8.8e-07 
   1         8.8e-07   1.7e-11   1.7e-11   5.8e-08  -1        -8.8e-07   1         5.8e-08 
   1         8.8e-07   1.7e-11   1.7e-11   5.8e-08  -1        -8.8e-07   1         5.8e-08 
  -1.7e-11   8.8e-07   1         1         5.8e-08   1.7e-11  -5.8e-08   1        -8.8e-07 
   8.8e-07  -1         1.7e-11   5.8e-08  -1.7e-11  -1         1         8.8e-07   5.8e-08 
   8.8e-07  -1         1.7e-11   5.8e-08  -1.7e-11  -1         1         8.8e-07   5.8e-08 
   8.8e-07  -1         1.7e-11   5.8e-08  -1.7e-11  -1         1         8.8e-07   5.8e-08 
   8.8e-07  -1         1.7e-11   5.8e-08  -1.7e-11  -1         1         8.8e-07   5.8e-08 
   8.8e-07  -1         1.7e-11   5.8e-08  -1.7e-11  -1         1         8.8e-07   5.8e-08 
   8.8e-07  -1         1.7e-11   5.8e-08  -1.7e-11  -1         1         8.8e-07   5.8e-08 
   8.8e-07  -1         1.7e-11   5.8e-08  -1.7e-11  -1         1         8.8e-07   5.8e-08 
   8.8e-07  -1         1.7e-11   5.8e-08  -1.7e-11  -1         1         8.8e-07   5.8e-08 
   8.8e-07  -1         1.7e-11   5.8e-08  -1.7e-11  -1         1         8.8e-07   5.8e-08 
   8.8e-07  -1         1.7e-11   5.8e-08  -1.7e-11  -1         1         8.8e-07   5.8e-08 
   8.8e-07  -1         1.7e-11   5.8e-08  -1.7e-11  -1         1         8.8e-07   5.8e-08 
  -1.7e-11   8.8e-07   1         1         5.8e-08   1.7e-11  -5.8e-08   1        -8.8e-07 
  -1.7e-11   8.8e-07   1         1         5.8e-08   1.7e-11  -5.8e-08   1        -8.8e-07 
  -1.7e-11   8.8e-07   1         1         5.8e-08   1.7e-11  -5.8e-08   1        -8.8e-07 
   1        -1.7e-11   8.8e-07   1.7e-11   1         5.8e-08  -8.8e-07  -5.8e-08   1       
   1        -1.7e-11   8.8e-07   1.7e-11   1         5.8e-08  -8.8e-07  -5.8e-08   1       
   1        -1.7e-11   8.8e-07   1.7e-11   1         5.8e-08  -8.8e-07  -5.8e-08   1       
   1         8.8e-07   1.7e-11   1.7e-11   5.8e-08  -1        -8.8e-07   1         5.8e-08 
   1         8.8e-07   1.7e-11   1.7e-11   5.8e-08  -1        -8.8e-07   1         5.8e-08 
   1        -1.7e-11   8.8e-07   1.7e-11   1         5.8e-08  -8.8e-07  -5.8e-08   1       
  -1.7e-11   8.8e-07   1         1         5.8e-08   1.7e-11  -5.8e-08   1        -8.8e-07 
   1        -1.7e-11   8.8e-07   1.7e-11   1         5.8e-08  -8.8e-07  -5.8e-08   1       
   1         8.8e-07   1.7e-11   1.7e-11   5.8e-08  -1        -8.8e-07   1         5.8e-08 
  -1.7e-11   8.8e-07   1         1         5.8e-08   1.7e-11  -5.8e-08   1        -8.8e-07 
   1         8.8e-07   1.7e-11   1.7e-11   5.8e-08  -1        -8.8e-07   1         5.8e-08 
   1        -1.7e-11   8.8e-07   1.7e-11   1         5.8e-08  -8.8e-07  -5.8e-08   1       
  -1.7e-11   8.8e-07   1         1         5.8e-08   1.7e-11  -5.8e-08   1        -8.8e-07 
   1        -1.7e-11   8.8e-07   1.7e-11   1         5.8e-08  -8.8e-07  -5.8e-08   1       
   1        -1.7e-11   8.8e-07   1.7e-11   1         5.8e-08  -8.8e-07  -5.8e-08   1       
   1        -1.7e-11   8.8e-07   1.7e-11   1         5.8e-08  -8.8e-07  -5.8e-08   1       
   1        -1.7e-11   8.8e-07   1.7e-11   1         5.8e-08  -8.8e-07  -5.8e-08   1       
   1        -1.7e-11   8.8e-07   1.7e-11   1         5.8e-08  -8.8e-07  -5.8e-08   1       
   1        -1.7e-11   8.8e-07   1.7e-11   1         5.8e-08  -8.8e-07  -5.8e-08   1       
  -1.7e-11  -1         8.8e-07   1        -1.7e-11   5.8e-08  -5.8e-08   8.8e-07   1       
  -1.7e-11  -1         8.8e-07   1        -1.7e-11   5.8e-08  -5.8e-08   8.8e-07   1       
   1        -1.7e-11   8.8e-07   1.7e-11   1         5.8e-08  -8.8e-07  -5.8e-08   1       
   1        -1.7e-11   8.8e-07   1.7e-11   1         5.8e-08  -8.8e-07  -5.8e-08   1       
   1        -1.7e-11   8.8e-07   1.7e-11   1         5.8e-08  -8.8e-07  -5.8e-08   1       
   1        -1.7e-11   8.8e-07   1.7e-11   1         5.8e-08  -8.8e-07  -5.8e-08   1       
   1        -1.7e-11   8.8e-07   1.7e-11   1         5.8e-08  -8.8e-07  -5.8e-08   1       
   1        -1.7e-11   8.8e-07   1.7e-11   1         5.8e-08  -8.8e-07  -5.8e-08   1       
   1        -1.7e-11   8.8e-07   1.7e-11   1         5.8e-08  -8.8e-07  -5.8e-08   1       
   1        -1.7e-11   8.8e-07   1.7e-11   1         5.8e-08  -8.8e-07  -5.8e-08   1       
   8.8e-07   1.7e-11   1         5.8e-08  -1         1.7e-11   1         5.8e-08  -8.8e-07 
   1        -1.7e-11   8.8e-07   1.7e-11   1         5.8e-08  -8.8e-07  -5.8e-08   1       
   1        -1.7e-11   8.8e-07   1.7e-11   1         5.8e-08  -8.8e-07  -5.8e-08   1       
   1        -1.7e-11   8.8e-07   1.7e-11   1         5.8e-08  -8.8e-07  -5.8e-08   1       
   1        -1.7e-11   8.8e-07   1.7e-11   1         5.8e-08  -8.8e-07  -5.8e-08   1       
   1        -1.7e-11   8.8e-07   1.7e-11   1         5.8e-08  -8.8e-07  -5.8e-08   1       
   1        -1.7e-11   8.8e-07   1.7e-11   1         5.8e-08  -8.8e-07  -5.8e-08   1       
   1        -1.7e-11   8.8e-07   1.7e-11   1         5.8e-08  -8.8e-07  -5.8e-08   1       
   1        -1.7e-11   8.8e-07   1.7e-11   1         5.8e-08  -8.8e-07  -5.8e-08   1       
   1        -1.7e-11   8.8e-07   1.7e-11   1         5.8e-08  -8.8e-07  -5.8e-08   1       
  -1.7e-11   8.8e-07   1         1         5.8e-08   1.7e-11  -5.8e-08   1        -8.8e-07 
   1        -1.7e-11   8.8e-07   1.7e-11   1         5.8e-08  -8.8e-07  -5.8e-08   1       
   1        -1.7e-11   8.8e-07   1.7e-11   1         5.8e-08  -8.8e-07  -5.8e-08   1       
   1        -1.7e-11   8.8e-07   1.7e-11   1         5.8e-08  -8.8e-07  -5.8e-08   1       
  -1.7e-11  -1         8.8e-07   1        -1.7e-11   5.8e-08  -5.8e-08   8.8e-07   1       
   8.8e-07  -1         1.7e-11   5.8e-08  -1.7e-11  -1         1         8.8e-07   5.8e-08 
   1        -1.7e-11   8.8e-07   1.7e-11   1         5.8e-08  -8.8e-07  -5.8e-08   1       
   1        -1.7e-11   8.8e-07   1.7e-11   1         5.8e-08  -8.8e-07  -5.8e-08   1       
   1        -1.7e-11   8.8e-07   1.7e-11   1         5.8e-08  -8.8e-07  -5.8e-08   1       
   1        -1.7e-11   8.8e-07   1.7e-11   1         5.8e-08  -8.8e-07  -5.8e-08   1       
   1        -1.7e-11   8.8e-07   1.7e-11   1         5.8e-08  -8.8e-07  -5.8e-08   1       
  -1.7e-11   8.8e-07   1         1         5.8e-08   1.7e-11  -5.8e-08   1        -8.8e-07 
   8.8e-07   1.7e-11   1         5.8e-08  -1         1.7e-11   1         5.8e-08  -8.8e-07 
   8.8e-07   1.7e-11   1         5.8e-08  -1         1.7e-11   1         5.8e-08  -8.8e-07 
   8.8e-07   1.7e-11   1         5.8e-08  -1         1.7e-11   1         5.8e-08  -8.8e-07 
   8.8e-07   1.7e-11   1         5.8e-08  -1         1.7e-11   1         5.8e-08  -8.8e-07 
   8.8e-07   1.7e-11   1         5.8e-08  -1         1.7e-11   1         5.8e-08  -8.8e-07 
  -1.7e-11   8.8e-07   1         1         5.8e-08   1.7e-11  -5.8e-08   1        -8.8e-07 
   8.8e-07   1.7e-11   1         5.8e-08  -1         1.7e-11   1         5.8e-08  -8.8e-07 
   8.8e-07   1.7e-11   1         5.8e-08  -1         1.7e-11   1         5.8e-08  -8.8e-07 
   8.8e-07   1.7e-11   1         5.8e-08  -1         1.7e-11   1         5.8e-08  -8.8e-07 
  -1.7e-11   8.8e-07   1         1         5.8e-08   1.7e-11  -5.8e-08   1        -8.8e-07 
   8.8e-07   1.7e-11   1         5.8e-08  -1         1.7e-11   1         5.8e-08  -8.8e-07 
   8.8e-07   1.7e-11   1         5.8e-08  -1         1.7e-11   1         5.8e-08  -8.8e-07 
   8.8e-07   1.7e-11   1         5.8e-08  -1         1.7e-11   1         5.8e-08  -8.8e-07 
   8.8e-07   1.7e-11   1         5.8e-08  -1         1.7e-11   1         5.8e-08  -8.8e-07 
   8.8e-07   1.7e-11   1         5.8e-08  -1         1.7e-11   1         5.8e-08  -8.8e-07 
   8.8e-07   1.7e-11   1         5.8e-08  -1         1.7e-11   1         5.8e-08  -8.8e-07 
   8.8e-07   1.7e-11   1         5.8e-08  -1         1.7e-11   1         5.8e-08  -8.8e-07 
   8.8e-07   1.7e-11   1         5.8e-08  -1         1.7e-11   1         5.8e-08  -8.8e-07 
   8.8e-07   1.7e-11   1         5.8e-08  -1         1.7e-11   1         5.8e-08  -8.8e-07 
   8.8e-07   1.7e-11   1         5.8e-08  -1         1.7e-11   1         5.8e-08  -8.8e-07 
   8.8e-07   1.7e-11   1         5.8e-08  -1         1.7e-11   1         5.8e-08  -8.8e-07 
   8.8e-07   1.7e-11   1         5.8e-08  -1         1.7e-11   1         5.8e-08  -8.8e-07 
   8.8e-07   1.7e-11   1         5.8e-08  -1         1.7e-11   1         5.8e-08  -8.8e-07 
   8.8e-07   1.7e-11   1         5.8e-08  -1         1.7e-11   1         5.8e-08  -8.8e-07 
   8.8e-07   1.7e-11   1         5.8e-08  -1         1.7e-11   1         5.8e-08  -8.8e-07 
   8.8e-07   1.7e-11   1         5.8e-08  -1         1.7e-11   1         5.8e-08  -8.8e-07 
   8.8e-07   1.7e-11   1         5.8e-08  -1         1.7e-11   1         5.8e-08  -8.8e-07 
   8.8e-07   1.7e-11   1         5.8e-08  -1         1.7e-11   1         5.8e-08  -8.8e-07 
   8.8e-07   1.7e-11   1         5.8e-08  -1         1.7e-11   1         5.8e-08  -8.8e-07 
   8.8e-07   1.7e-11   1         5.8e-08  -1         1.7e-11   1         5.8e-08  -8.8e-07 
  -1.7e-11   8.8e-07   1         1         5.8e-08   1.7e-11  -5.8e-08   1        -8.8e-07 
  -1.7e-11   8.8e-07   1         1         5.8e-08   1.7e-11  -5.8e-08   1        -8.8e-07 
   8.8e-07   1.7e-11   1         5.8e-08  -1         1.7e-11   1         5.8e-08  -8.8e-07 
   8.8e-07   1.7e-11   1         5.8e-08  -1         1.7e-11   1         5.8e-08  -8.8e-07 
   8.8e-07   1.7e-11   1         5.8e-08  -1         1.7e-11   1         5.8e-08  -8.8e-07 
  -1.7e-11   8.8e-07   1         1         5.8e-08   1.7e-11  -5.8e-08   1        -8.8e-07 
  -1.7e-11   8.8e-07   1         1         5.8e-08   1.7e-11  -5.8e-08   1        -8.8e-07 
   8.8e-07   1.7e-11   1         5.8e-08  -1         1.7e-11   1         5.8e-08  -8.8e-07 
   8.8e-07   1.7e-11   1         5.8e-08  -1         1.7e-11   1         5.8e-08  -8.8e-07 
   8.8e-07   1.7e-11   1         5.8e-08  -1         1.7e-11   1         5.8e-08  -8.8e-07 
   8.8e-07   1.7e-11   1         5.8e-08  -1         1.7e-11   1         5.8e-08  -8.8e-07 
   8.8e-07   1.7e-11   1         5.8e-08  -1         1.7e-11   1         5.8e-08  -8.8e-07 
   8.8e-07   1.7e-11   1         5.8e-08  -1         1.7e-11   1         5.8e-08  -8.8e-07 
   8.8e-07   1.7e-11   1         5.8e-08  -1         1.7e-11   1         5.8e-08  -8.8e-07 
   8.8e-07   1.7e-11   1         5.8e-08  -1         1.7e-11   1         5.8e-08  -8.8e-07 
   8.8e-07   1.7e-11   1         5.8e-08  -1         1.7e-11   1         5.8e-08  -8.8e-07 
   8.8e-07   1.7e-11   1         5.8e-08  -1         1.7e-11   1         5.8e-08  -8.8e-07 
  -1.7e-11   8.8e-07   1         1         5.8e-08   1.7e-11  -5.8e-08   1        -8.8e-07 
   8.8e-07   1.7e-11   1         5.8e-08  -1         1.7e-11   1         5.8e-08  -8.8e-07 
   8.8e-07   1.7e-11   1         5.8e-08  -1         1.7e-11   1         5.8e-08  -8.8e-07 
   8.8e-07   1.7e-11   1         5.8e-08  -1         1.7e-11   1         5.8e-08  -8.8e-07 
  -1.7e-11   8.8e-07   1         1         5.8e-08   1.7e-11  -5.8e-08   1        -8.8e-07 
   8.8e-07   1.7e-11   1         5.8e-08  -1         1.7e-11   1         5.8e-08  -8.8e-07 
   8.8e-07   1.7e-11   1         5.8e-08  -1         1.7e-11   1         5.8e-08  -8.8e-07 
   8.8e-07   1.7e-11   1         5.8e-08  -1         1.7e-11   1         5.8e-08  -8.8e-07 
   8.8e-07   1.7e-11   1         5.8e-08  -1         1.7e-11   1         5.8e-08  -8.8e-07 
   8.8e-07   1.7e-11   1         5.8e-08  -1         1.7e-11   1         5.8e-08  -8.8e-07 
   8.8e-07   1.7e-11   1         5.8e-08  -1         1.7e-11   1         5.8e-08  -8.8e-07 
   8.8e-07   1.7e-11   1         5.8e-08  -1         1.7e-11   1         5.8e-08  -8.8e-07 
   8.8e-07   1.7e-11   1         5.8e-08  -1         1.7e-11   1         5.8e-08  -8.8e-07 
   8.8e-07   1.7e-11   1         5.8e-08  -1         1.7e-11   1         5.8e-08  -8.8e-07 
   8.8e-07   1.7e-11   1         5.8e-08  -1         1.7e-11   1         5.8e-08  -8.8e-07 
   8.8e-07   1.7e-11   1         5.8e-08  -1         1.7e-11   1         5.8e-08  -8.8e-07 
   8.8e-07   1.7e-11   1         5.8e-08  -1         1.7e-11   1         5.8e-08  -8.8e-07 
   8.8e-07   1.7e-11   1         5.8e-08  -1         1.7e-11   1         5.8e-08  -8.8e-07 
   8.8e-07   1.7e-11   1         5.8e-08  -1         1.7e-11   1         5.8e-08  -8.8e-07 
   8.8e-07   1.7e-11   1         5.8e-08  -1         1.7e-11   1         5.8e-08  -8.8e-07 
   8.8e-07   1.7e-11   1         5.8e-08  -1         1.7e-11   1         5.8e-08  -8.8e-07 
   8.8e-07   1.7e-11   1         5.8e-08  -1         1.7e-11   1         5.8e-08  -8.8e-07 
   8.8e-07   1.7e-11   1         5.8e-08  -1         1.7e-11   1         5.8e-08  -8.8e-07 
   8.8e-07   1.7e-11   1         5.8e-08  -1         1.7e-11   1         5.8e-08  -8.8e-07 
   8.8e-07   1.7e-11   1         5.8e-08  -1         1.7e-11   1         5.8e-08  -8.8e-07 
  -1.7e-11   8.8e-07   1         1         5.8e-08   1.7e-11  -5.8e-08   1        -8.8e-07 
  -1.7e-11   8.8e-07   1         1         5.8e-08   1.7e-11  -5.8e-08   1        -8.8e-07 
   8.8e-07   1.7e-11   1         5.8e-08  -1         1.7e-11   1         5.8e-08  -8.8e-07 
   8.8e-07   1.7e-11   1         5.8e-08  -1         1.7e-11   1         5.8e-08  -8.8e-07 
   8.8e-07   1.7e-11   1         5.8e-08  -1         1.7e-11   1         5.8e-08  -8.8e-07 
  -1.7e-11   8.8e-07   1         1         5.8e-08   1.7e-11  -5.8e-08   1        -8.8e-07 
  -1.7e-11   8.8e-07   1         1         5.8e-08   1.7e-11  -5.8e-08   1        -8.8e-07 
   8.8e-07   1.7e-11   1         5.8e-08  -1         1.7e-11   1         5.8e-08  -8.8e-07 
   8.8e-07   1.7e-11   1         5.8e-08  -1         1.7e-11   1         5.8e-08  -8.8e-07 
   8.8e-07   1.7e-11   1         5.8e-08  -1         1.7e-11   1         5.8e-08  -8.8e-07 
   8.8e-07   1.7e-11   1         5.8e-08  -1         1.7e-11   1         5.8e-08  -8.8e-07 
   8.8e-07   1.7e-11   1         5.8e-08  -1         1.7e-11   1         5.8e-08  -8.8e-07 
   1         8.8e-07   1.7e-11   1.7e-11   5.8e-08  -1        -8.8e-07   1         5.8e-08 
   1         8.8e-07   1.7e-11   1.7e-11   5.8e-08  -1        -8.8e-07   1         5.8e-08 
  -1.7e-11   8.8e-07   1         1         5.8e-08   1.7e-11  -5.8e-08   1        -8.8e-07 
  -1.7e-11   8.8e-07   1         1         5.8e-08   1.7e-11  -5.8e-08   1        -8.8e-07 
  -1.7e-11   8.8e-07   1         1         5.8e-08   1.7e-11  -5.8e-08   1        -8.8e-07 
  -1.7e-11   8.8e-07   1         1         5.8e-08   1.7e-11  -5.8e-08   1        -8.8e-07 
   1         8.8e-07   1.7e-11   1.7e-11   5.8e-08  -1        -8.8e-07   1         5.8e-08 
   1         8.8e-07   1.7e-11   1.7e-11   5.8e-08  -1        -8.8e-07   1         5.8e-08 
   1         8.8e-07   0.0033    0.0033    5.8e-08  -1        -8.8e-07   1         5.5e-08 
   1         8.8e-07   0.0033    0.0033    5.8e-08  -1        -8.8e-07   1         5.5e-08 
  -0.0033    8.8e-07   1         1         5.8e-08   0.0033   -5.5e-08   1        -8.8e-07 
  -0.0033    8.8e-07   1         1         5.8e-08   0.0033   -5.5e-08   1        -8.8e-07 
   1         8.8e-07   0.0033    0.0033    5.8e-08  -1        -8.8e-07   1         5.5e-08 
   1         8.8e-07   0.0033    0.0033    5.8e-08  -1        -8.8e-07   1         5.5e-08 
  -0.0033    8.8e-07   1         1         5.8e-08   0.0033   -5.5e-08   1        -8.8e-07 
  -0.0033    8.8e-07   1         1         5.8e-08   0.0033   -5.5e-08   1        -8.8e-07 
  -0.0033    8.8e-07   1         1         5.8e-08   0.0033   -5.5e-08   1        -8.8e-07 
  -0.0033    8.8e-07   1         1         5.8e-08   0.0033   -5.5e-08   1        -8.8e-07 
   1         8.8e-07   0.0033    0.0033    5.8e-08  -1        -8.8e-07   1         5.5e-08 
   1         8.8e-07   0.0033    0.0033    5.8e-08  -1        -8.8e-07   1         5.5e-08 
  -0.0033    8.8e-07   1         1         5.8e-08   0.0033   -5.5e-08   1        -8.8e-07 
  -0.0033    8.8e-07   1         1         5.8e-08   0.0033   -5.5e-08   1        -8.8e-07 
   1         8.8e-07   0.0033    0.0033    5.8e-08  -1        -8.8e-07   1         5.5e-08 
   1         8.8e-07   0.0033    0.0033    5.8e-08  -1        -8.8e-07   1         5.5e-08 
   8.8e-07   1.7e-11   1         5.8e-08  -1         1.7e-11   1         5.8e-08  -8.8e-07 
   8.8e-07   1.7e-11   1         5.8e-08  -1         1.7e-11   1         5.8e-08  -8.8e-07 
   8.8e-07   1.7e-11   1         5.8e-08  -1         1.7e-11   1         5.8e-08  -8.8e-07 
   8.8e-07   1.7e-11   1         5.8e-08  -1         1.7e-11   1         5.8e-08  -8.8e-07 
   8.8e-07   1.7e-11   1         5.8e-08  -1         1.7e-11   1         5.8e-08  -8.8e-07 
  -1.7e-11   8.8e-07   1         1         5.8e-08   1.7e-11  -5.8e-08   1        -8.8e-07 
  -1.7e-11   8.8e-07   1         1         5.8e-08   1.7e-11  -5.8e-08   1        -8.8e-07 
   8.8e-07   1.7e-11   1         5.8e-08  -1         1.7e-11   1         5.8e-08  -8.8e-07 
   8.8e-07   1.7e-11   1         5.8e-08  -1         1.7e-11   1         5.8e-08  -8.8e-07 
   8.8e-07   1.7e-11   1         5.8e-08  -1         1.7e-11   1         5.8e-08  -8.8e-07 
  -1.7e-11   8.8e-07   1         1         5.8e-08   1.7e-11  -5.8e-08   1        -8.8e-07 
  -1.7e-11   8.8e-07   1         1         5.8e-08   1.7e-11  -5.8e-08   1        -8.8e-07 
   8.8e-07   1.7e-11   1         5.8e-08  -1         1.7e-11   1         5.8e-08  -8.8e-07 
   8.8e-07   1.7e-11   1         5.8e-08  -1         1.7e-11   1         5.8e-08  -8.8e-07 
   8.8e-07   1.7e-11   1         5.8e-08  -1         1.7e-11   1         5.8e-08  -8.8e-07 
   8.8e-07   1.7e-11   1         5.8e-08  -1         1.7e-11   1         5.8e-08  -8.8e-07 
   8.8e-07   1.7e-11   1         5.8e-08  -1         1.7e-11   1         5.8e-08  -8.8e-07 
   8.8e-07   1.7e-11   1         5.8e-08  -1         1.7e-11   1         5.8e-08  -8.8e-07 
   8.8e-07   1.7e-11   1         5.8e-08  -1         1.7e-11   1         5.8e-08  -8.8e-07 
   8.8e-07   1.7e-11   1         5.8e-08  -1         1.7e-11   1         5.8e-08  -8.8e-07 
   8.8e-07   1.7e-11   1         5.8e-08  -1         1.7e-11   1         5.8e-08  -8.8e-07 
   8.8e-07   1.7e-11   1         5.8e-08  -1         1.7e-11   1         5.8e-08  -8.8e-07 
   8.8e-07   1.7e-11   1         5.8e-08  -1         1.7e-11   1         5.8e-08  -8.8e-07 
   8.8e-07   1.7e-11   1         5.8e-08  -1         1.7e-11   1         5.8e-08  -8.8e-07 
   8.8e-07   1.7e-11   1         5.8e-08  -1         1.7e-11   1         5.8e-08  -8.8e-07 
   8.8e-07   1.7e-11   1         5.8e-08  -1         1.7e-11   1         5.8e-08  -8.8e-07 
   8.8e-07   1.7e-11   1         5.8e-08  -1         1.7e-11   1         5.8e-08  -8.8e-07 
   8.8e-07   1.7e-11   1         5.8e-08  -1         1.7e-11   1         5.8e-08  -8.8e-07 
   8.8e-07   1.7e-11   1         5.8e-08  -1         1.7e-11   1         5.8e-08  -8.8e-07 
   8.8e-07   1.7e-11   1         5.8e-08  -1         1.7e-11   1         5.8e-08  -8.8e-07 
   8.8e-07   1.7e-11   1         5.8e-08  -1         1.7e-11   1         5.8e-08  -8.8e-07 
   8.8e-07   1.7e-11   1         5.8e-08  -1         1.7e-11   1         5.8e-08  -8.8e-07 
  -1.7e-11   8.8e-07   1         1         5.8e-08   1.7e-11  -5.8e-08   1        -8.8e-07 
   8.8e-07   1.7e-11   1         5.8e-08  -1         1.7e-11   1         5.8e-08  -8.8e-07 
   8.8e-07   1.7e-11   1         5.8e-08  -1         1.7e-11   1         5.8e-08  -8.8e-07 
   8.8e-07   1.7e-11   1         5.8e-08  -1         1.7e-11   1         5.8e-08  -8.8e-07 
  -1.7e-11   8.8e-07   1         1         5.8e-08   1.7e-11  -5.8e-08   1        -8.8e-07 
   8.8e-07   1.7e-11   1         5.8e-08  -1         1.7e-11   1         5.8e-08  -8.8e-07 
   8.8e-07   1.7e-11   1         5.8e-08  -1         1.7e-11   1         5.8e-08  -8.8e-07 
   8.8e-07   1.7e-11   1         5.8e-08  -1         1.7e-11   1         5.8e-08  -8.8e-07 
   8.8e-07   1.7e-11   1         5.8e-08  -1         1.7e-11   1         5.8e-08  -8.8e-07 
   8.8e-07   1.7e-11   1         5.8e-08  -1         1.7e-11   1         5.8e-08  -8.8e-07 
   8.8e-07   1.7e-11   1         5.8e-08  -1         1.7e-11   1         5.8e-08  -8.8e-07 
   8.8e-07   1.7e-11   1         5.8e-08  -1         1.7e-11   1         5.8e-08  -8.8e-07 
   8.8e-07   1.7e-11   1         5.8e-08  -1         1.7e-11   1         5.8e-08  -8.8e-07 
   8.8e-07   1.7e-11   1         5.8e-08  -1         1.7e-11   1         5.8e-08  -8.8e-07 
   8.8e-07   1.7e-11   1         5.8e-08  -1         1.7e-11   1         5.8e-08  -8.8e-07 
  -1.7e-11   8.8e-07   1         1         5.8e-08   1.7e-11  -5.8e-08   1        -8.8e-07 
  -1.7e-11   8.8e-07   1         1         5.8e-08   1.7e-11  -5.8e-08   1        -8.8e-07 
   8.8e-07   1.7e-11   1         5.8e-08  -1         1.7e-11   1         5.8e-08  -8.8e-07 
   8.8e-07   1.7e-11   1         5.8e-08  -1         1.7e-11   1         5.8e-08  -8.8e-07 
   8.8e-07   1.7e-11   1         5.8e-08  -1         1.7e-11   1         5.8e-08  -8.8e-07 
  -1.7e-11   8.8e-07   1         1         5.8e-08   1.7e-11  -5.8e-08   1        -8.8e-07 
  -1.7e-11   8.8e-07   1         1         5.8e-08   1.7e-11  -5.8e-08   1        -8.8e-07 
   8.8e-07   1.7e-11   1         5.8e-08  -1         1.7e-11   1         5.8e-08  -8.8e-07 
   8.8e-07   1.7e-11   1         5.8e-08  -1         1.7e-11   1         5.8e-08  -8.8e-07 
   8.8e-07   1.7e-11   1         5.8e-08  -1         1.7e-11   1         5.8e-08  -8.8e-07 
   8.8e-07   1.7e-11   1         5.8e-08  -1         1.7e-11   1         5.8e-08  -8.8e-07 
   8.8e-07   1.7e-11   1         5.8e-08  -1         1.7e-11   1         5.8e-08  -8.8e-07 
   8.8e-07   1.7e-11   1         5.8e-08  -1         1.7e-11   1         5.8e-08  -8.8e-07 
   8.8e-07   1.7e-11   1         5.8e-08  -1         1.7e-11   1         5.8e-08  -8.8e-07 
   8.8e-07   1.7e-11   1         5.8e-08  -1         1.7e-11   1         5.8e-08  -8.8e-07 
   8.8e-07   1.7e-11   1         5.8e-08  -1         1.7e-11   1         5.8e-08  -8.8e-07 
   8.8e-07   1.7e-11   1         5.8e-08  -1         1.7e-11   1         5.8e-08  -8.8e-07 
   8.8e-07   1.7e-11   1         5.8e-08  -1         1.7e-11   1         5.8e-08  -8.8e-07 
   8.8e-07   1.7e-11   1         5.8e-08  -1         1.7e-11   1         5.8e-08  -8.8e-07 
   8.8e-07   1.7e-11   1         5.8e-08  -1         1.7e-11   1         5.8e-08  -8.8e-07 
   8.8e-07   1.7e-11   1         5.8e-08  -1         1.7e-11   1         5.8e-08  -8.8e-07 
   8.8e-07   1.7e-11   1         5.8e-08  -1         1.7e-11   1         5.8e-08  -8.8e-07 
   8.8e-07   1.7e-11   1         5.8e-08  -1         1.7e-11   1         5.8e-08  -8.8e-07 
   8.8e-07   1.7e-11   1         5.8e-08  -1         1.7e-11   1         5.8e-08  -8.8e-07 
   8.8e-07   1.7e-11   1         5.8e-08  -1         1.7e-11   1         5.8e-08  -8.8e-07 
   8.8e-07   1.7e-11   1         5.8e-08  -1         1.7e-11   1         5.8e-08  -8.8e-07 
   8.8e-07   1.7e-11   1         5.8e-08  -1         1.7e-11   1         5.8e-08  -8.8e-07 
  -1.7e-11   8.8e-07   1         1         5.8e-08   1.7e-11  -5.8e-08   1        -8.8e-07 
   8.8e-07   1.7e-11   1         5.8e-08  -1         1.7e-11   1         5.8e-08  -8.8e-07 
   8.8e-07   1.7e-11   1         5.8e-08  -1         1.7e-11   1         5.8e-08  -8.8e-07 
   8.8e-07   1.7e-11   1         5.8e-08  -1         1.7e-11   1         5.8e-08  -8.8e-07 
  -1.7e-11   8.8e-07   1         1         5.8e-08   1.7e-11  -5.8e-08   1        -8.8e-07 
   8.8e-07   1.7e-11   1         5.8e-08  -1         1.7e-11   1         5.8e-08  -8.8e-07 
   8.8e-07   1.7e-11   1         5.8e-08  -1         1.7e-11   1         5.8e-08  -8.8e-07 
   8.8e-07   1.7e-11   1         5.8e-08  -1         1.7e-11   1         5.8e-08  -8.8e-07 
   8.8e-07   1.7e-11   1         5.8e-08  -1         1.7e-11   1         5.8e-08  -8.8e-07 
   8.8e-07   1.7e-11   1         5.8e-08  -1         1.7e-11   1         5.8e-08  -8.8e-07 
   8.8e-07   1.7e-11   1         5.8e-08  -1         1.7e-11   1         5.8e-08  -8.8e-07 
   8.8e-07   1.7e-11   1         5.8e-08  -1         1.7e-11   1         5.8e-08  -8.8e-07 
   8.8e-07   1.7e-11   1         5.8e-08  -1         1.7e-11   1         5.8e-08  -8.8e-07 
   8.8e-07   1.7e-11   1         5.8e-08  -1         1.7e-11   1         5.8e-08  -8.8e-07 
   8.8e-07   1.7e-11   1         5.8e-08  -1         1.7e-11   1         5.8e-08  -8.8e-07 
  -1.7e-11   8.8e-07   1         1         5.8e-08   1.7e-11  -5.8e-08   1        -8.8e-07 
  -1.7e-11   8.8e-07   1         1         5.8e-08   1.7e-11  -5.8e-08   1        -8.8e-07 
   8.8e-07   1.7e-11   1         5.8e-08  -1         1.7e-11   1         5.8e-08  -8.8e-07 
   8.8e-07   1.7e-11   1         5.8e-08  -1         1.7e-11   1         5.8e-08  -8.8e-07 
   8.8e-07   1.7e-11   1         5.8e-08  -1         1.7e-11   1         5.8e-08  -8.8e-07 
  -1.7e-11   8.8e-07   1         1         5.8e-08   1.7e-11  -5.8e-08   1        -8.8e-07 
  -1.7e-11   8.8e-07   1         1         5.8e-08   1.7e-11  -5.8e-08   1        -8.8e-07 
   8.8e-07   1.7e-11   1         5.8e-08  -1         1.7e-11   1         5.8e-08  -8.8e-07 
   8.8e-07   1.7e-11   1         5.8e-08  -1         1.7e-11   1         5.8e-08  -8.8e-07 
   8.8e-07   1.7e-11   1         5.8e-08  -1         1.7e-11   1         5.8e-08  -8.8e-07 
   8.8e-07   1.7e-11   1         5.8e-08  -1         1.7e-11   1         5.8e-08  -8.8e-07 
   8.8e-07   1.7e-11   1         5.8e-08  -1         1.7e-11   1         5.8e-08  -8.8e-07 
   8.8e-07   1.7e-11   1         5.8e-08  -1         1.7e-11   1         5.8e-08  -8.8e-07 
   8.8e-07   1.7e-11   1         5.8e-08  -1         1.7e-11   1         5.8e-08  -8.8e-07 
   8.8e-07   1.7e-11   1         5.8e-08  -1         1.7e-11   1         5.8e-08  -8.8e-07 
   8.8e-07   1.7e-11   1         5.8e-08  -1         1.7e-11   1         5.8e-08  -8.8e-07 
   8.8e-07   1.7e-11   1         5.8e-08  -1         1.7e-11   1         5.8e-08  -8.8e-07 
   8.8e-07   1.7e-11   1         5.8e-08  -1         1.7e-11   1         5.8e-08  -8.8e-07 
   8.8e-07   1.7e-11   1         5.8e-08  -1         1.7e-11   1         5.8e-08  -8.8e-07 
   8.8e-07   1.7e-11   1         5.8e-08  -1         1.7e-11   1         5.8e-08  -8.8e-07 
   8.8e-07   1.7e-11   1         5.8e-08  -1         1.7e-11   1         5.8e-08  -8.8e-07 
   8.8e-07   1.7e-11   1         5.8e-08  -1         1.7e-11   1         5.8e-08  -8.8e-07 
   8.8e-07   1.7e-11   1         5.8e-08  -1         1.7e-11   1         5.8e-08  -8.8e-07 
   8.8e-07   1.7e-11   1         5.8e-08  -1         1.7e-11   1         5.8e-08  -8.8e-07 
   8.8e-07   1.7e-11   1         5.8e-08  -1         1.7e-11   1         5.8e-08  -8.8e-07 
   8.8e-07   1.7e-11   1         5.8e-08  -1         1.7e-11   1         5.8e-08  -8.8e-07 
   8.8e-07   1.7e-11   1         5.8e-08  -1         1.7e-11   1         5.8e-08  -8.8e-07 
  -1.7e-11   8.8e-07   1         1         5.8e-08   1.7e-11  -5.8e-08   1        -8.8e-07 
   8.8e-07   1.7e-11   1         5.8e-08  -1         1.7e-11   1         5.8e-08  -8.8e-07 
   8.8e-07   1.7e-11   1         5.8e-08  -1         1.7e-11   1         5.8e-08  -8.8e-07 
   8.8e-07   1.7e-11   1         5.8e-08  -1         1.7e-11   1         5.8e-08  -8.8e-07 
  -1.7e-11   8.8e-07   1         1         5.8e-08   1.7e-11  -5.8e-08   1        -8.8e-07 
   8.8e-07   1.7e-11   1         5.8e-08  -1         1.7e-11   1         5.8e-08  -8.8e-07 
   8.8e-07   1.7e-11   1         5.8e-08  -1         1.7e-11   1         5.8e-08  -8.8e-07 
   8.8e-07   1.7e-11   1         5.8e-08  -1         1.7e-11   1         5.8e-08  -8.8e-07 
   8.8e-07   1.7e-11   1         5.8e-08  -1         1.7e-11   1         5.8e-08  -8.8e-07 
   8.8e-07   1.7e-11   1         5.8e-08  -1         1.7e-11   1         5.8e-08  -8.8e-07 
   8.8e-07   1.7e-11   1         5.8e-08  -1         1.7e-11   1         5.8e-08  -8.8e-07 
   8.8e-07   1.7e-11   1         5.8e-08  -1         1.7e-11   1         5.8e-08  -8.8e-07 
   8.8e-07   1.7e-11   1         5.8e-08  -1         1.7e-11   1         5.8e-08  -8.8e-07 
   8.8e-07   1.7e-11   1         5.8e-08  -1         1.7e-11   1         5.8e-08  -8.8e-07 
   8.8e-07   1.7e-11   1         5.8e-08  -1         1.7e-11   1         5.8e-08  -8.8e-07 
  -1.7e-11   8.8e-07   1         1         5.8e-08   1.7e-11  -5.8e-08   1        -8.8e-07 
  -1.7e-11   8.8e-07   1         1         5.8e-08   1.7e-11  -5.8e-08   1        -8.8e-07 
   8.8e-07   1.7e-11   1         5.8e-08  -1         1.7e-11   1         5.8e-08  -8.8e-07 
   8.8e-07   1.7e-11   1         5.8e-08  -1         1.7e-11   1         5.8e-08  -8.8e-07 
   8.8e-07   1.7e-11   1         5.8e-08  -1         1.7e-11   1         5.8e-08  -8.8e-07 
  -1.7e-11   8.8e-07   1         1         5.8e-08   1.7e-11  -5.8e-08   1        -8.8e-07 
  -1.7e-11   8.8e-07   1         1         5.8e-08   1.7e-11  -5.8e-08   1        -8.8e-07 
   8.8e-07   1.7e-11   1         5.8e-08  -1         1.7e-11   1         5.8e-08  -8.8e-07 
   8.8e-07   1.7e-11   1         5.8e-08  -1         1.7e-11   1         5.8e-08  -8.8e-07 
   8.8e-07   1.7e-11   1         5.8e-08  -1         1.7e-11   1         5.8e-08  -8.8e-07 
   8.8e-07   1.7e-11   1         5.8e-08  -1         1.7e-11   1         5.8e-08  -8.8e-07 
   8.8e-07   1.7e-11   1         5.8e-08  -1         1.7e-11   1         5.8e-08  -8.8e-07 
   8.8e-07   1.7e-11   1         5.8e-08  -1         1.7e-11   1         5.8e-08  -8.8e-07 
   8.8e-07   1.7e-11   1         5.8e-08  -1         1.7e-11   1         5.8e-08  -8.8e-07 
   8.8e-07   1.7e-11   1         5.8e-08  -1         1.7e-11   1         5.8e-08  -8.8e-07 
   8.8e-07   1.7e-11   1         5.8e-08  -1         1.7e-11   1         5.8e-08  -8.8e-07 
   8.8e-07   1.7e-11   1         5.8e-08  -1         1.7e-11   1         5.8e-08  -8.8e-07 
   8.8e-07   1.7e-11   1         5.8e-08  -1         1.7e-11   1         5.8e-08  -8.8e-07 
   8.8e-07   1.7e-11   1         5.8e-08  -1         1.7e-11   1         5.8e-08  -8.8e-07 
   8.8e-07   1.7e-11   1         5.8e-08  -1         1.7e-11   1         5.8e-08  -8.8e-07 
   8.8e-07   1.7e-11   1         5.8e-08  -1         1.7e-11   1         5.8e-08  -8.8e-07 
   8.8e-07   1.7e-11   1         5.8e-08  -1         1.7e-11   1         5.8e-08  -8.8e-07 
   8.8e-07   1.7e-11   1         5.8e-08  -1         1.7e-11   1         5.8e-08  -8.8e-07 
   8.8e-07   1.7e-11   1         5.8e-08  -1         1.7e-11   1         5.8e-08  -8.8e-07 
   8.8e-07   1.7e-11   1         5.8e-08  -1         1.7e-11   1         5.8e-08  -8.8e-07 
   8.8e-07   1.7e-11   1         5.8e-08  -1         1.7e-11   1         5.8e-08  -8.8e-07 
   8.8e-07   1.7e-11   1         5.8e-08  -1         1.7e-11   1         5.8e-08  -8.8e-07 
  -1.7e-11   8.8e-07   1         1         5.8e-08   1.7e-11  -5.8e-08   1        -8.8e-07 
   8.8e-07   1.7e-11   1         5.8e-08  -1         1.7e-11   1         5.8e-08  -8.8e-07 
   8.8e-07   1.7e-11   1         5.8e-08  -1         1.7e-11   1         5.8e-08  -8.8e-07 
   8.8e-07   1.7e-11   1         5.8e-08  -1         1.7e-11   1         5.8e-08  -8.8e-07 
  -1.7e-11   8.8e-07   1         1         5.8e-08   1.7e-11  -5.8e-08   1        -8.8e-07 
   8.8e-07   1.7e-11   1         5.8e-08  -1         1.7e-11   1         5.8e-08  -8.8e-07 
   8.8e-07   1.7e-11   1         5.8e-08  -1         1.7e-11   1         5.8e-08  -8.8e-07 
   8.8e-07   1.7e-11   1         5.8e-08  -1         1.7e-11   1         5.8e-08  -8.8e-07 
   8.8e-07   1.7e-11   1         5.8e-08  -1         1.7e-11   1         5.8e-08  -8.8e-07 
   8.8e-07   1.7e-11   1         5.8e-08  -1         1.7e-11   1         5.8e-08  -8.8e-07 
   8.8e-07  -1         1.7e-11   5.8e-08  -1.7e-11  -1         1         8.8e-07   5.8e-08 
   8.8e-07   1.7e-11   1         5.8e-08  -1         1.7e-11   1         5.8e-08  -8.8e-07 
   1        -1.7e-11   8.8e-07   1.7e-11   1         5.8e-08  -8.8e-07  -5.8e-08   1       
   8.8e-07  -1         1.7e-11   5.8e-08  -1.7e-11  -1         1         8.8e-07   5.8e-08 
   8.8e-07  -1         1.7e-11   5.8e-08  -1.7e-11  -1         1         8.8e-07   5.8e-08 
   8.8e-07   1.7e-11   1         5.8e-08  -1         1.7e-11   1         5.8e-08  -8.8e-07 
   8.8e-07   1.7e-11   1         5.8e-08  -1         1.7e-11   1         5.8e-08  -8.8e-07 
   8.8e-07   1.7e-11   1         5.8e-08  -1         1.7e-11   1         5.8e-08  -8.8e-07 
   8.8e-07   1.7e-11   1         5.8e-08  -1         1.7e-11   1         5.8e-08  -8.8e-07 
   8.8e-07   1.7e-11   1         5.8e-08  -1         1.7e-11   1         5.8e-08  -8.8e-07 
   8.8e-07  -1         1.7e-11   5.8e-08  -1.7e-11  -1         1         8.8e-07   5.8e-08 
   8.8e-07   1.7e-11   1         5.8e-08  -1         1.7e-11   1         5.8e-08  -8.8e-07 
   8.8e-07  -1         1.7e-11   5.8e-08  -1.7e-11  -1         1         8.8e-07   5.8e-08 
   8.8e-07  -1         1.7e-11   5.8e-08  -1.7e-11  -1         1         8.8e-07   5.8e-08 
   8.8e-07  -1         1.7e-11   5.8e-08  -1.7e-11  -1         1         8.8e-07   5.8e-08 
   8.8e-07   1.7e-11   1         5.8e-08  -1         1.7e-11   1         5.8e-08  -8.8e-07 
   8.8e-07   1.7e-11   1         5.8e-08  -1         1.7e-11   1         5.8e-08  -8.8e-07 
   8.8e-07   1.7e-11   1         5.8e-08  -1         1.7e-11   1         5.8e-08  -8.8e-07 
   8.8e-07   1.7e-11   1         5.8e-08  -1         1.7e-11   1         5.8e-08  -8.8e-07 
   8.8e-07  -1         1.7e-11   5.8e-08  -1.7e-11  -1         1         8.8e-07   5.8e-08 
   8.8e-07  -1         1.7e-11   5.8e-08  -1.7e-11  -1         1         8.8e-07   5.8e-08 
   1        -1.7e-11   8.8e-07   1.7e-11   1         5.8e-08  -8.8e-07  -5.8e-08   1       
   8.8e-07  -1         1.7e-11   5.8e-08  -1.7e-11  -1         1         8.8e-07   5.8e-08 
   8.8e-07  -1         1.7e-11   5.8e-08  -1.7e-11  -1         1         8.8e-07   5.8e-08 
   8.8e-07   1.7e-11   1         5.8e-08  -1         1.7e-11   1         5.8e-08  -8.8e-07 
   8.8e-07   1.7e-11   1         5.8e-08  -1         1.7e-11   1         5.8e-08  -8.8e-07 
   8.8e-07   1.7e-11   1         5.8e-08  -1         1.7e-11   1         5.8e-08  -8.8e-07 
   8.8e-07   1.7e-11   1         5.8e-08  -1         1.7e-11   1         5.8e-08  -8.8e-07 
   8.8e-07  -1         1.7e-11   5.8e-08  -1.7e-11  -1         1         8.8e-07   5.8e-08 
   8.8e-07  -1         1.7e-11   5.8e-08  -1.7e-11  -1         1         8.8e-07   5.8e-08 
   8.8e-07  -1         1.7e-11   5.8e-08  -1.7e-11  -1         1         8.8e-07   5.8e-08 
   8.8e-07  -1         1.7e-11   5.8e-08  -1.7e-11  -1         1         8.8e-07   5.8e-08 
   8.8e-07  -1         1.7e-11   5.8e-08  -1.7e-11  -1         1         8.8e-07   5.8e-08 
   8.8e-07  -1         1.7e-11   5.8e-08  -1.7e-11  -1         1         8.8e-07   5.8e-08 
   8.8e-07   1.7e-11   1         5.8e-08  -1         1.7e-11   1         5.8e-08  -8.8e-07 
   8.8e-07   1.7e-11   1         5.8e-08  -1         1.7e-11   1         5.8e-08  -8.8e-07 
   8.8e-07   1.7e-11   1         5.8e-08  -1         1.7e-11   1         5.8e-08  -8.8e-07 
   8.8e-07   1.7e-11   1         5.8e-08  -1         1.7e-11   1         5.8e-08  -8.8e-07 
   8.8e-07   1.7e-11   1         5.8e-08  -1         1.7e-11   1         5.8e-08  -8.8e-07 
   8.8e-07  -1         1.7e-11   5.8e-08  -1.7e-11  -1         1         8.8e-07   5.8e-08 
   8.8e-07  -1         1.7e-11   5.8e-08  -1.7e-11  -1         1         8.8e-07   5.8e-08 
  -1.7e-11  -1         8.8e-07   1        -1.7e-11   5.8e-08  -5.8e-08   8.8e-07   1       
   8.8e-07   1.7e-11   1         5.8e-08  -1         1.7e-11   1         5.8e-08  -8.8e-07 
   8.8e-07   1.7e-11   1         5.8e-08  -1         1.7e-11   1         5.8e-08  -8.8e-07 
   8.8e-07  -1         1.7e-11   5.8e-08  -1.7e-11  -1         1         8.8e-07   5.8e-08 
   8.8e-07  -1         1.7e-11   5.8e-08  -1.7e-11  -1         1         8.8e-07   5.8e-08 
   8.8e-07  -1         1.7e-11   5.8e-08  -1.7e-11  -1         1         8.8e-07   5.8e-08 
   8.8e-07  -1         1.7e-11   5.8e-08  -1.7e-11  -1         1         8.8e-07   5.8e-08 
   8.8e-07  -1         1.7e-11   5.8e-08  -1.7e-11  -1         1         8.8e-07   5.8e-08 
   8.8e-07  -1         1.7e-11   5.8e-08  -1.7e-11  -1         1         8.8e-07   5.8e-08 
   8.8e-07  -1         1.7e-11   5.8e-08  -1.7e-11  -1         1         8.8e-07   5.8e-08 
   8.8e-07   1.7e-11   1         5.8e-08  -1         1.7e-11   1         5.8e-08  -8.8e-07 
   8.8e-07   1.7e-11   1         5.8e-08  -1         1.7e-11   1         5.8e-08  -8.8e-07 
   8.8e-07   1.7e-11   1         5.8e-08  -1         1.7e-11   1         5.8e-08  -8.8e-07 
   8.8e-07  -1         1.7e-11   5.8e-08  -1.7e-11  -1         1         8.8e-07   5.8e-08 
   8.8e-07  -1         1.7e-11   5.8e-08  -1.7e-11  -1         1         8.8e-07   5.8e-08 
   8.8e-07  -1         1.7e-11   5.8e-08  -1.7e-11  -1         1         8.8e-07   5.8e-08 
   8.8e-07  -1         1.7e-11   5.8e-08  -1.7e-11  -1         1         8.8e-07   5.8e-08 
   8.8e-07   1.7e-11   1         5.8e-08  -1         1.7e-11   1         5.8e-08  -8.8e-07 
   8.8e-07   1.7e-11   1         5.8e-08  -1         1.7e-11   1         5.8e-08  -8.8e-07 
   8.8e-07   1.7e-11   1         5.8e-08  -1         1.7e-11   1         5.8e-08  -8.8e-07 
   8.8e-07  -1         1.7e-11   5.8e-08  -1.7e-11  -1         1         8.8e-07   5.8e-08 
  -1.7e-11   8.8e-07   1         1         5.8e-08   1.7e-11  -5.8e-08   1        -8.8e-07 
   8.8e-07  -1         1.7e-11   5.8e-08  -1.7e-11  -1         1         8.8e-07   5.8e-08 
   1        -1.7e-11   8.8e-07   1.7e-11   1         5.8e-08  -8.8e-07  -5.8e-08   1       
  -1.7e-11   8.8e-07   1         1         5.8e-08   1.7e-11  -5.8e-08   1        -8.8e-07 
   1         8.8e-07   1.7e-11   1.7e-11   5.8e-08  -1        -8.8e-07   1         5.8e-08 
   1         8.8e-07   1.7e-11   1.7e-11   5.8e-08  -1        -8.8e-07   1         5.8e-08 
  -1.7e-11   8.8e-07   1         1         5.8e-08   1.7e-11  -5.8e-08   1        -8.8e-07 
  -0.25     -0.97      8.8e-07   0.97     -0.25      5.8e-08   1.6e-07   8.6e-07   1       
   0.98      0.18      8.8e-07  -0.18      0.98      5.8e-08  -8.5e-07  -2.1e-07   1       
   0.95      0.31      8.8e-07  -0.31      0.95      5.8e-08  -8.2e-07  -3.3e-07   1       
   0.99      0.11      8.8e-07  -0.11      0.99      5.8e-08  -8.7e-07  -1.6e-07   1       
   8.8e-07   1.7e-11   1         5.8e-08  -1         1.7e-11   1         5.8e-08  -8.8e-07 
   8.8e-07  -1         1.7e-11   5.8e-08  -1.7e-11  -1         1         8.8e-07   5.8e-08 
  -1.7e-11   8.8e-07   1         1         5.8e-08   1.7e-11  -5.8e-08   1        -8.8e-07 
   8.8e-07  -1         1.7e-11   5.8e-08  -1.7e-11  -1         1         8.8e-07   5.8e-08 
   8.8e-07  -1         1.7e-11   5.8e-08  -1.7e-11  -1         1         8.8e-07   5.8e-08 
   8.8e-07  -1         1.7e-11   5.8e-08  -1.7e-11  -1         1         8.8e-07   5.8e-08 
   8.8e-07   1.7e-11   1         5.8e-08  -1         1.7e-11   1         5.8e-08  -8.8e-07 
   8.8e-07  -1         1.7e-11   5.8e-08  -1.7e-11  -1         1         8.8e-07   5.8e-08 
   8.8e-07  -1         1.7e-11   5.8e-08  -1.7e-11  -1         1         8.8e-07   5.8e-08 
   1        -1.7e-11   8.8e-07   1.7e-11   1         5.8e-08  -8.8e-07  -5.8e-08   1       
   8.8e-07  -1         1.7e-11   5.8e-08  -1.7e-11  -1         1         8.8e-07   5.8e-08 
   8.8e-07  -1         1.7e-11   5.8e-08  -1.7e-11  -1         1         8.8e-07   5.8e-08 
   1        -1.7e-11   8.8e-07   1.7e-11   1         5.8e-08  -8.8e-07  -5.8e-08   1       
   8.8e-07  -1         1.7e-11   5.8e-08  -1.7e-11  -1         1         8.8e-07   5.8e-08 
   8.8e-07  -1         1.7e-11   5.8e-08  -1.7e-11  -1         1         8.8e-07   5.8e-08 
   1         8.8e-07   1.7e-11   1.7e-11   5.8e-08  -1        -8.8e-07   1         5.8e-08 
   1         8.8e-07   1.7e-11   1.7e-11   5.8e-08  -1        -8.8e-07   1         5.8e-08 
   8.8e-07  -1         1.7e-11   5.8e-08  -1.7e-11  -1         1         8.8e-07   5.8e-08 
   1        -1.7e-11   8.8e-07   1.7e-11   1         5.8e-08  -8.8e-07  -5.8e-08   1       
   8.8e-07  -1         1.7e-11   5.8e-08  -1.7e-11  -1         1         8.8e-07   5.8e-08 
   1         8.8e-07   1.7e-11   1.7e-11   5.8e-08  -1        -8.8e-07   1         5.8e-08 
   1        -1.7e-11   8.8e-07   1.7e-11   1         5.8e-08  -8.8e-07  -5.8e-08   1       
   8.8e-07  -1         1.7e-11   5.8e-08  -1.7e-11  -1         1         8.8e-07   5.8e-08 
   8.8e-07  -1         1.7e-11   5.8e-08  -1.7e-11  -1         1         8.8e-07   5.8e-08 
   1        -1.7e-11   8.8e-07   1.7e-11   1         5.8e-08  -8.8e-07  -5.8e-08   1       
   8.8e-07  -1         1.7e-11   5.8e-08  -1.7e-11  -1         1         8.8e-07   5.8e-08 
   8.8e-07  -1         1.7e-11   5.8e-08  -1.7e-11  -1         1         8.8e-07   5.8e-08 
  -1.7e-11   8.8e-07   1         1         5.8e-08   1.7e-11  -5.8e-08   1        -8.8e-07 
   1        -1.7e-11   8.8e-07   1.7e-11   1         5.8e-08  -8.8e-07  -5.8e-08   1       
   8.8e-07  -1         1.7e-11   5.8e-08  -1.7e-11  -1         1         8.8e-07   5.8e-08 
   8.8e-07  -1         1.7e-11   5.8e-08  -1.7e-11  -1         1         8.8e-07   5.8e-08 
   1        -1.7e-11   8.8e-07   1.7e-11   1         5.8e-08  -8.8e-07  -5.8e-08   1       
   8.8e-07  -1         1.7e-11   5.8e-08  -1.7e-11  -1         1         8.8e-07   5.8e-08 
   8.8e-07  -1         1.7e-11   5.8e-08  -1.7e-11  -1         1         8.8e-07   5.8e-08 
  -1.7e-11   8.8e-07   1         1         5.8e-08   1.7e-11  -5.8e-08   1        -8.8e-07 
   8.8e-07  -1         1.7e-11   5.8e-08  -1.7e-11  -1         1         8.8e-07   5.8e-08 
   8.8e-07   1.7e-11   1         5.8e-08  -1         1.7e-11   1         5.8e-08  -8.8e-07 
   8.8e-07  -1         1.7e-11   5.8e-08  -1.7e-11  -1         1         8.8e-07   5.8e-08 
   8.8e-07   1.7e-11   1         5.8e-08  -1         1.7e-11   1         5.8e-08  -8.8e-07 
   1         8.8e-07   1.7e-11   1.7e-11   5.8e-08  -1        -8.8e-07   1         5.8e-08 
   8.8e-07  -1         1.7e-11   5.8e-08  -1.7e-11  -1         1         8.8e-07   5.8e-08 
   1        -1.7e-11   8.8e-07   1.7e-11   1         5.8e-08  -8.8e-07  -5.8e-08   1       
   8.8e-07  -1         1.7e-11   5.8e-08  -1.7e-11  -1         1         8.8e-07   5.8e-08 
   8.8e-07  -1         1.7e-11   5.8e-08  -1.7e-11  -1         1         8.8e-07   5.8e-08 
   8.8e-07  -1         1.7e-11   5.8e-08  -1.7e-11  -1         1         8.8e-07   5.8e-08 
   1        -1.7e-11   8.8e-07   1.7e-11   1         5.8e-08  -8.8e-07  -5.8e-08   1       
   1         8.8e-07   1.7e-11   1.7e-11   5.8e-08  -1        -8.8e-07   1         5.8e-08 
   8.8e-07  -1         1.7e-11   5.8e-08  -1.7e-11  -1         1         8.8e-07   5.8e-08 
   8.8e-07  -1         1.7e-11   5.8e-08  -1.7e-11  -1         1         8.8e-07   5.8e-08 
   8.8e-07  -1         1.7e-11   5.8e-08  -1.7e-11  -1         1         8.8e-07   5.8e-08 
   1        -1.7e-11   8.8e-07   1.7e-11   1         5.8e-08  -8.8e-07  -5.8e-08   1       
   8.8e-07   1.7e-11   1         5.8e-08  -1         1.7e-11   1         5.8e-08  -8.8e-07 
   8.8e-07   1.7e-11   1         5.8e-08  -1         1.7e-11   1         5.8e-08  -8.8e-07 
   8.8e-07   1.7e-11   1         5.8e-08  -1         1.7e-11   1         5.8e-08  -8.8e-07 
   8.8e-07  -1         1.7e-11   5.8e-08  -1.7e-11  -1         1         8.8e-07   5.8e-08 
   8.8e-07  -1         1.7e-11   5.8e-08  -1.7e-11  -1         1         8.8e-07   5.8e-08 
   8.8e-07  -1         1.7e-11   5.8e-08  -1.7e-11  -1         1         8.8e-07   5.8e-08 
   8.8e-07  -1         1.7e-11   5.8e-08  -1.7e-11  -1         1         8.8e-07   5.8e-08 
   8.8e-07  -1         1.7e-11   5.8e-08  -1.7e-11  -1         1         8.8e-07   5.8e-08 
   8.8e-07  -1         1.7e-11   5.8e-08  -1.7e-11  -1         1         8.8e-07   5.8e-08 
   8.8e-07  -1         1.7e-11   5.8e-08  -1.7e-11  -1         1         8.8e-07   5.8e-08 
   8.8e-07  -1         1.7e-11   5.8e-08  -1.7e-11  -1         1         8.8e-07   5.8e-08 
   8.8e-07  -1         1.7e-11   5.8e-08  -1.7e-11  -1         1         8.8e-07   5.8e-08 
   1        -1.7e-11   8.8e-07   1.7e-11   1         5.8e-08  -8.8e-07  -5.8e-08   1       
   8.8e-07  -1         1.7e-11   5.8e-08  -1.7e-11  -1         1         8.8e-07   5.8e-08 
   1         8.8e-07   1.7e-11   1.7e-11   5.8e-08  -1        -8.8e-07   1         5.8e-08 
   8.8e-07  -1         1.7e-11   5.8e-08  -1.7e-11  -1         1         8.8e-07   5.8e-08 
   1        -1.7e-11   8.8e-07   1.7e-11   1         5.8e-08  -8.8e-07  -5.8e-08   1       
   8.8e-07  -1         1.7e-11   5.8e-08  -1.7e-11  -1         1         8.8e-07   5.8e-08 
   1         8.8e-07   1.7e-11   1.7e-11   5.8e-08  -1        -8.8e-07   1         5.8e-08 
   8.8e-07   1.7e-11   1         5.8e-08  -1         1.7e-11   1         5.8e-08  -8.8e-07 
   8.8e-07   1.7e-11   1         5.8e-08  -1         1.7e-11   1         5.8e-08  -8.8e-07 
  -1.7e-11  -1         8.8e-07   1        -1.7e-11   5.8e-08  -5.8e-08   8.8e-07   1       
   8.8e-07  -1         1.7e-11   5.8e-08  -1.7e-11  -1         1         8.8e-07   5.8e-08 
   1        -1.7e-11   8.8e-07   1.7e-11   1         5.8e-08  -8.8e-07  -5.8e-08   1       
   8.8e-07  -1         1.7e-11   5.8e-08  -1.7e-11  -1         1         8.8e-07   5.8e-08 
   1        -1.7e-11   8.8e-07   1.7e-11   1         5.8e-08  -8.8e-07  -5.8e-08   1       
   8.8e-07  -1         1.7e-11   5.8e-08  -1.7e-11  -1         1         8.8e-07   5.8e-08 
   8.8e-07  -1         1.7e-11   5.8e-08  -1.7e-11  -1         1         8.8e-07   5.8e-08 
   1        -1.7e-11   8.8e-07   1.7e-11   1         5.8e-08  -8.8e-07  -5.8e-08   1       
   1        -1.7e-11   8.8e-07   1.7e-11   1         5.8e-08  -8.8e-07  -5.8e-08   1       
   1        -1.7e-11   8.8e-07   1.7e-11   1         5.8e-08  -8.8e-07  -5.8e-08   1       
   1        -1.7e-11   8.8e-07   1.7e-11   1         5.8e-08  -8.8e-07  -5.8e-08   1       
   8.8e-07  -1         1.7e-11   5.8e-08  -1.7e-11  -1         1         8.8e-07   5.8e-08 
   8.8e-07  -1         1.7e-11   5.8e-08  -1.7e-11  -1         1         8.8e-07   5.8e-08 
   8.8e-07  -1         1.7e-11   5.8e-08  -1.7e-11  -1         1         8.8e-07   5.8e-08 
   8.8e-07  -1         1.7e-11   5.8e-08  -1.7e-11  -1         1         8.8e-07   5.8e-08 
  -1.7e-11   8.8e-07   1         1         5.8e-08   1.7e-11  -5.8e-08   1        -8.8e-07 
  -1.7e-11   8.8e-07   1         1         5.8e-08   1.7e-11  -5.8e-08   1        -8.8e-07 
   8.8e-07  -1         1.7e-11   5.8e-08  -1.7e-11  -1         1         8.8e-07   5.8e-08 
  -1.7e-11   8.8e-07   1         1         5.8e-08   1.7e-11  -5.8e-08   1        -8.8e-07 
   8.8e-07  -1         1.7e-11   5.8e-08  -1.7e-11  -1         1         8.8e-07   5.8e-08 
   8.8e-07  -1         1.7e-11   5.8e-08  -1.7e-11  -1         1         8.8e-07   5.8e-08 
   8.8e-07  -1         1.7e-11   5.8e-08  -1.7e-11  -1         1         8.8e-07   5.8e-08 
  -1.7e-11   8.8e-07   1         1         5.8e-08   1.7e-11  -5.8e-08   1        -8.8e-07 
  -1.7e-11   8.8e-07   1         1         5.8e-08   1.7e-11  -5.8e-08   1        -8.8e-07 
   8.8e-07  -1         1.7e-11   5.8e-08  -1.7e-11  -1         1         8.8e-07   5.8e-08 
   8.8e-07  -1         1.7e-11   5.8e-08  -1.7e-11  -1         1         8.8e-07   5.8e-08 
   8.8e-07   1.7e-11   1         5.8e-08  -1         1.7e-11   1         5.8e-08  -8.8e-07 
   8.8e-07   1.7e-11   1         5.8e-08  -1         1.7e-11   1         5.8e-08  -8.8e-07 
   8.8e-07   1.7e-11   1         5.8e-08  -1         1.7e-11   1         5.8e-08  -8.8e-07 
   8.8e-07   1.7e-11   1         5.8e-08  -1         1.7e-11   1         5.8e-08  -8.8e-07 
   8.8e-07   1.7e-11   1         5.8e-08  -1         1.7e-11   1         5.8e-08  -8.8e-07 
   8.8e-07   1.7e-11   1         5.8e-08  -1         1.7e-11   1         5.8e-08  -8.8e-07 
  -1.7e-11   8.8e-07   1         1         5.8e-08   1.7e-11  -5.8e-08   1        -8.8e-07 
   8.8e-07   1.7e-11   1         5.8e-08  -1         1.7e-11   1         5.8e-08  -8.8e-07 
   8.8e-07  -1         1.7e-11   5.8e-08  -1.7e-11  -1         1         8.8e-07   5.8e-08 
   8.8e-07  -1         1.7e-11   5.8e-08  -1.7e-11  -1         1         8.8e-07   5.8e-08 
   8.8e-07  -1         1.7e-11   5.8e-08  -1.7e-11  -1         1         8.8e-07   5.8e-08 
   8.8e-07  -1         1.7e-11   5.8e-08  -1.7e-11  -1         1         8.8e-07   5.8e-08 
   8.8e-07  -1         1.7e-11   5.8e-08  -1.7e-11  -1         1         8.8e-07   5.8e-08 
   1         8.8e-07   1.7e-11   1.7e-11   5.8e-08  -1        -8.8e-07   1         5.8e-08 
   1         8.8e-07   1.7e-11   1.7e-11   5.8e-08  -1        -8.8e-07   1         5.8e-08 
  -1.7e-11   8.8e-07   1         1         5.8e-08   1.7e-11  -5.8e-08   1        -8.8e-07 
  -1.7e-11   8.8e-07   1         1         5.8e-08   1.7e-11  -5.8e-08   1        -8.8e-07 
   1         8.8e-07   1.7e-11   1.7e-11   5.8e-08  -1        -8.8e-07   1         5.8e-08 
   1         8.8e-07   1.7e-11   1.7e-11   5.8e-08  -1        -8.8e-07   1         5.8e-08 
  -1.7e-11   8.8e-07   1         1         5.8e-08   1.7e-11  -5.8e-08   1        -8.8e-07 
  -1.7e-11   8.8e-07   1         1         5.8e-08   1.7e-11  -5.8e-08   1        -8.8e-07 
   1         8.8e-07   1.7e-11   1.7e-11   5.8e-08  -1        -8.8e-07   1         5.8e-08 
   1         8.8e-07   1.7e-11   1.7e-11   5.8e-08  -1        -8.8e-07   1         5.8e-08 
  -1.7e-11   8.8e-07   1         1         5.8e-08   1.7e-11  -5.8e-08   1        -8.8e-07 
  -1.7e-11   8.8e-07   1         1         5.8e-08   1.7e-11  -5.8e-08   1        -8.8e-07 
  -1.7e-11   8.8e-07   1         1         5.8e-08   1.7e-11  -5.8e-08   1        -8.8e-07 
  -1.7e-11   8.8e-07   1         1         5.8e-08   1.7e-11  -5.8e-08   1        -8.8e-07 
   1         8.8e-07   1.7e-11   1.7e-11   5.8e-08  -1        -8.8e-07   1         5.8e-08 
   1         8.8e-07   1.7e-11   1.7e-11   5.8e-08  -1        -8.8e-07   1         5.8e-08 
  -1.7e-11   8.8e-07   1         1         5.8e-08   1.7e-11  -5.8e-08   1        -8.8e-07 
  -1.7e-11   8.8e-07   1         1         5.8e-08   1.7e-11  -5.8e-08   1        -8.8e-07 
   1         8.8e-07   1.7e-11   1.7e-11   5.8e-08  -1        -8.8e-07   1         5.8e-08 
   1         8.8e-07   1.7e-11   1.7e-11   5.8e-08  -1        -8.8e-07   1         5.8e-08 
   1         8.8e-07   1.7e-11   1.7e-11   5.8e-08  -1        -8.8e-07   1         5.8e-08 
   1         8.8e-07   1.7e-11   1.7e-11   5.8e-08  -1        -8.8e-07   1         5.8e-08 
  -1.7e-11   8.8e-07   1         1         5.8e-08   1.7e-11  -5.8e-08   1        -8.8e-07 
  -1.7e-11   8.8e-07   1         1         5.8e-08   1.7e-11  -5.8e-08   1        -8.8e-07 
  -1.7e-11   8.8e-07   1         1         5.8e-08   1.7e-11  -5.8e-08   1        -8.8e-07 
  -1.7e-11   8.8e-07   1         1         5.8e-08   1.7e-11  -5.8e-08   1        -8.8e-07 
   1         8.8e-07   1.7e-11   1.7e-11   5.8e-08  -1        -8.8e-07   1         5.8e-08 
   1         8.8e-07   1.7e-11   1.7e-11   5.8e-08  -1        -8.8e-07   1         5.8e-08 
   1         8.8e-07   1.7e-11   1.7e-11   5.8e-08  -1        -8.8e-07   1         5.8e-08 
   1         8.8e-07   1.7e-11   1.7e-11   5.8e-08  -1        -8.8e-07   1         5.8e-08 
  -1.7e-11   8.8e-07   1         1         5.8e-08   1.7e-11  -5.8e-08   1        -8.8e-07 
  -1.7e-11   8.8e-07   1         1         5.8e-08   1.7e-11  -5.8e-08   1        -8.8e-07 
   8.8e-07   1.7e-11   1         5.8e-08  -1         1.7e-11   1         5.8e-08  -8.8e-07 
   1        -1.7e-11   8.8e-07   1.7e-11   1         5.8e-08  -8.8e-07  -5.8e-08   1       
   8.8e-07  -1         1.7e-11   5.8e-08  -1.7e-11  -1         1         8.8e-07   5.8e-08 
   8.8e-07  -1         1.7e-11   5.8e-08  -1.7e-11  -1         1         8.8e-07   5.8e-08 
   8.8e-07  -1         1.7e-11   5.8e-08  -1.7e-11  -1         1         8.8e-07   5.8e-08 
   8.8e-07  -1         1.7e-11   5.8e-08  -1.7e-11  -1         1         8.8e-07   5.8e-08 
   8.8e-07  -1         1.7e-11   5.8e-08  -1.7e-11  -1         1         8.8e-07   5.8e-08 
   8.8e-07  -1         1.7e-11   5.8e-08  -1.7e-11  -1         1         8.8e-07   5.8e-08 
   8.8e-07  -1         1.7e-11   5.8e-08  -1.7e-11  -1         1         8.8e-07   5.8e-08 
   8.8e-07  -1         1.7e-11   5.8e-08  -1.7e-11  -1         1         8.8e-07   5.8e-08 
   8.8e-07  -1         1.7e-11   5.8e-08  -1.7e-11  -1         1         8.8e-07   5.8e-08 
   8.8e-07  -1         1.7e-11   5.8e-08  -1.7e-11  -1         1         8.8e-07   5.8e-08 
   8.8e-07  -1         1.7e-11   5.8e-08  -1.7e-11  -1         1         8.8e-07   5.8e-08 
   8.8e-07  -1         1.7e-11   5.8e-08  -1.7e-11  -1         1         8.8e-07   5.8e-08 
   8.8e-07  -1         1.7e-11   5.8e-08  -1.7e-11  -1         1         8.8e-07   5.8e-08 
   8.8e-07  -1         1.7e-11   5.8e-08  -1.7e-11  -1         1         8.8e-07   5.8e-08 
   8.8e-07  -1         1.7e-11   5.8e-08  -1.7e-11  -1         1         8.8e-07   5.8e-08 
   8.8e-07  -1         1.7e-11   5.8e-08  -1.7e-11  -1         1         8.8e-07   5.8e-08 
   8.8e-07   1.7e-11   1         5.8e-08  -1         1.7e-11   1         5.8e-08  -8.8e-07 
   8.8e-07   1.7e-11   1         5.8e-08  -1         1.7e-11   1         5.8e-08  -8.8e-07 
   8.8e-07   1.7e-11   1         5.8e-08  -1         1.7e-11   1         5.8e-08  -8.8e-07 
   1        -1.7e-11   8.8e-07   1.7e-11   1         5.8e-08  -8.8e-07  -5.8e-08   1       
   8.8e-07  -1         1.7e-11   5.8e-08  -1.7e-11  -1         1         8.8e-07   5.8e-08 
   8.8e-07  -1         1.7e-11   5.8e-08  -1.7e-11  -1         1         8.8e-07   5.8e-08 
   8.8e-07  -1         1.7e-11   5.8e-08  -1.7e-11  -1         1         8.8e-07   5.8e-08 
   8.8e-07  -1         1.7e-11   5.8e-08  -1.7e-11  -1         1         8.8e-07   5.8e-08 
   8.8e-07  -1         1.7e-11   5.8e-08  -1.7e-11  -1         1         8.8e-07   5.8e-08 
   8.8e-07  -1         1.7e-11   5.8e-08  -1.7e-11  -1         1         8.8e-07   5.8e-08 
   8.8e-07  -1         1.7e-11   5.8e-08  -1.7e-11  -1         1         8.8e-07   5.8e-08 
   8.8e-07  -1         1.7e-11   5.8e-08  -1.7e-11  -1         1         8.8e-07   5.8e-08 
   8.8e-07  -1         1.7e-11   5.8e-08  -1.7e-11  -1         1         8.8e-07   5.8e-08 
   8.8e-07  -1         1.7e-11   5.8e-08  -1.7e-11  -1         1         8.8e-07   5.8e-08 
   8.8e-07  -1         1.7e-11   5.8e-08  -1.7e-11  -1         1         8.8e-07   5.8e-08 
   8.8e-07  -1         1.7e-11   5.8e-08  -1.7e-11  -1         1         8.8e-07   5.8e-08 
   8.8e-07  -1         1.7e-11   5.8e-08  -1.7e-11  -1         1         8.8e-07   5.8e-08 
   8.8e-07  -1         1.7e-11   5.8e-08  -1.7e-11  -1         1         8.8e-07   5.8e-08 
   8.8e-07   1.7e-11   1         5.8e-08  -1         1.7e-11   1         5.8e-08  -8.8e-07 
   8.8e-07   1.7e-11   1         5.8e-08  -1         1.7e-11   1         5.8e-08  -8.8e-07 
   8.8e-07  -1         1.7e-11   5.8e-08  -1.7e-11  -1         1         8.8e-07   5.8e-08 
   8.8e-07  -1         1.7e-11   5.8e-08  -1.7e-11  -1         1         8.8e-07   5.8e-08 
   8.8e-07   1.7e-11   1         5.8e-08  -1         1.7e-11   1         5.8e-08  -8.8e-07 
   8.8e-07   1.7e-11   1         5.8e-08  -1         1.7e-11   1         5.8e-08  -8.8e-07 
   8.8e-07   1.7e-11   1         5.8e-08  -1         1.7e-11   1         5.8e-08  -8.8e-07 
   8.8e-07   1.7e-11   1         5.8e-08  -1         1.7e-11   1         5.8e-08  -8.8e-07 
   8.8e-07   1.7e-11   1         5.8e-08  -1         1.7e-11   1         5.8e-08  -8.8e-07 
  -1.7e-11   8.8e-07   1         1         5.8e-08   1.7e-11  -5.8e-08   1        -8.8e-07 
  -1.7e-11   8.8e-07   1         1         5.8e-08   1.7e-11  -5.8e-08   1        -8.8e-07 
   8.8e-07   1.7e-11   1         5.8e-08  -1         1.7e-11   1         5.8e-08  -8.8e-07 
   8.8e-07   1.7e-11   1         5.8e-08  -1         1.7e-11   1         5.8e-08  -8.8e-07 
   8.8e-07   1.7e-11   1         5.8e-08  -1         1.7e-11   1         5.8e-08  -8.8e-07 
  -1.7e-11   8.8e-07   1         1         5.8e-08   1.7e-11  -5.8e-08   1        -8.8e-07 
  -1.7e-11   8.8e-07   1         1         5.8e-08   1.7e-11  -5.8e-08   1        -8.8e-07 
   8.8e-07   1.7e-11   1         5.8e-08  -1         1.7e-11   1         5.8e-08  -8.8e-07 
   8.8e-07   1.7e-11   1         5.8e-08  -1         1.7e-11   1         5.8e-08  -8.8e-07 
   8.8e-07   1.7e-11   1         5.8e-08  -1         1.7e-11   1         5.8e-08  -8.8e-07 
   8.8e-07   1.7e-11   1         5.8e-08  -1         1.7e-11   1         5.8e-08  -8.8e-07 
   8.8e-07   1.7e-11   1         5.8e-08  -1         1.7e-11   1         5.8e-08  -8.8e-07 
   8.8e-07   1.7e-11   1         5.8e-08  -1         1.7e-11   1         5.8e-08  -8.8e-07 
   8.8e-07   1.7e-11   1         5.8e-08  -1         1.7e-11   1         5.8e-08  -8.8e-07 
   8.8e-07   1.7e-11   1         5.8e-08  -1         1.7e-11   1         5.8e-08  -8.8e-07 
   8.8e-07   1.7e-11   1         5.8e-08  -1         1.7e-11   1         5.8e-08  -8.8e-07 
   8.8e-07   1.7e-11   1         5.8e-08  -1         1.7e-11   1         5.8e-08  -8.8e-07 
   8.8e-07   1.7e-11   1         5.8e-08  -1         1.7e-11   1         5.8e-08  -8.8e-07 
   8.8e-07   1.7e-11   1         5.8e-08  -1         1.7e-11   1         5.8e-08  -8.8e-07 
   8.8e-07   1.7e-11   1         5.8e-08  -1         1.7e-11   1         5.8e-08  -8.8e-07 
   8.8e-07   1.7e-11   1         5.8e-08  -1         1.7e-11   1         5.8e-08  -8.8e-07 
   8.8e-07   1.7e-11   1         5.8e-08  -1         1.7e-11   1         5.8e-08  -8.8e-07 
   8.8e-07   1.7e-11   1         5.8e-08  -1         1.7e-11   1         5.8e-08  -8.8e-07 
   8.8e-07   1.7e-11   1         5.8e-08  -1         1.7e-11   1         5.8e-08  -8.8e-07 
   8.8e-07   1.7e-11   1         5.8e-08  -1         1.7e-11   1         5.8e-08  -8.8e-07 
   8.8e-07   1.7e-11   1         5.8e-08  -1         1.7e-11   1         5.8e-08  -8.8e-07 
   8.8e-07   1.7e-11   1         5.8e-08  -1         1.7e-11   1         5.8e-08  -8.8e-07 
  -1.7e-11   8.8e-07   1         1         5.8e-08   1.7e-11  -5.8e-08   1        -8.8e-07 
   8.8e-07   1.7e-11   1         5.8e-08  -1         1.7e-11   1         5.8e-08  -8.8e-07 
   8.8e-07   1.7e-11   1         5.8e-08  -1         1.7e-11   1         5.8e-08  -8.8e-07 
   8.8e-07   1.7e-11   1         5.8e-08  -1         1.7e-11   1         5.8e-08  -8.8e-07 
  -1.7e-11   8.8e-07   1         1         5.8e-08   1.7e-11  -5.8e-08   1        -8.8e-07 
   8.8e-07   1.7e-11   1         5.8e-08  -1         1.7e-11   1         5.8e-08  -8.8e-07 
   8.8e-07   1.7e-11   1         5.8e-08  -1         1.7e-11   1         5.8e-08  -8.8e-07 
   8.8e-07   1.7e-11   1         5.8e-08  -1         1.7e-11   1         5.8e-08  -8.8e-07 
   8.8e-07   1.7e-11   1         5.8e-08  -1         1.7e-11   1         5.8e-08  -8.8e-07 
   8.8e-07   1.7e-11   1         5.8e-08  -1         1.7e-11   1         5.8e-08  -8.8e-07 
   8.8e-07   1.7e-11   1         5.8e-08  -1         1.7e-11   1         5.8e-08  -8.8e-07 
   8.8e-07   1.7e-11   1         5.8e-08  -1         1.7e-11   1         5.8e-08  -8.8e-07 
   8.8e-07   1.7e-11   1         5.8e-08  -1         1.7e-11   1         5.8e-08  -8.8e-07 
   8.8e-07   1.7e-11   1         5.8e-08  -1         1.7e-11   1         5.8e-08  -8.8e-07 
   8.8e-07   1.7e-11   1         5.8e-08  -1         1.7e-11   1         5.8e-08  -8.8e-07 
  -1.7e-11   8.8e-07   1         1         5.8e-08   1.7e-11  -5.8e-08   1        -8.8e-07 
  -1.7e-11   8.8e-07   1         1         5.8e-08   1.7e-11  -5.8e-08   1        -8.8e-07 
   8.8e-07   1.7e-11   1         5.8e-08  -1         1.7e-11   1         5.8e-08  -8.8e-07 
   8.8e-07   1.7e-11   1         5.8e-08  -1         1.7e-11   1         5.8e-08  -8.8e-07 
   8.8e-07   1.7e-11   1         5.8e-08  -1         1.7e-11   1         5.8e-08  -8.8e-07 
  -1.7e-11   8.8e-07   1         1         5.8e-08   1.7e-11  -5.8e-08   1        -8.8e-07 
  -1.7e-11   8.8e-07   1         1         5.8e-08   1.7e-11  -5.8e-08   1        -8.8e-07 
   8.8e-07   1.7e-11   1         5.8e-08  -1         1.7e-11   1         5.8e-08  -8.8e-07 
   8.8e-07   1.7e-11   1         5.8e-08  -1         1.7e-11   1         5.8e-08  -8.8e-07 
   8.8e-07   1.7e-11   1         5.8e-08  -1         1.7e-11   1         5.8e-08  -8.8e-07 
   8.8e-07   1.7e-11   1         5.8e-08  -1         1.7e-11   1         5.8e-08  -8.8e-07 
   8.8e-07   1.7e-11   1         5.8e-08  -1         1.7e-11   1         5.8e-08  -8.8e-07 
   8.8e-07   1.7e-11   1         5.8e-08  -1         1.7e-11   1         5.8e-08  -8.8e-07 
   8.8e-07   1.7e-11   1         5.8e-08  -1         1.7e-11   1         5.8e-08  -8.8e-07 
   8.8e-07   1.7e-11   1         5.8e-08  -1         1.7e-11   1         5.8e-08  -8.8e-07 
   8.8e-07   1.7e-11   1         5.8e-08  -1         1.7e-11   1         5.8e-08  -8.8e-07 
   8.8e-07   1.7e-11   1         5.8e-08  -1         1.7e-11   1         5.8e-08  -8.8e-07 
   8.8e-07   1.7e-11   1         5.8e-08  -1         1.7e-11   1         5.8e-08  -8.8e-07 
   8.8e-07   1.7e-11   1         5.8e-08  -1         1.7e-11   1         5.8e-08  -8.8e-07 
   8.8e-07   1.7e-11   1         5.8e-08  -1         1.7e-11   1         5.8e-08  -8.8e-07 
   8.8e-07   1.7e-11   1         5.8e-08  -1         1.7e-11   1         5.8e-08  -8.8e-07 
   8.8e-07   1.7e-11   1         5.8e-08  -1         1.7e-11   1         5.8e-08  -8.8e-07 
   8.8e-07   1.7e-11   1         5.8e-08  -1         1.7e-11   1         5.8e-08  -8.8e-07 
   8.8e-07   1.7e-11   1         5.8e-08  -1         1.7e-11   1         5.8e-08  -8.8e-07 
   8.8e-07   1.7e-11   1         5.8e-08  -1         1.7e-11   1         5.8e-08  -8.8e-07 
   8.8e-07   1.7e-11   1         5.8e-08  -1         1.7e-11   1         5.8e-08  -8.8e-07 
   8.8e-07   1.7e-11   1         5.8e-08  -1         1.7e-11   1         5.8e-08  -8.8e-07 
  -1.7e-11   8.8e-07   1         1         5.8e-08   1.7e-11  -5.8e-08   1        -8.8e-07 
   8.8e-07   1.7e-11   1         5.8e-08  -1         1.7e-11   1         5.8e-08  -8.8e-07 
   8.8e-07   1.7e-11   1         5.8e-08  -1         1.7e-11   1         5.8e-08  -8.8e-07 
   8.8e-07   1.7e-11   1         5.8e-08  -1         1.7e-11   1         5.8e-08  -8.8e-07 
  -1.7e-11   8.8e-07   1         1         5.8e-08   1.7e-11  -5.8e-08   1        -8.8e-07 
   8.8e-07   1.7e-11   1         5.8e-08  -1         1.7e-11   1         5.8e-08  -8.8e-07 
   8.8e-07   1.7e-11   1         5.8e-08  -1         1.7e-11   1         5.8e-08  -8.8e-07 
   8.8e-07   1.7e-11   1         5.8e-08  -1         1.7e-11   1         5.8e-08  -8.8e-07 
   8.8e-07   1.7e-11   1         5.8e-08  -1         1.7e-11   1         5.8e-08  -8.8e-07 
   8.8e-07   1.7e-11   1         5.8e-08  -1         1.7e-11   1         5.8e-08  -8.8e-07 
  -1.7e-11   8.8e-07   1         1         5.8e-08   1.7e-11  -5.8e-08   1        -8.8e-07 
  -1.7e-11   8.8e-07   1         1         5.8e-08   1.7e-11  -5.8e-08   1        -8.8e-07 
   1        -1.7e-11   8.8e-07   1.7e-11   1         5.8e-08  -8.8e-07  -5.8e-08   1       
   8.8e-07  -1         1.7e-11   5.8e-08  -1.7e-11  -1         1         8.8e-07   5.8e-08 
   8.8e-07  -1         1.7e-11   5.8e-08  -1.7e-11  -1         1         8.8e-07   5.8e-08 
   8.8e-07   1.7e-11   1         5.8e-08  -1         1.7e-11   1         5.8e-08  -8.8e-07 
   8.8e-07   1.7e-11   1         5.8e-08  -1         1.7e-11   1         5.8e-08  -8.8e-07 
   8.8e-07  -1         1.7e-11   5.8e-08  -1.7e-11  -1         1         8.8e-07   5.8e-08 
   8.8e-07  -1         1.7e-11   5.8e-08  -1.7e-11  -1         1         8.8e-07   5.8e-08 
   8.8e-07  -1         1.7e-11   5.8e-08  -1.7e-11  -1         1         8.8e-07   5.8e-08 
   8.8e-07  -1         1.7e-11   5.8e-08  -1.7e-11  -1         1         8.8e-07   5.8e-08 
   8.8e-07  -1         1.7e-11   5.8e-08  -1.7e-11  -1         1         8.8e-07   5.8e-08 
   8.8e-07  -1         1.7e-11   5.8e-08  -1.7e-11  -1         1         8.8e-07   5.8e-08 
   8.8e-07  -1         1.7e-11   5.8e-08  -1.7e-11  -1         1         8.8e-07   5.8e-08 
   8.8e-07  -1         1.7e-11   5.8e-08  -1.7e-11  -1         1         8.8e-07   5.8e-08 
   8.8e-07  -1         1.7e-11   5.8e-08  -1.7e-11  -1         1         8.8e-07   5.8e-08 
   8.8e-07   1.7e-11   1         5.8e-08  -1         1.7e-11   1         5.8e-08  -8.8e-07 
   8.8e-07  -1         1.7e-11   5.8e-08  -1.7e-11  -1         1         8.8e-07   5.8e-08 
   8.8e-07  -1         1.7e-11   5.8e-08  -1.7e-11  -1         1         8.8e-07   5.8e-08 
   8.8e-07   1.7e-11   1         5.8e-08  -1         1.7e-11   1         5.8e-08  -8.8e-07 
   8.8e-07   1.7e-11   1         5.8e-08  -1         1.7e-11   1         5.8e-08  -8.8e-07 
   8.8e-07   1.7e-11   1         5.8e-08  -1         1.7e-11   1         5.8e-08  -8.8e-07 
   8.8e-07   1.7e-11   1         5.8e-08  -1         1.7e-11   1         5.8e-08  -8.8e-07 
   8.8e-07   1.7e-11   1         5.8e-08  -1         1.7e-11   1         5.8e-08  -8.8e-07 
   8.8e-07   1.7e-11   1         5.8e-08  -1         1.7e-11   1         5.8e-08  -8.8e-07 
   8.8e-07   1.7e-11   1         5.8e-08  -1         1.7e-11   1         5.8e-08  -8.8e-07 
   8.8e-07   1.7e-11   1         5.8e-08  -1         1.7e-11   1         5.8e-08  -8.8e-07 
   8.8e-07  -1         1.7e-11   5.8e-08  -1.7e-11  -1         1         8.8e-07   5.8e-08 
   8.8e-07   1.7e-11   1         5.8e-08  -1         1.7e-11   1         5.8e-08  -8.8e-07 
   8.8e-07   1.7e-11   1         5.8e-08  -1         1.7e-11   1         5.8e-08  -8.8e-07 
   8.8e-07  -1         1.7e-11   5.8e-08  -1.7e-11  -1         1         8.8e-07   5.8e-08 
   1        -1.7e-11   8.8e-07   1.7e-11   1         5.8e-08  -8.8e-07  -5.8e-08   1       
   1         8.8e-07   1.7e-11   1.7e-11   5.8e-08  -1        -8.8e-07   1         5.8e-08 
   1         8.8e-07   1.7e-11   1.7e-11   5.8e-08  -1        -8.8e-07   1         5.8e-08 
   8.8e-07   1.7e-11   1         5.8e-08  -1         1.7e-11   1         5.8e-08  -8.8e-07 
   8.8e-07  -1         1.7e-11   5.8e-08  -1.7e-11  -1         1         8.8e-07   5.8e-08 
  -1.7e-11  -1         8.8e-07   1        -1.7e-11   5.8e-08  -5.8e-08   8.8e-07   1       
  -1.7e-11  -1         8.8e-07   1        -1.7e-11   5.8e-08  -5.8e-08   8.8e-07   1       
  -1.7e-11  -1         8.8e-07   1        -1.7e-11   5.8e-08  -5.8e-08   8.8e-07   1       
  -1.7e-11  -1         8.8e-07   1        -1.7e-11   5.8e-08  -5.8e-08   8.8e-07   1       
   8.8e-07   1.7e-11   1         5.8e-08  -1         1.7e-11   1         5.8e-08  -8.8e-07 
   8.8e-07   1.7e-11   1         5.8e-08  -1         1.7e-11   1         5.8e-08  -8.8e-07 
   8.8e-07   1.7e-11   1         5.8e-08  -1         1.7e-11   1         5.8e-08  -8.8e-07 
   8.8e-07   1.7e-11   1         5.8e-08  -1         1.7e-11   1         5.8e-08  -8.8e-07 
   8.8e-07   1.7e-11   1         5.8e-08  -1         1.7e-11   1         5.8e-08  -8.8e-07 
  -1.7e-11   8.8e-07   1         1         5.8e-08   1.7e-11  -5.8e-08   1        -8.8e-07 
   8.8e-07   1.7e-11   1         5.8e-08  -1         1.7e-11   1         5.8e-08  -8.8e-07 
   8.8e-07   1.7e-11   1         5.8e-08  -1         1.7e-11   1         5.8e-08  -8.8e-07 
   8.8e-07   1.7e-11   1         5.8e-08  -1         1.7e-11   1         5.8e-08  -8.8e-07 
  -1.7e-11   8.8e-07   1         1         5.8e-08   1.7e-11  -5.8e-08   1        -8.8e-07 
   8.8e-07   1.7e-11   1         5.8e-08  -1         1.7e-11   1         5.8e-08  -8.8e-07 
   8.8e-07   1.7e-11   1         5.8e-08  -1         1.7e-11   1         5.8e-08  -8.8e-07 
   8.8e-07   1.7e-11   1         5.8e-08  -1         1.7e-11   1         5.8e-08  -8.8e-07 
   8.8e-07   1.7e-11   1         5.8e-08  -1         1.7e-11   1         5.8e-08  -8.8e-07 
   8.8e-07   1.7e-11   1         5.8e-08  -1         1.7e-11   1         5.8e-08  -8.8e-07 
   8.8e-07   1.7e-11   1         5.8e-08  -1         1.7e-11   1         5.8e-08  -8.8e-07 
   8.8e-07   1.7e-11   1         5.8e-08  -1         1.7e-11   1         5.8e-08  -8.8e-07 
   8.8e-07   1.7e-11   1         5.8e-08  -1         1.7e-11   1         5.8e-08  -8.8e-07 
   8.8e-07   1.7e-11   1         5.8e-08  -1         1.7e-11   1         5.8e-08  -8.8e-07 
   8.8e-07   1.7e-11   1         5.8e-08  -1         1.7e-11   1         5.8e-08  -8.8e-07 
   8.8e-07   1.7e-11   1         5.8e-08  -1         1.7e-11   1         5.8e-08  -8.8e-07 
   8.8e-07   1.7e-11   1         5.8e-08  -1         1.7e-11   1         5.8e-08  -8.8e-07 
   8.8e-07   1.7e-11   1         5.8e-08  -1         1.7e-11   1         5.8e-08  -8.8e-07 
   8.8e-07   1.7e-11   1         5.8e-08  -1         1.7e-11   1         5.8e-08  -8.8e-07 
   8.8e-07   1.7e-11   1         5.8e-08  -1         1.7e-11   1         5.8e-08  -8.8e-07 
   8.8e-07   1.7e-11   1         5.8e-08  -1         1.7e-11   1         5.8e-08  -8.8e-07 
   8.8e-07   1.7e-11   1         5.8e-08  -1         1.7e-11   1         5.8e-08  -8.8e-07 
   8.8e-07   1.7e-11   1         5.8e-08  -1         1.7e-11   1         5.8e-08  -8.8e-07 
   8.8e-07   1.7e-11   1         5.8e-08  -1         1.7e-11   1         5.8e-08  -8.8e-07 
   8.8e-07   1.7e-11   1         5.8e-08  -1         1.7e-11   1         5.8e-08  -8.8e-07 
  -1.7e-11   8.8e-07   1         1         5.8e-08   1.7e-11  -5.8e-08   1        -8.8e-07 
  -1.7e-11   8.8e-07   1         1         5.8e-08   1.7e-11  -5.8e-08   1        -8.8e-07 
   8.8e-07   1.7e-11   1         5.8e-08  -1         1.7e-11   1         5.8e-08  -8.8e-07 
   8.8e-07   1.7e-11   1         5.8e-08  -1         1.7e-11   1         5.8e-08  -8.8e-07 
   8.8e-07   1.7e-11   1         5.8e-08  -1         1.7e-11   1         5.8e-08  -8.8e-07 
  -1.7e-11   8.8e-07   1         1         5.8e-08   1.7e-11  -5.8e-08   1        -8.8e-07 
  -1.7e-11   8.8e-07   1         1         5.8e-08   1.7e-11  -5.8e-08   1        -8.8e-07 
   8.8e-07   1.7e-11   1         5.8e-08  -1         1.7e-11   1         5.8e-08  -8.8e-07 
   8.8e-07   1.7e-11   1         5.8e-08  -1         1.7e-11   1         5.8e-08  -8.8e-07 
   8.8e-07   1.7e-11   1         5.8e-08  -1         1.7e-11   1         5.8e-08  -8.8e-07 
   8.8e-07   1.7e-11   1         5.8e-08  -1         1.7e-11   1         5.8e-08  -8.8e-07 
   8.8e-07   1.7e-11   1         5.8e-08  -1         1.7e-11   1         5.8e-08  -8.8e-07 
   8.8e-07   1.7e-11   1         5.8e-08  -1         1.7e-11   1         5.8e-08  -8.8e-07 
   8.8e-07   1.7e-11   1         5.8e-08  -1         1.7e-11   1         5.8e-08  -8.8e-07 
   8.8e-07   1.7e-11   1         5.8e-08  -1         1.7e-11   1         5.8e-08  -8.8e-07 
   8.8e-07   1.7e-11   1         5.8e-08  -1         1.7e-11   1         5.8e-08  -8.8e-07 
   8.8e-07   1.7e-11   1         5.8e-08  -1         1.7e-11   1         5.8e-08  -8.8e-07 
  -1.7e-11   8.8e-07   1         1         5.8e-08   1.7e-11  -5.8e-08   1        -8.8e-07 
   8.8e-07   1.7e-11   1         5.8e-08  -1         1.7e-11   1         5.8e-08  -8.8e-07 
   8.8e-07   1.7e-11   1         5.8e-08  -1         1.7e-11   1         5.8e-08  -8.8e-07 
   8.8e-07   1.7e-11   1         5.8e-08  -1         1.7e-11   1         5.8e-08  -8.8e-07 
  -1.7e-11   8.8e-07   1         1         5.8e-08   1.7e-11  -5.8e-08   1        -8.8e-07 
   8.8e-07   1.7e-11   1         5.8e-08  -1         1.7e-11   1         5.8e-08  -8.8e-07 
   8.8e-07   1.7e-11   1         5.8e-08  -1         1.7e-11   1         5.8e-08  -8.8e-07 
   8.8e-07   1.7e-11   1         5.8e-08  -1         1.7e-11   1         5.8e-08  -8.8e-07 
   8.8e-07   1.7e-11   1         5.8e-08  -1         1.7e-11   1         5.8e-08  -8.8e-07 
   8.8e-07   1.7e-11   1         5.8e-08  -1         1.7e-11   1         5.8e-08  -8.8e-07 
   8.8e-07   1.7e-11   1         5.8e-08  -1         1.7e-11   1         5.8e-08  -8.8e-07 
   8.8e-07   1.7e-11   1         5.8e-08  -1         1.7e-11   1         5.8e-08  -8.8e-07 
   8.8e-07   1.7e-11   1         5.8e-08  -1         1.7e-11   1         5.8e-08  -8.8e-07 
   8.8e-07   1.7e-11   1         5.8e-08  -1         1.7e-11   1         5.8e-08  -8.8e-07 
   8.8e-07   1.7e-11   1         5.8e-08  -1         1.7e-11   1         5.8e-08  -8.8e-07 
   8.8e-07   1.7e-11   1         5.8e-08  -1         1.7e-11   1         5.8e-08  -8.8e-07 
   8.8e-07   1.7e-11   1         5.8e-08  -1         1.7e-11   1         5.8e-08  -8.8e-07 
   8.8e-07   1.7e-11   1         5.8e-08  -1         1.7e-11   1         5.8e-08  -8.8e-07 
   8.8e-07   1.7e-11   1         5.8e-08  -1         1.7e-11   1         5.8e-08  -8.8e-07 
   8.8e-07   1.7e-11   1         5.8e-08  -1         1.7e-11   1         5.8e-08  -8.8e-07 
   8.8e-07   1.7e-11   1         5.8e-08  -1         1.7e-11   1         5.8e-08  -8.8e-07 
   8.8e-07   1.7e-11   1         5.8e-08  -1         1.7e-11   1         5.8e-08  -8.8e-07 
   8.8e-07   1.7e-11   1         5.8e-08  -1         1.7e-11   1         5.8e-08  -8.8e-07 
   8.8e-07   1.7e-11   1         5.8e-08  -1         1.7e-11   1         5.8e-08  -8.8e-07 
   8.8e-07   1.7e-11   1         5.8e-08  -1         1.7e-11   1         5.8e-08  -8.8e-07 
  -1.7e-11   8.8e-07   1         1         5.8e-08   1.7e-11  -5.8e-08   1        -8.8e-07 
  -1.7e-11   8.8e-07   1         1         5.8e-08   1.7e-11  -5.8e-08   1        -8.8e-07 
   8.8e-07   1.7e-11   1         5.8e-08  -1         1.7e-11   1         5.8e-08  -8.8e-07 
   8.8e-07   1.7e-11   1         5.8e-08  -1         1.7e-11   1         5.8e-08  -8.8e-07 
   8.8e-07   1.7e-11   1         5.8e-08  -1         1.7e-11   1         5.8e-08  -8.8e-07 
  -1.7e-11   8.8e-07   1         1         5.8e-08   1.7e-11  -5.8e-08   1        -8.8e-07 
  -1.7e-11   8.8e-07   1         1         5.8e-08   1.7e-11  -5.8e-08   1        -8.8e-07 
   8.8e-07   1.7e-11   1         5.8e-08  -1         1.7e-11   1         5.8e-08  -8.8e-07 
   8.8e-07   1.7e-11   1         5.8e-08  -1         1.7e-11   1         5.8e-08  -8.8e-07 
   8.8e-07   1.7e-11   1         5.8e-08  -1         1.7e-11   1         5.8e-08  -8.8e-07 
   8.8e-07   1.7e-11   1         5.8e-08  -1         1.7e-11   1         5.8e-08  -8.8e-07 
   8.8e-07   1.7e-11   1         5.8e-08  -1         1.7e-11   1         5.8e-08  -8.8e-07 
  -1.7e-11  -1         8.8e-07   1        -1.7e-11   5.8e-08  -5.8e-08   8.8e-07   1       
  -1.7e-11  -1         8.8e-07   1        -1.7e-11   5.8e-08  -5.8e-08   8.8e-07   1       
   8.8e-07   1.7e-11   1         5.8e-08  -1         1.7e-11   1         5.8e-08  -8.8e-07 
   8.8e-07  -1         1.7e-11   5.8e-08  -1.7e-11  -1         1         8.8e-07   5.8e-08 
   8.8e-07   1.7e-11   1         5.8e-08  -1         1.7e-11   1         5.8e-08  -8.8e-07 
   8.8e-07  -1         1.7e-11   5.8e-08  -1.7e-11  -1         1         8.8e-07   5.8e-08 
   8.8e-07   1.7e-11   1         5.8e-08  -1         1.7e-11   1         5.8e-08  -8.8e-07 
   8.8e-07   1.7e-11   1         5.8e-08  -1         1.7e-11   1         5.8e-08  -8.8e-07 
   8.8e-07   1.7e-11   1         5.8e-08  -1         1.7e-11   1         5.8e-08  -8.8e-07 
   8.8e-07   1.7e-11   1         5.8e-08  -1         1.7e-11   1         5.8e-08  -8.8e-07 
   8.8e-07   1.7e-11   1         5.8e-08  -1         1.7e-11   1         5.8e-08  -8.8e-07 
   8.8e-07   1.7e-11   1         5.8e-08  -1         1.7e-11   1         5.8e-08  -8.8e-07 
   8.8e-07   1.7e-11   1         5.8e-08  -1         1.7e-11   1         5.8e-08  -8.8e-07 
   8.8e-07   1.7e-11   1         5.8e-08  -1         1.7e-11   1         5.8e-08  -8.8e-07 
   8.8e-07   1.7e-11   1         5.8e-08  -1         1.7e-11   1         5.8e-08  -8.8e-07 
   8.8e-07   1.7e-11   1         5.8e-08  -1         1.7e-11   1         5.8e-08  -8.8e-07 
   8.8e-07   1.7e-11   1         5.8e-08  -1         1.7e-11   1         5.8e-08  -8.8e-07 
   8.8e-07   1.7e-11   1         5.8e-08  -1         1.7e-11   1         5.8e-08  -8.8e-07 
   8.8e-07   1.7e-11   1         5.8e-08  -1         1.7e-11   1         5.8e-08  -8.8e-07 
   8.8e-07   1.7e-11   1         5.8e-08  -1         1.7e-11   1         5.8e-08  -8.8e-07 
   8.8e-07   1.7e-11   1         5.8e-08  -1         1.7e-11   1         5.8e-08  -8.8e-07 
   8.8e-07   1.7e-11   1         5.8e-08  -1         1.7e-11   1         5.8e-08  -8.8e-07 
   8.8e-07   1.7e-11   1         5.8e-08  -1         1.7e-11   1         5.8e-08  -8.8e-07 
   8.8e-07   1.7e-11   1         5.8e-08  -1         1.7e-11   1         5.8e-08  -8.8e-07 
   8.8e-07  -1         1.7e-11   5.8e-08  -1.7e-11  -1         1         8.8e-07   5.8e-08 
   8.8e-07  -1         1.7e-11   5.8e-08  -1.7e-11  -1         1         8.8e-07   5.8e-08 
   8.8e-07  -1         1.7e-11   5.8e-08  -1.7e-11  -1         1         8.8e-07   5.8e-08 
   8.8e-07  -1         1.7e-11   5.8e-08  -1.7e-11  -1         1         8.8e-07   5.8e-08 
   8.8e-07  -1         1.7e-11   5.8e-08  -1.7e-11  -1         1         8.8e-07   5.8e-08 
   8.8e-07  -1         1.7e-11   5.8e-08  -1.7e-11  -1         1         8.8e-07   5.8e-08 
   8.8e-07  -1         1.7e-11   5.8e-08  -1.7e-11  -1         1         8.8e-07   5.8e-08 
   8.8e-07  -1         1.7e-11   5.8e-08  -1.7e-11  -1         1         8.8e-07   5.8e-08 
   8.8e-07  -1         1.7e-11   5.8e-08  -1.7e-11  -1         1         8.8e-07   5.8e-08 
   8.8e-07  -1         1.7e-11   5.8e-08  -1.7e-11  -1         1         8.8e-07   5.8e-08 
   8.8e-07   1.7e-11   1         5.8e-08  -1         1.7e-11   1         5.8e-08  -8.8e-07 
   8.8e-07   1.7e-11   1         5.8e-08  -1         1.7e-11   1         5.8e-08  -8.8e-07 
   8.8e-07   1.7e-11   1         5.8e-08  -1         1.7e-11   1         5.8e-08  -8.8e-07 
   8.8e-07   1.7e-11   1         5.8e-08  -1         1.7e-11   1         5.8e-08  -8.8e-07 
   8.8e-07   1.7e-11   1         5.8e-08  -1         1.7e-11   1         5.8e-08  -8.8e-07 
   8.8e-07   1.7e-11   1         5.8e-08  -1         1.7e-11   1         5.8e-08  -8.8e-07 
   8.8e-07   1.7e-11   1         5.8e-08  -1         1.7e-11   1         5.8e-08  -8.8e-07 
   8.8e-07   1.7e-11   1         5.8e-08  -1         1.7e-11   1         5.8e-08  -8.8e-07 
   8.8e-07   1.7e-11   1         5.8e-08  -1         1.7e-11   1         5.8e-08  -8.8e-07 
   8.8e-07   1.7e-11   1         5.8e-08  -1         1.7e-11   1         5.8e-08  -8.8e-07 
   8.8e-07   1.7e-11   1         5.8e-08  -1         1.7e-11   1         5.8e-08  -8.8e-07 
   8.8e-07   1.7e-11   1         5.8e-08  -1         1.7e-11   1         5.8e-08  -8.8e-07 
   8.8e-07   1.7e-11   1         5.8e-08  -1         1.7e-11   1         5.8e-08  -8.8e-07 
   8.8e-07   1.7e-11   1         5.8e-08  -1         1.7e-11   1         5.8e-08  -8.8e-07 
   8.8e-07   1.7e-11   1         5.8e-08  -1         1.7e-11   1         5.8e-08  -8.8e-07 
   8.8e-07  -1         1.7e-11   5.8e-08  -1.7e-11  -1         1         8.8e-07   5.8e-08 
   8.8e-07   1.7e-11   1         5.8e-08  -1         1.7e-11   1         5.8e-08  -8.8e-07 
   8.8e-07   1.7e-11   1         5.8e-08  -1         1.7e-11   1         5.8e-08  -8.8e-07 
   8.8e-07   1.7e-11   1         5.8e-08  -1         1.7e-11   1         5.8e-08  -8.8e-07 
   1         8.8e-07   1.7e-11   1.7e-11   5.8e-08  -1        -8.8e-07   1         5.8e-08 
   8.8e-07  -1        -1.7e-05   5.8e-08   1.7e-05  -1         1         8.8e-07   5.8e-08 
   8.8e-07  -1        -1.7e-05   5.8e-08   1.7e-05  -1         1         8.8e-07   5.8e-08 
   8.8e-07  -1        -1.7e-05   5.8e-08   1.7e-05  -1         1         8.8e-07   5.8e-08 
   8.8e-07  -1        -1.7e-05   5.8e-08   1.7e-05  -1         1         8.8e-07   5.8e-08 
   8.8e-07  -1        -1.7e-05   5.8e-08   1.7e-05  -1         1         8.8e-07   5.8e-08 
   8.8e-07  -1        -1.7e-05   5.8e-08   1.7e-05  -1         1         8.8e-07   5.8e-08 
   8.8e-07  -1        -1.7e-05   5.8e-08   1.7e-05  -1         1         8.8e-07   5.8e-08 
   8.8e-07  -1        -1.7e-05   5.8e-08   1.7e-05  -1         1         8.8e-07   5.8e-08 
   8.8e-07  -1        -1.7e-05   5.8e-08   1.7e-05  -1         1         8.8e-07   5.8e-08 
   8.8e-07  -1        -1.7e-05   5.8e-08   1.7e-05  -1         1         8.8e-07   5.8e-08 
   8.8e-07  -1        -1.7e-05   5.8e-08   1.7e-05  -1         1         8.8e-07   5.8e-08 
   8.8e-07  -1        -1.7e-05   5.8e-08   1.7e-05  -1         1         8.8e-07   5.8e-08 
   8.8e-07  -1        -1.7e-05   5.8e-08   1.7e-05  -1         1         8.8e-07   5.8e-08 
   8.8e-07  -1        -1.7e-05   5.8e-08   1.7e-05  -1         1         8.8e-07   5.8e-08 
   8.8e-07  -1        -1.7e-05   5.8e-08   1.7e-05  -1         1         8.8e-07   5.8e-08 
   8.8e-07  -1        -1.7e-05   5.8e-08   1.7e-05  -1         1         8.8e-07   5.8e-08 
   8.8e-07  -1        -1.7e-05   5.8e-08   1.7e-05  -1         1         8.8e-07   5.8e-08 
   1        -1.7e-11   8.8e-07   1.7e-11   1         5.8e-08  -8.8e-07  -5.8e-08   1       
   1         8.8e-07   1.7e-11   1.7e-11   5.8e-08  -1        -8.8e-07   1         5.8e-08 
  -1.7e-11   8.8e-07   1         1         5.8e-08   1.7e-11  -5.8e-08   1        -8.8e-07 
   8.8e-07  -1         1.7e-11   5.8e-08  -1.7e-11  -1         1         8.8e-07   5.8e-08 
   8.8e-07   1.7e-11   1         5.8e-08  -1         1.7e-11   1         5.8e-08  -8.8e-07 
   8.8e-07   1.7e-11   1         5.8e-08  -1         1.7e-11   1         5.8e-08  -8.8e-07 
   8.8e-07  -1         1.7e-11   5.8e-08  -1.7e-11  -1         1         8.8e-07   5.8e-08 
   1        -1.7e-11   8.8e-07   1.7e-11   1         5.8e-08  -8.8e-07  -5.8e-08   1       
  -1.7e-11   8.8e-07   1         1         5.8e-08   1.7e-11  -5.8e-08   1        -8.8e-07 
   1        -1.7e-11   8.8e-07   1.7e-11   1         5.8e-08  -8.8e-07  -5.8e-08   1       
  -1.7e-11  -1         8.8e-07   1        -1.7e-11   5.8e-08  -5.8e-08   8.8e-07   1       
   8.8e-07  -1         1.7e-11   5.8e-08  -1.7e-11  -1         1         8.8e-07   5.8e-08 
   8.8e-07   1.7e-11   1         5.8e-08  -1         1.7e-11   1         5.8e-08  -8.8e-07 
   8.8e-07  -1         1.7e-11   5.8e-08  -1.7e-11  -1         1         8.8e-07   5.8e-08 
   1        -1.7e-11   8.8e-07   1.7e-11   1         5.8e-08  -8.8e-07  -5.8e-08   1       
   1         8.8e-07   1.7e-11   1.7e-11   5.8e-08  -1        -8.8e-07   1         5.8e-08 
   1         8.8e-07   1.7e-11   1.7e-11   5.8e-08  -1        -8.8e-07   1         5.8e-08 
   1        -1.7e-11   8.8e-07   1.7e-11   1         5.8e-08  -8.8e-07  -5.8e-08   1       
   8.8e-07  -1         1.7e-11   5.8e-08  -1.7e-11  -1         1         8.8e-07   5.8e-08 
   8.8e-07  -1         1.7e-11   5.8e-08  -1.7e-11  -1         1         8.8e-07   5.8e-08 
   1        -1.7e-11   8.8e-07   1.7e-11   1         5.8e-08  -8.8e-07  -5.8e-08   1       
   8.8e-07  -1         1.7e-11   5.8e-08  -1.7e-11  -1         1         8.8e-07   5.8e-08 
   8.8e-07  -1         1.7e-11   5.8e-08  -1.7e-11  -1         1         8.8e-07   5.8e-08 
  -1.7e-11   8.8e-07   1         1         5.8e-08   1.7e-11  -5.8e-08   1        -8.8e-07 
   8.8e-07  -1         1.7e-11   5.8e-08  -1.7e-11  -1         1         8.8e-07   5.8e-08 
  -1.7e-11  -1         8.8e-07   1        -1.7e-11   5.8e-08  -5.8e-08   8.8e-07   1       
   1         8.8e-07   1.7e-11   1.7e-11   5.8e-08  -1        -8.8e-07   1         5.8e-08 
   1        -1.7e-11   8.8e-07   1.7e-11   1         5.8e-08  -8.8e-07  -5.8e-08   1       
   1        -1.7e-11   8.8e-07   1.7e-11   1         5.8e-08  -8.8e-07  -5.8e-08   1       
   1         8.8e-07   1.7e-11   1.7e-11   5.8e-08  -1        -8.8e-07   1         5.8e-08 
  -1.7e-11  -1         8.8e-07   1        -1.7e-11   5.8e-08  -5.8e-08   8.8e-07   1       
   1         8.8e-07   1.7e-11   1.7e-11   5.8e-08  -1        -8.8e-07   1         5.8e-08 
   1         8.8e-07   1.7e-11   1.7e-11   5.8e-08  -1        -8.8e-07   1         5.8e-08 
   1        -1.7e-11   8.8e-07   1.7e-11   1         5.8e-08  -8.8e-07  -5.8e-08   1       
   1        -1.7e-11   8.8e-07   1.7e-11   1         5.8e-08  -8.8e-07  -5.8e-08   1       
  -1.7e-11   8.8e-07   1         1         5.8e-08   1.7e-11  -5.8e-08   1        -8.8e-07 
   1         8.8e-07   1.7e-11   1.7e-11   5.8e-08  -1        -8.8e-07   1         5.8e-08 
   8.8e-07   1.7e-11   1         5.8e-08  -1         1.7e-11   1         5.8e-08  -8.8e-07 
   8.8e-07   1.7e-11   1         5.8e-08  -1         1.7e-11   1         5.8e-08  -8.8e-07 
   8.8e-07   1.7e-11   1         5.8e-08  -1         1.7e-11   1         5.8e-08  -8.8e-07 
   8.8e-07  -1         1.7e-11   5.8e-08  -1.7e-11  -1         1         8.8e-07   5.8e-08 
   8.8e-07  -1         1.7e-11   5.8e-08  -1.7e-11  -1         1         8.8e-07   5.8e-08 
  -1.7e-11   8.8e-07   1         1         5.8e-08   1.7e-11  -5.8e-08   1        -8.8e-07 
   8.8e-07  -1         1.7e-11   5.8e-08  -1.7e-11  -1         1         8.8e-07   5.8e-08 
   1        -1.7e-11   8.8e-07   1.7e-11   1         5.8e-08  -8.8e-07  -5.8e-08   1       
   8.8e-07  -1         1.7e-11   5.8e-08  -1.7e-11  -1         1         8.8e-07   5.8e-08 
   1        -1.7e-11   8.8e-07   1.7e-11   1         5.8e-08  -8.8e-07  -5.8e-08   1       
   8.8e-07  -1         1.7e-11   5.8e-08  -1.7e-11  -1         1         8.8e-07   5.8e-08 
   1        -1.7e-11   8.8e-07   1.7e-11   1         5.8e-08  -8.8e-07  -5.8e-08   1       
   8.8e-07  -1         1.7e-11   5.8e-08  -1.7e-11  -1         1         8.8e-07   5.8e-08 
   8.8e-07  -1         1.7e-11   5.8e-08  -1.7e-11  -1         1         8.8e-07   5.8e-08 
   8.8e-07  -1         1.7e-11   5.8e-08  -1.7e-11  -1         1         8.8e-07   5.8e-08 
  -1.7e-11   8.8e-07   1         1         5.8e-08   1.7e-11  -5.8e-08   1        -8.8e-07 
   1         8.8e-07   1.7e-11   1.7e-11   5.8e-08  -1        -8.8e-07   1         5.8e-08 
   1         8.8e-07   1.7e-11   1.7e-11   5.8e-08  -1        -8.8e-07   1         5.8e-08 
   8.8e-07   1.7e-11   1         5.8e-08  -1         1.7e-11   1         5.8e-08  -8.8e-07 
   8.8e-07   1.7e-11   1         5.8e-08  -1         1.7e-11   1         5.8e-08  -8.8e-07 
   8.8e-07   1.7e-11   1         5.8e-08  -1         1.7e-11   1         5.8e-08  -8.8e-07 
  -1.7e-11   8.8e-07   1         1         5.8e-08   1.7e-11  -5.8e-08   1        -8.8e-07 
   8.8e-07   0.0036    1         5.8e-08  -1         0.0036    1         5.5e-08  -8.8e-07 
   8.8e-07  -1        -1.7e-05   5.8e-08   1.7e-05  -1         1         8.8e-07   5.8e-08 
   1         8.8e-07   1.7e-11   1.7e-11   5.8e-08  -1        -8.8e-07   1         5.8e-08 
   1         8.8e-07   1.7e-11   1.7e-11   5.8e-08  -1        -8.8e-07   1         5.8e-08 
   1         8.8e-07   1.7e-11   1.7e-11   5.8e-08  -1        -8.8e-07   1         5.8e-08 
   1         8.8e-07   1.7e-11   1.7e-11   5.8e-08  -1        -8.8e-07   1         5.8e-08 
   1         8.8e-07   1.7e-11   1.7e-11   5.8e-08  -1        -8.8e-07   1         5.8e-08 
   1         8.8e-07   1.7e-11   1.7e-11   5.8e-08  -1        -8.8e-07   1         5.8e-08 
   1         8.8e-07   1.7e-11   1.7e-11   5.8e-08  -1        -8.8e-07   1         5.8e-08 
   8.8e-07  -1         1.7e-11   5.8e-08  -1.7e-11  -1         1         8.8e-07   5.8e-08 
   8.8e-07  -1         1.7e-11   5.8e-08  -1.7e-11  -1         1         8.8e-07   5.8e-08 
   8.8e-07  -1         1.7e-11   5.8e-08  -1.7e-11  -1         1         8.8e-07   5.8e-08 
   1         8.8e-07   1.7e-11   1.7e-11   5.8e-08  -1        -8.8e-07   1         5.8e-08 
   1         8.8e-07   1.7e-11   1.7e-11   5.8e-08  -1        -8.8e-07   1         5.8e-08 
   1         8.8e-07   1.7e-11   1.7e-11   5.8e-08  -1        -8.8e-07   1         5.8e-08 
   1         8.8e-07   1.7e-11   1.7e-11   5.8e-08  -1        -8.8e-07   1         5.8e-08 
   1         8.8e-07   1.7e-11   1.7e-11   5.8e-08  -1        -8.8e-07   1         5.8e-08 
   1         8.8e-07   1.7e-11   1.7e-11   5.8e-08  -1        -8.8e-07   1         5.8e-08 
   8.8e-07  -1         1.7e-11   5.8e-08  -1.7e-11  -1         1         8.8e-07   5.8e-08 
   8.8e-07  -1         1.7e-11   5.8e-08  -1.7e-11  -1         1         8.8e-07   5.8e-08 
   8.8e-07  -1         1.7e-11   5.8e-08  -1.7e-11  -1         1         8.8e-07   5.8e-08 
   1         8.8e-07   1.7e-11   1.7e-11   5.8e-08  -1        -8.8e-07   1         5.8e-08 
   1         8.8e-07   1.7e-11   1.7e-11   5.8e-08  -1        -8.8e-07   1         5.8e-08 
   1         8.8e-07   1.7e-11   1.7e-11   5.8e-08  -1        -8.8e-07   1         5.8e-08 
   1         8.8e-07   1.7e-11   1.7e-11   5.8e-08  -1        -8.8e-07   1         5.8e-08 
   1         8.8e-07   1.7e-11   1.7e-11   5.8e-08  -1        -8.8e-07   1         5.8e-08 
   1         8.8e-07   1.7e-11   1.7e-11   5.8e-08  -1        -8.8e-07   1         5.8e-08 
   8.8e-07  -1         1.7e-11   5.8e-08  -1.7e-11  -1         1         8.8e-07   5.8e-08 
   8.8e-07  -1         1.7e-11   5.8e-08  -1.7e-11  -1         1         8.8e-07   5.8e-08 
   8.8e-07  -1         1.7e-11   5.8e-08  -1.7e-11  -1         1         8.8e-07   5.8e-08 
   8.8e-07  -1         1.7e-11   5.8e-08  -1.7e-11  -1         1         8.8e-07   5.8e-08 
   8.8e-07  -1         1.7e-11   5.8e-08  -1.7e-11  -1         1         8.8e-07   5.8e-08 
   8.8e-07  -1         1.7e-11   5.8e-08  -1.7e-11  -1         1         8.8e-07   5.8e-08 
   1         8.8e-07   1.7e-11   1.7e-11   5.8e-08  -1        -8.8e-07   1         5.8e-08 
   1         8.8e-07   1.7e-11   1.7e-11   5.8e-08  -1        -8.8e-07   1         5.8e-08 
   1         8.8e-07   1.7e-11   1.7e-11   5.8e-08  -1        -8.8e-07   1         5.8e-08 
   1         8.8e-07   1.7e-11   1.7e-11   5.8e-08  -1        -8.8e-07   1         5.8e-08 
   1         8.8e-07   1.7e-11   1.7e-11   5.8e-08  -1        -8.8e-07   1         5.8e-08 
   1         8.8e-07   1.7e-11   1.7e-11   5.8e-08  -1        -8.8e-07   1         5.8e-08 
  -0.15     -0.99      1.7e-11   5.7e-08  -8.4e-09  -1         0.99     -0.15      5.8e-08 
   0.15     -0.99      1.7e-11   5.7e-08   8.4e-09  -1         0.99      0.15      5.8e-08 
  -0.16      1.7e-11   0.99      5.7e-08  -1         9e-09     0.99      5.8e-08   0.16    
  -0.16      1.7e-11   0.99      5.7e-08  -1         9e-09     0.99      5.8e-08   0.16    
   8.8e-07  -1         1.7e-11   5.8e-08  -1.7e-11  -1         1         8.8e-07   5.8e-08 
   8.8e-07  -1         1.7e-11   5.8e-08  -1.7e-11  -1         1         8.8e-07   5.8e-08 
   8.8e-07  -1         1.7e-11   5.8e-08  -1.7e-11  -1         1         8.8e-07   5.8e-08 
   1         8.8e-07   1.7e-11   1.7e-11   5.8e-08  -1        -8.8e-07   1         5.8e-08 
   1         8.8e-07   1.7e-11   1.7e-11   5.8e-08  -1        -8.8e-07   1         5.8e-08 
   1         8.8e-07   1.7e-11   1.7e-11   5.8e-08  -1        -8.8e-07   1         5.8e-08 
   8.8e-07   1.7e-11   1         5.8e-08  -1         1.7e-11   1         5.8e-08  -8.8e-07 
   8.8e-07   1.7e-11   1         5.8e-08  -1         1.7e-11   1         5.8e-08  -8.8e-07 
   8.8e-07   1.7e-11   1         5.8e-08  -1         1.7e-11   1         5.8e-08  -8.8e-07 
  -1.7e-11   8.8e-07   1         1         5.8e-08   1.7e-11  -5.8e-08   1        -8.8e-07 
  -1.7e-11   8.8e-07   1         1         5.8e-08   1.7e-11  -5.8e-08   1        -8.8e-07 
  -1.7e-11   8.8e-07   1         1         5.8e-08   1.7e-11  -5.8e-08   1        -8.8e-07 
   8.8e-07   1.7e-11   1         5.8e-08  -1         1.7e-11   1         5.8e-08  -8.8e-07 
   8.8e-07   1.7e-11   1         5.8e-08  -1         1.7e-11   1         5.8e-08  -8.8e-07 
  -1.7e-11   8.8e-07   1         1         5.8e-08   1.7e-11  -5.8e-08   1        -8.8e-07 
  -1.7e-11   8.8e-07   1         1         5.8e-08   1.7e-11  -5.8e-08   1        -8.8e-07 
  -1.7e-11   8.8e-07   1         1         5.8e-08   1.7e-11  -5.8e-08   1        -8.8e-07 
  -1.7e-11   8.8e-07   1         1         5.8e-08   1.7e-11  -5.8e-08   1        -8.8e-07 
  -1.7e-11   8.8e-07   1         1         5.8e-08   1.7e-11  -5.8e-08   1        -8.8e-07 
   8.8e-07   1.7e-11   1         5.8e-08  -1         1.7e-11   1         5.8e-08  -8.8e-07 
   8.8e-07   1.7e-11   1         5.8e-08  -1         1.7e-11   1         5.8e-08  -8.8e-07 
   8.8e-07   1.7e-11   1         5.8e-08  -1         1.7e-11   1         5.8e-08  -8.8e-07 
   8.8e-07   1.7e-11   1         5.8e-08  -1         1.7e-11   1         5.8e-08  -8.8e-07 
   8.8e-07   1.7e-11   1         5.8e-08  -1         1.7e-11   1         5.8e-08  -8.8e-07 
  -1.7e-11   8.8e-07   1         1         5.8e-08   1.7e-11  -5.8e-08   1        -8.8e-07 
   8.8e-07   1.7e-11   1         5.8e-08  -1         1.7e-11   1         5.8e-08  -8.8e-07 
   8.8e-07   1.7e-11   1         5.8e-08  -1         1.7e-11   1         5.8e-08  -8.8e-07 
   8.8e-07   1.7e-11   1         5.8e-08  -1         1.7e-11   1         5.8e-08  -8.8e-07 
   8.8e-07   1.7e-11   1         5.8e-08  -1         1.7e-11   1         5.8e-08  -8.8e-07 
   8.8e-07   1.7e-11   1         5.8e-08  -1         1.7e-11   1         5.8e-08  -8.8e-07 
   8.8e-07   1.7e-11   1         5.8e-08  -1         1.7e-11   1         5.8e-08  -8.8e-07 
   8.8e-07   1.7e-11   1         5.8e-08  -1         1.7e-11   1         5.8e-08  -8.8e-07 
   8.8e-07   1.7e-11   1         5.8e-08  -1         1.7e-11   1         5.8e-08  -8.8e-07 
   8.8e-07   1.7e-11   1         5.8e-08  -1         1.7e-11   1         5.8e-08  -8.8e-07 
   8.8e-07   1.7e-11   1         5.8e-08  -1         1.7e-11   1         5.8e-08  -8.8e-07 
   8.8e-07   1.7e-11   1         5.8e-08  -1         1.7e-11   1         5.8e-08  -8.8e-07 
   8.8e-07   1.7e-11   1         5.8e-08  -1         1.7e-11   1         5.8e-08  -8.8e-07 
   8.8e-07   1.7e-11   1         5.8e-08  -1         1.7e-11   1         5.8e-08  -8.8e-07 
   8.8e-07   1.7e-11   1         5.8e-08  -1         1.7e-11   1         5.8e-08  -8.8e-07 
   8.8e-07   1.7e-11   1         5.8e-08  -1         1.7e-11   1         5.8e-08  -8.8e-07 
  -1.7e-11   8.8e-07   1         1         5.8e-08   1.7e-11  -5.8e-08   1        -8.8e-07 
  -1.7e-11   8.8e-07   1         1         5.8e-08   1.7e-11  -5.8e-08   1        -8.8e-07 
  -1.7e-11   8.8e-07   1         1         5.8e-08   1.7e-11  -5.8e-08   1        -8.8e-07 
   1         8.8e-07   1.7e-11   1.7e-11   5.8e-08  -1        -8.8e-07   1         5.8e-08 
   1         8.8e-07   1.7e-11   1.7e-11   5.8e-08  -1        -8.8e-07   1         5.8e-08 
  -1.7e-11   8.8e-07   1         1         5.8e-08   1.7e-11  -5.8e-08   1        -8.8e-07 
  -1.7e-11   8.8e-07   1         1         5.8e-08   1.7e-11  -5.8e-08   1        -8.8e-07 
   1         8.8e-07   1.7e-11   1.7e-11   5.8e-08  -1        -8.8e-07   1         5.8e-08 
   1         8.8e-07   1.7e-11   1.7e-11   5.8e-08  -1        -8.8e-07   1         5.8e-08 
  -1.7e-11   8.8e-07   1         1         5.8e-08   1.7e-11  -5.8e-08   1        -8.8e-07 
  -1.7e-11   8.8e-07   1         1         5.8e-08   1.7e-11  -5.8e-08   1        -8.8e-07 
  -1.7e-11   8.8e-07   1         1         5.8e-08   1.7e-11  -5.8e-08   1        -8.8e-07 
  -1.7e-11   8.8e-07   1         1         5.8e-08   1.7e-11  -5.8e-08   1        -8.8e-07 
   1         8.8e-07   1.7e-11   1.7e-11   5.8e-08  -1        -8.8e-07   1         5.8e-08 
   1         8.8e-07   1.7e-11   1.7e-11   5.8e-08  -1        -8.8e-07   1         5.8e-08 
   8.8e-07  -1         1.7e-11   5.8e-08  -1.7e-11  -1         1         8.8e-07   5.8e-08 
   8.8e-07  -1         1.7e-11   5.8e-08  -1.7e-11  -1         1         8.8e-07   5.8e-08 
   8.8e-07  -1         1.7e-11   5.8e-08  -1.7e-11  -1         1         8.8e-07   5.8e-08 
   8.8e-07  -1         1.7e-11   5.8e-08  -1.7e-11  -1         1         8.8e-07   5.8e-08 
   8.8e-07  -1         1.7e-11   5.8e-08  -1.7e-11  -1         1         8.8e-07   5.8e-08 
   8.8e-07  -1         1.7e-11   5.8e-08  -1.7e-11  -1         1         8.8e-07   5.8e-08 
   8.8e-07  -1         1.7e-11   5.8e-08  -1.7e-11  -1         1         8.8e-07   5.8e-08 
   8.8e-07  -1         1.7e-11   5.8e-08  -1.7e-11  -1         1         8.8e-07   5.8e-08 
   8.8e-07  -1         1.7e-11   5.8e-08  -1.7e-11  -1         1         8.8e-07   5.8e-08 
   8.8e-07  -1         1.7e-11   5.8e-08  -1.7e-11  -1         1         8.8e-07   5.8e-08 
   8.8e-07  -1         1.7e-11   5.8e-08  -1.7e-11  -1         1         8.8e-07   5.8e-08 
   8.8e-07  -1         1.7e-11   5.8e-08  -1.7e-11  -1         1         8.8e-07   5.8e-08 
   8.8e-07  -1         1.7e-11   5.8e-08  -1.7e-11  -1         1         8.8e-07   5.8e-08 
   8.8e-07  -1         1.7e-11   5.8e-08  -1.7e-11  -1         1         8.8e-07   5.8e-08 
   8.8e-07  -1         1.7e-11   5.8e-08  -1.7e-11  -1         1         8.8e-07   5.8e-08 
   8.8e-07  -1         1.7e-11   5.8e-08  -1.7e-11  -1         1         8.8e-07   5.8e-08 
   8.8e-07  -1         1.7e-11   5.8e-08  -1.7e-11  -1         1         8.8e-07   5.8e-08 
   8.8e-07  -1         1.7e-11   5.8e-08  -1.7e-11  -1         1         8.8e-07   5.8e-08 
   8.8e-07  -1         1.7e-11   5.8e-08  -1.7e-11  -1         1         8.8e-07   5.8e-08 
   8.8e-07  -1         1.7e-11   5.8e-08  -1.7e-11  -1         1         8.8e-07   5.8e-08 
   8.8e-07   1.7e-11   1         5.8e-08  -1         1.7e-11   1         5.8e-08  -8.8e-07 
   8.8e-07   1.7e-11   1         5.8e-08  -1         1.7e-11   1         5.8e-08  -8.8e-07 
   8.8e-07   1.7e-11   1         5.8e-08  -1         1.7e-11   1         5.8e-08  -8.8e-07 
   8.8e-07   1.7e-11   1         5.8e-08  -1         1.7e-11   1         5.8e-08  -8.8e-07 
   8.8e-07   1.7e-11   1         5.8e-08  -1         1.7e-11   1         5.8e-08  -8.8e-07 
   8.8e-07   1.7e-11   1         5.8e-08  -1         1.7e-11   1         5.8e-08  -8.8e-07 
   8.8e-07   1.7e-11   1         5.8e-08  -1         1.7e-11   1         5.8e-08  -8.8e-07 
   8.8e-07   1.7e-11   1         5.8e-08  -1         1.7e-11   1         5.8e-08  -8.8e-07 
   8.8e-07   1.7e-11   1         5.8e-08  -1         1.7e-11   1         5.8e-08  -8.8e-07 
   8.8e-07   1.7e-11   1         5.8e-08  -1         1.7e-11   1         5.8e-08  -8.8e-07 
   8.8e-07   1.7e-11   1         5.8e-08  -1         1.7e-11   1         5.8e-08  -8.8e-07 
   8.8e-07   1.7e-11   1         5.8e-08  -1         1.7e-11   1         5.8e-08  -8.8e-07 
   8.8e-07   1.7e-11   1         5.8e-08  -1         1.7e-11   1         5.8e-08  -8.8e-07 
   8.8e-07   1.7e-11   1         5.8e-08  -1         1.7e-11   1         5.8e-08  -8.8e-07 
   8.8e-07   1.7e-11   1         5.8e-08  -1         1.7e-11   1         5.8e-08  -8.8e-07 
   8.8e-07   1.7e-11   1         5.8e-08  -1         1.7e-11   1         5.8e-08  -8.8e-07 
   8.8e-07   1.7e-11   1         5.8e-08  -1         1.7e-11   1         5.8e-08  -8.8e-07 
   8.8e-07   1.7e-11   1         5.8e-08  -1         1.7e-11   1         5.8e-08  -8.8e-07 
   8.8e-07   1.7e-11   1         5.8e-08  -1         1.7e-11   1         5.8e-08  -8.8e-07 
   8.8e-07   1.7e-11   1         5.8e-08  -1         1.7e-11   1         5.8e-08  -8.8e-07 
   8.8e-07   1.7e-11   1         5.8e-08  -1         1.7e-11   1         5.8e-08  -8.8e-07 
   8.8e-07   1.7e-11   1         5.8e-08  -1         1.7e-11   1         5.8e-08  -8.8e-07 
   8.8e-07   1.7e-11   1         5.8e-08  -1         1.7e-11   1         5.8e-08  -8.8e-07 
   8.8e-07   1.7e-11   1         5.8e-08  -1         1.7e-11   1         5.8e-08  -8.8e-07 
   8.8e-07   1.7e-11   1         5.8e-08  -1         1.7e-11   1         5.8e-08  -8.8e-07 
   8.8e-07   1.7e-11   1         5.8e-08  -1         1.7e-11   1         5.8e-08  -8.8e-07 
   8.8e-07   1.7e-11   1         5.8e-08  -1         1.7e-11   1         5.8e-08  -8.8e-07 
   8.8e-07   1.7e-11   1         5.8e-08  -1         1.7e-11   1         5.8e-08  -8.8e-07 
   8.8e-07   1.7e-11   1         5.8e-08  -1         1.7e-11   1         5.8e-08  -8.8e-07 
   8.8e-07  -1         1.7e-11   5.8e-08  -1.7e-11  -1         1         8.8e-07   5.8e-08 
   8.8e-07  -1         1.7e-11   5.8e-08  -1.7e-11  -1         1         8.8e-07   5.8e-08 
   8.8e-07  -1         1.7e-11   5.8e-08  -1.7e-11  -1         1         8.8e-07   5.8e-08 
   8.8e-07   1.7e-11   1         5.8e-08  -1         1.7e-11   1         5.8e-08  -8.8e-07 
   8.8e-07   1.7e-11   1         5.8e-08  -1         1.7e-11   1         5.8e-08  -8.8e-07 
   8.8e-07   1.7e-11   1         5.8e-08  -1         1.7e-11   1         5.8e-08  -8.8e-07 
   8.8e-07  -1         1.7e-11   5.8e-08  -1.7e-11  -1         1         8.8e-07   5.8e-08 
   8.8e-07   1.7e-11   1         5.8e-08  -1         1.7e-11   1         5.8e-08  -8.8e-07 
   8.8e-07  -1         1.7e-11   5.8e-08  -1.7e-11  -1         1         8.8e-07   5.8e-08 
   8.8e-07  -1         1.7e-11   5.8e-08  -1.7e-11  -1         1         8.8e-07   5.8e-08 
   1        -1.7e-11   8.8e-07   1.7e-11   1         5.8e-08  -8.8e-07  -5.8e-08   1       
  -1.7e-11   8.8e-07   1         1         5.8e-08   1.7e-11  -5.8e-08   1        -8.8e-07 
   8.8e-07  -1         1.7e-11   5.8e-08  -1.7e-11  -1         1         8.8e-07   5.8e-08 
  -1.7e-11   8.8e-07   1         1         5.8e-08   1.7e-11  -5.8e-08   1        -8.8e-07 
   8.8e-07  -1         1.7e-11   5.8e-08  -1.7e-11  -1         1         8.8e-07   5.8e-08 
   1        -1.7e-11   8.8e-07   1.7e-11   1         5.8e-08  -8.8e-07  -5.8e-08   1       
   8.8e-07   1.7e-11   1         5.8e-08  -1         1.7e-11   1         5.8e-08  -8.8e-07 
   8.8e-07   1.7e-11   1         5.8e-08  -1         1.7e-11   1         5.8e-08  -8.8e-07 
  -1.7e-11  -1         8.8e-07   1        -1.7e-11   5.8e-08  -5.8e-08   8.8e-07   1       
   8.8e-07   1.7e-11   1         5.8e-08  -1         1.7e-11   1         5.8e-08  -8.8e-07 
  -1.7e-11   8.8e-07   1         1         5.8e-08   1.7e-11  -5.8e-08   1        -8.8e-07 
   8.8e-07   1.7e-11   1         5.8e-08  -1         1.7e-11   1         5.8e-08  -8.8e-07 
  -1.7e-11  -1         8.8e-07   1        -1.7e-11   5.8e-08  -5.8e-08   8.8e-07   1       
  -1.7e-11   8.8e-07   1         1         5.8e-08   1.7e-11  -5.8e-08   1        -8.8e-07 
   8.8e-07   1.7e-11   1         5.8e-08  -1         1.7e-11   1         5.8e-08  -8.8e-07 
   8.8e-07   1.7e-11   1         5.8e-08  -1         1.7e-11   1         5.8e-08  -8.8e-07 
  -1.7e-11  -1         8.8e-07   1        -1.7e-11   5.8e-08  -5.8e-08   8.8e-07   1       
   8.8e-07   1.7e-11   1         5.8e-08  -1         1.7e-11   1         5.8e-08  -8.8e-07 
   8.8e-07  -1         1.7e-11   5.8e-08  -1.7e-11  -1         1         8.8e-07   5.8e-08 
   8.8e-07   1.7e-11   1         5.8e-08  -1         1.7e-11   1         5.8e-08  -8.8e-07 
   1         8.8e-07   1.7e-11   1.7e-11   5.8e-08  -1        -8.8e-07   1         5.8e-08 
   1        -1.7e-11   8.8e-07   1.7e-11   1         5.8e-08  -8.8e-07  -5.8e-08   1       
   1        -1.7e-11   8.8e-07   1.7e-11   1         5.8e-08  -8.8e-07  -5.8e-08   1       
   1        -1.7e-11   8.8e-07   1.7e-11   1         5.8e-08  -8.8e-07  -5.8e-08   1       
   8.8e-07  -1         1.7e-11   5.8e-08  -1.7e-11  -1         1         8.8e-07   5.8e-08 
   8.8e-07  -1         1.7e-11   5.8e-08  -1.7e-11  -1         1         8.8e-07   5.8e-08 
   8.8e-07  -1         1.7e-11   5.8e-08  -1.7e-11  -1         1         8.8e-07   5.8e-08 
   8.8e-07  -1         1.7e-11   5.8e-08  -1.7e-11  -1         1         8.8e-07   5.8e-08 
   8.8e-07  -1         1.7e-11   5.8e-08  -1.7e-11  -1         1         8.8e-07   5.8e-08 
   8.8e-07  -1         1.7e-11   5.8e-08  -1.7e-11  -1         1         8.8e-07   5.8e-08 
   8.8e-07  -1         1.7e-11   5.8e-08  -1.7e-11  -1         1         8.8e-07   5.8e-08 
   8.8e-07  -1         1.7e-11   5.8e-08  -1.7e-11  -1         1         8.8e-07   5.8e-08 
   8.8e-07  -1         1.7e-11   5.8e-08  -1.7e-11  -1         1         8.8e-07   5.8e-08 
   8.8e-07  -1         1.7e-11   5.8e-08  -1.7e-11  -1         1         8.8e-07   5.8e-08 
   8.8e-07  -1         1.7e-11   5.8e-08  -1.7e-11  -1         1         8.8e-07   5.8e-08 
   8.8e-07  -1         1.7e-11   5.8e-08  -1.7e-11  -1         1         8.8e-07   5.8e-08 
   8.8e-07  -1         1.7e-11   5.8e-08  -1.7e-11  -1         1         8.8e-07   5.8e-08 
   8.8e-07  -1         1.7e-11   5.8e-08  -1.7e-11  -1         1         8.8e-07   5.8e-08 
   8.8e-07  -1         1.7e-11   5.8e-08  -1.7e-11  -1         1         8.8e-07   5.8e-08 
   8.8e-07  -1         1.7e-11   5.8e-08  -1.7e-11  -1         1         8.8e-07   5.8e-08 
   8.8e-07  -1         1.7e-11   5.8e-08  -1.7e-11  -1         1         8.8e-07   5.8e-08 
   8.8e-07  -1         1.7e-11   5.8e-08  -1.7e-11  -1         1         8.8e-07   5.8e-08 
   8.8e-07  -1         1.7e-11   5.8e-08  -1.7e-11  -1         1         8.8e-07   5.8e-08 
   8.8e-07  -1         1.7e-11   5.8e-08  -1.7e-11  -1         1         8.8e-07   5.8e-08 
   8.8e-07  -1         1.7e-11   5.8e-08  -1.7e-11  -1         1         8.8e-07   5.8e-08 
   8.8e-07  -1         1.7e-11   5.8e-08  -1.7e-11  -1         1         8.8e-07   5.8e-08 
   8.8e-07  -1         1.7e-11   5.8e-08  -1.7e-11  -1         1         8.8e-07   5.8e-08 
   8.8e-07  -1         1.7e-11   5.8e-08  -1.7e-11  -1         1         8.8e-07   5.8e-08 
   8.8e-07  -1         1.7e-11   5.8e-08  -1.7e-11  -1         1         8.8e-07   5.8e-08 
   8.8e-07  -1         1.7e-11   5.8e-08  -1.7e-11  -1         1         8.8e-07   5.8e-08 
   8.8e-07  -1         1.7e-11   5.8e-08  -1.7e-11  -1         1         8.8e-07   5.8e-08 
   8.8e-07  -1         1.7e-11   5.8e-08  -1.7e-11  -1         1         8.8e-07   5.8e-08 
   8.8e-07  -1         1.7e-11   5.8e-08  -1.7e-11  -1         1         8.8e-07   5.8e-08 
   8.8e-07  -1         1.7e-11   5.8e-08  -1.7e-11  -1         1         8.8e-07   5.8e-08 
   8.8e-07  -1         1.7e-11   5.8e-08  -1.7e-11  -1         1         8.8e-07   5.8e-08 
   8.8e-07  -1         1.7e-11   5.8e-08  -1.7e-11  -1         1         8.8e-07   5.8e-08 
   8.8e-07  -1         1.7e-11   5.8e-08  -1.7e-11  -1         1         8.8e-07   5.8e-08 
   8.8e-07  -1         1.7e-11   5.8e-08  -1.7e-11  -1         1         8.8e-07   5.8e-08 
   8.8e-07  -1         1.7e-11   5.8e-08  -1.7e-11  -1         1         8.8e-07   5.8e-08 
   8.8e-07  -1         1.7e-11   5.8e-08  -1.7e-11  -1         1         8.8e-07   5.8e-08 
   8.8e-07  -1         1.7e-11   5.8e-08  -1.7e-11  -1         1         8.8e-07   5.8e-08 
   8.8e-07  -1         1.7e-11   5.8e-08  -1.7e-11  -1         1         8.8e-07   5.8e-08 
   8.8e-07  -1         1.7e-11   5.8e-08  -1.7e-11  -1         1         8.8e-07   5.8e-08 
   8.8e-07  -1         1.7e-11   5.8e-08  -1.7e-11  -1         1         8.8e-07   5.8e-08 
   8.8e-07  -1         1.7e-11   5.8e-08  -1.7e-11  -1         1         8.8e-07   5.8e-08 
   8.8e-07  -1         1.7e-11   5.8e-08  -1.7e-11  -1         1         8.8e-07   5.8e-08 
   8.8e-07  -1         1.7e-11   5.8e-08  -1.7e-11  -1         1         8.8e-07   5.8e-08 
   8.8e-07  -1         1.7e-11   5.8e-08  -1.7e-11  -1         1         8.8e-07   5.8e-08 
   8.8e-07  -1         1.7e-11   5.8e-08  -1.7e-11  -1         1         8.8e-07   5.8e-08 
   8.8e-07  -1         1.7e-11   5.8e-08  -1.7e-11  -1         1         8.8e-07   5.8e-08 
   8.8e-07  -1         1.7e-11   5.8e-08  -1.7e-11  -1         1         8.8e-07   5.8e-08 
   8.8e-07  -1         1.7e-11   5.8e-08  -1.7e-11  -1         1         8.8e-07   5.8e-08 
   8.8e-07  -1         1.7e-11   5.8e-08  -1.7e-11  -1         1         8.8e-07   5.8e-08 
   8.8e-07  -1         1.7e-11   5.8e-08  -1.7e-11  -1         1         8.8e-07   5.8e-08 
   8.8e-07  -1         1.7e-11   5.8e-08  -1.7e-11  -1         1         8.8e-07   5.8e-08 
   8.8e-07  -1         1.7e-11   5.8e-08  -1.7e-11  -1         1         8.8e-07   5.8e-08 
   8.8e-07  -1         1.7e-11   5.8e-08  -1.7e-11  -1         1         8.8e-07   5.8e-08 
   8.8e-07  -1         1.7e-11   5.8e-08  -1.7e-11  -1         1         8.8e-07   5.8e-08 
   8.8e-07  -1         1.7e-11   5.8e-08  -1.7e-11  -1         1         8.8e-07   5.8e-08 
   8.8e-07  -1         1.7e-11   5.8e-08  -1.7e-11  -1         1         8.8e-07   5.8e-08 
   8.8e-07  -1         1.7e-11   5.8e-08  -1.7e-11  -1         1         8.8e-07   5.8e-08 
   8.8e-07  -1         1.7e-11   5.8e-08  -1.7e-11  -1         1         8.8e-07   5.8e-08 
   8.8e-07  -1         1.7e-11   5.8e-08  -1.7e-11  -1         1         8.8e-07   5.8e-08 
   8.8e-07  -1         1.7e-11   5.8e-08  -1.7e-11  -1         1         8.8e-07   5.8e-08 
   8.8e-07  -1         1.7e-11   5.8e-08  -1.7e-11  -1         1         8.8e-07   5.8e-08 
   8.8e-07  -1         1.7e-11   5.8e-08  -1.7e-11  -1         1         8.8e-07   5.8e-08 
   8.8e-07  -1         1.7e-11   5.8e-08  -1.7e-11  -1         1         8.8e-07   5.8e-08 
   8.8e-07  -1         1.7e-11   5.8e-08  -1.7e-11  -1         1         8.8e-07   5.8e-08 
   8.8e-07  -1         1.7e-11   5.8e-08  -1.7e-11  -1         1         8.8e-07   5.8e-08 
   8.8e-07  -1         1.7e-11   5.8e-08  -1.7e-11  -1         1         8.8e-07   5.8e-08 
   8.8e-07  -1         1.7e-11   5.8e-08  -1.7e-11  -1         1         8.8e-07   5.8e-08 
   8.8e-07  -1         1.7e-11   5.8e-08  -1.7e-11  -1         1         8.8e-07   5.8e-08 
   8.8e-07  -1         1.7e-11   5.8e-08  -1.7e-11  -1         1         8.8e-07   5.8e-08 
   8.8e-07  -1         1.7e-11   5.8e-08  -1.7e-11  -1         1         8.8e-07   5.8e-08 
   8.8e-07  -1         1.7e-11   5.8e-08  -1.7e-11  -1         1         8.8e-07   5.8e-08 
   8.8e-07  -1         1.7e-11   5.8e-08  -1.7e-11  -1         1         8.8e-07   5.8e-08 
   8.8e-07  -1         1.7e-11   5.8e-08  -1.7e-11  -1         1         8.8e-07   5.8e-08 
   8.8e-07  -1         1.7e-11   5.8e-08  -1.7e-11  -1         1         8.8e-07   5.8e-08 
   8.8e-07  -1         1.7e-11   5.8e-08  -1.7e-11  -1         1         8.8e-07   5.8e-08 
   8.8e-07  -1         1.7e-11   5.8e-08  -1.7e-11  -1         1         8.8e-07   5.8e-08 
   8.8e-07  -1         1.7e-11   5.8e-08  -1.7e-11  -1         1         8.8e-07   5.8e-08 
   8.8e-07  -1         1.7e-11   5.8e-08  -1.7e-11  -1         1         8.8e-07   5.8e-08 
   8.8e-07  -1         1.7e-11   5.8e-08  -1.7e-11  -1         1         8.8e-07   5.8e-08 
   8.8e-07  -1         1.7e-11   5.8e-08  -1.7e-11  -1         1         8.8e-07   5.8e-08 
   8.8e-07  -1         1.7e-11   5.8e-08  -1.7e-11  -1         1         8.8e-07   5.8e-08 
   8.8e-07  -1         1.7e-11   5.8e-08  -1.7e-11  -1         1         8.8e-07   5.8e-08 
   8.8e-07  -1         1.7e-11   5.8e-08  -1.7e-11  -1         1         8.8e-07   5.8e-08 
   8.8e-07  -1         1.7e-11   5.8e-08  -1.7e-11  -1         1         8.8e-07   5.8e-08 
   8.8e-07  -1         1.7e-11   5.8e-08  -1.7e-11  -1         1         8.8e-07   5.8e-08 
  -1.7e-11   8.8e-07   1         1         5.8e-08   1.7e-11  -5.8e-08   1        -8.8e-07 
   8.8e-07  -1         1.7e-11   5.8e-08  -1.7e-11  -1         1         8.8e-07   5.8e-08 
   1        -1.7e-11   8.8e-07   1.7e-11   1         5.8e-08  -8.8e-07  -5.8e-08   1       
   1        -1.7e-11   8.8e-07   1.7e-11   1         5.8e-08  -8.8e-07  -5.8e-08   1       
   1        -1.7e-11   8.8e-07   1.7e-11   1         5.8e-08  -8.8e-07  -5.8e-08   1       
   1        -1.7e-11   8.8e-07   1.7e-11   1         5.8e-08  -8.8e-07  -5.8e-08   1       
   1        -1.7e-11   8.8e-07   1.7e-11   1         5.8e-08  -8.8e-07  -5.8e-08   1       
   1         8.8e-07   1.7e-11   1.7e-11   5.8e-08  -1        -8.8e-07   1         5.8e-08 
   1         8.8e-07   1.7e-11   1.7e-11   5.8e-08  -1        -8.8e-07   1         5.8e-08 
   1         8.8e-07   1.7e-11   1.7e-11   5.8e-08  -1        -8.8e-07   1         5.8e-08 
   8.8e-07  -1         1.7e-11   5.8e-08  -1.7e-11  -1         1         8.8e-07   5.8e-08 
  -1.7e-11   8.8e-07   1         1         5.8e-08   1.7e-11  -5.8e-08   1        -8.8e-07 
   8.8e-07   1.7e-11   1         5.8e-08  -1         1.7e-11   1         5.8e-08  -8.8e-07 
  -1.7e-11   8.8e-07   1         1         5.8e-08   1.7e-11  -5.8e-08   1        -8.8e-07 
  -1.7e-11   8.8e-07   1         1         5.8e-08   1.7e-11  -5.8e-08   1        -8.8e-07 
  -1.7e-11   8.8e-07   1         1         5.8e-08   1.7e-11  -5.8e-08   1        -8.8e-07 
  -1.7e-11  -1         8.8e-07   1        -1.7e-11   5.8e-08  -5.8e-08   8.8e-07   1       
  -1.7e-11   8.8e-07   1         1         5.8e-08   1.7e-11  -5.8e-08   1        -8.8e-07 
  -1.7e-11   8.8e-07   1         1         5.8e-08   1.7e-11  -5.8e-08   1        -8.8e-07 
   8.7e-07   7e-08     1         0.08     -1         1.7e-11   1         0.08     -8.8e-07 
   8.7e-07  -7e-08     1        -0.08     -1         1.7e-11   1        -0.08     -8.8e-07 
   8.8e-07   1.7e-11   1         5.8e-08  -1         1.7e-11   1         5.8e-08  -8.8e-07 
   8.8e-07  -0.99      0.13      5.8e-08  -0.13     -0.99      1         8.8e-07  -5.6e-08 
   1         0.055     0.053     0.055    -0.033    -1        -0.053     1        -0.035   
   0.00055   0.023     1         0.023     1        -0.023    -1         0.023     2.8e-16 
   0.86      0.35      0.37      0.35      0.14     -0.93     -0.37      0.93      2.2e-16 
   0.051     0.22      0.97      0.22      0.95     -0.23     -0.97      0.23      1.7e-16 
   0.99      0.097     0.097     0.097     0.0095   -1        -0.097     1         1.4e-16 
   1        -0.057    -0.056    -0.057    -0.011    -1         0.056     1        -0.015   
   1        -0.021    -0.02     -0.021    -0.06     -1         0.02      1        -0.06    
   0.11      0.31      0.95      0.31      0.89     -0.33     -0.95      0.33      5.6e-17 
   1         0.042     0.042     0.042     0.0017   -1        -0.042     1         6.7e-17 
   0.00013  -0.011    -1        -0.011     1        -0.011     1         0.011     2.2e-16 
   1        -0.036     0.036    -0.036     0.0013    1        -0.036    -1         2.2e-16 
   0.011    -0.11      0.99     -0.11      0.99      0.11     -0.99     -0.11      1.1e-16 
   0.99      0.075    -0.083     0.075     0.11      0.99      0.083    -0.99      0.099   
   3.9e-05   0.0062   -1         0.0062    1         0.0062    1        -0.0062    1.7e-16 
   0.074     0.17     -0.98      0.17      0.97      0.18      0.98     -0.18      0.044   
   0.038     0.32     -0.95      0.32      0.89      0.32      0.95     -0.32     -0.069   
   0.71      0.45     -0.54      0.45      0.29      0.84      0.54     -0.84      1.9e-16 
  -0.2      -0.11     -0.97     -0.11      0.99     -0.092     0.97      0.092    -0.21    
  -0.018    -0        -1         0         1        -0         1         0        -0.018   
   0.99     -0.12      0.12     -0.12      0.015     0.99     -0.12     -0.99      7.5e-17 
   0.12      0.01      0.99      0.01      1        -0.012    -0.99      0.012     0.12    
   0.98      0.14     -0.15      0.14      0.021     0.99      0.15     -0.99      8.2e-17 
  -0.16     -0.059    -0.99     -0.059     1        -0.051     0.99      0.051    -0.16    
   0.1       0.3      -0.95      0.3       0.9       0.32      0.95     -0.32      3.3e-16 
   0.034     0.18     -0.98      0.18      0.97      0.18      0.98     -0.18      1.1e-16 
   0.99     -0.081    -0.069    -0.081    -0.16     -0.98      0.069     0.98     -0.16    
   2.2e-16  -0        -1         0         1        -0         1         0         2.2e-16 
   1         0.039    -0.032     0.039    -0.18      0.98      0.032    -0.98     -0.18    
   0.05     -0.22      0.97     -0.22      0.95      0.22     -0.97     -0.22      2.2e-16 
   0.57      0.5       0.66      0.5       0.43     -0.76     -0.66      0.76      3.1e-16 
   0.99     -0.088    -0.089    -0.088     0.0079   -1         0.089     1         3.3e-17 
   0.34      0.47     -0.81      0.47      0.66      0.58      0.81     -0.58      2.8e-16 
   1         0         0         0         1         0         0         0         1       
   1         0         0         0        -1        -1.2e-16   0         1.2e-16  -1       
   1         0         0         0         1         0         0         0         1       
   1         0         0         0        -1        -1.2e-16   0         1.2e-16  -1       
   1         0         0         0         1         0         0         0         1       
   1         0         0         0        -1        -1.2e-16   0         1.2e-16  -1       
   1         0         0         0         1         0         0         0         1       
   1         0         0         0        -1        -1.2e-16   0         1.2e-16  -1       
   1         0         0         0         1         0         0         0         1       
   1         0         0         0        -1        -1.2e-16   0         1.2e-16  -1       
   1         0         0         0         1         0         0         0         1       
   1         0         0         0        -1        -1.2e-16   0         1.2e-16  -1       
   1         0         0         0         1         0         0         0         1       
   1         0         0         0        -1        -1.2e-16   0         1.2e-16  -1       
   1         0         0         0         1         0         0         0         1       
   1         0         0         0        -1        -1.2e-16   0         1.2e-16  -1       
   1         0         0         0         1         0         0         0         1       
   1         0         0         0        -1        -1.2e-16   0         1.2e-16  -1       
   1         0         0         0         1         0         0         0         1       
   1         0         0         0        -1        -1.2e-16   0         1.2e-16  -1       
   1         0         0         0         1         0         0         0         1       
   1         0         0         0        -1        -1.2e-16   0         1.2e-16  -1       
   1         0         0         0         1         0         0         0         1       
   1         0         0         0        -1        -1.2e-16   0         1.2e-16  -1       
   1         0         0         0         1         0         0         0         1       
   1         0         0         0        -1        -1.2e-16   0         1.2e-16  -1       
   1         0         0         0         1         0         0         0         1       
   1         0         0         0        -1        -1.2e-16   0         1.2e-16  -1       
   1         0         0         0         1         0         0         0         1       
   1         0         0         0        -1        -1.2e-16   0         1.2e-16  -1       
   1         0         0         0         1         0         0         0         1       
   1         0         0         0        -1        -1.2e-16   0         1.2e-16  -1       
   1         0         0         0         1         0         0         0         1       
   1         0         0         0        -1        -1.2e-16   0         1.2e-16  -1       
   1         0         0         0         1         0         0         0         1       
   1         0         0         0        -1        -1.2e-16   0         1.2e-16  -1       
   1         0         0         0         1         0         0         0         1       
   1         0         0         0        -1        -1.2e-16   0         1.2e-16  -1       
   1         0         0         0         1         0         0         0         1       
   1         0         0         0        -1        -1.2e-16   0         1.2e-16  -1       
   1         0         0         0         1         0         0         0         1       
   1         0         0         0        -1        -1.2e-16   0         1.2e-16  -1       
   1         0         0         0         1         0         0         0         1       
   1         0         0         0        -1        -1.2e-16   0         1.2e-16  -1       
   1         0         0         0         1         0         0         0         1       
   1         0         0         0        -1        -1.2e-16   0         1.2e-16  -1       
   1         0         0         0         1         0         0         0         1       
   1         0         0         0        -1        -1.2e-16   0         1.2e-16  -1       
   1         0         0         0         1         0         0         0         1       
   1         0         0         0        -1        -1.2e-16   0         1.2e-16  -1       
   1         0         0         0         1         0         0         0         1       
   1         0         0         0        -1        -1.2e-16   0         1.2e-16  -1       
   1         0         0         0         1         0         0         0         1       
   1         0         0         0        -1        -1.2e-16   0         1.2e-16  -1       
   1         0         0         0         1         0         0         0         1       
   1         0         0         0        -1        -1.2e-16   0         1.2e-16  -1       
   1         0         0         0         1         0         0         0         1       
   1         0         0         0        -1        -1.2e-16   0         1.2e-16  -1       
   1         0         0         0         1         0         0         0         1       
   1         0         0         0        -1        -1.2e-16   0         1.2e-16  -1       
   1         0         0         0         1         0         0         0         1       
   1         0         0         0        -1        -1.2e-16   0         1.2e-16  -1       
   1         0         0         0         1         0         0         0         1       
   1         0         0         0        -1        -1.2e-16   0         1.2e-16  -1       
   1         0         0         0         1         0         0         0         1       

SITE_XPOS
   0.017    -2.5       0.14    
   0.0095   -2.5       0.081   

SITE_XMAT
   1         0.0086    0.00045  -0.0086    1         0.054     1.7e-05  -0.054     1       
   1         0.0086    0.00045  -0.0086    1         0.054     1.7e-05  -0.054     1       

LIGHT_XPOS
  -0.5       0.5       3       
   0         0         3       

LIGHT_XDIR
   0         0        -1       
   0         0        -1       

SUBTREE_COM
   17        44        0.79    
   0.0095   -2.5       0.078   
   0.21     -2.3       0.076   
   0.2      -2.3       0.072   
   0.25     -2.3       0.069   
   0.26     -2.3       0.079   
   0.21     -2.7       0.078   
   0.21     -2.7       0.072   
   0.26     -2.7       0.065   
   0.27     -2.7       0.076   
  -0.18     -2.3       0.075   
  -0.17     -2.3       0.071   
  -0.23     -2.3       0.067   
  -0.24     -2.3       0.079   
  -0.2      -2.7       0.078   
  -0.19     -2.7       0.072   
  -0.25     -2.7       0.065   
  -0.26     -2.7       0.076   
   17        44        0.79    
   7.1       27        1.2     

CDOF
   0         0         0         1         0         0       
   0         0         0         0         1         0       
   0         0         0         0         0         1       
   1        -0.0086    1.7e-05   2.8e-05   0.0033    0.021   
   0.0086    1        -0.054    -0.0022    3.1e-05   0.00022 
   0.00045   0.054     1        -0.021    -4.1e-05   1.2e-05 
  -1         0.0086   -1.7e-05  -2.6e-06  -0.00023   0.036   
  -0.0073   -0.85     -0.53     -0.018     0.12     -0.19    
  -0.0073   -0.85     -0.53     -0.11      0.038    -0.06    
  -0.0073   -0.85     -0.53     -0.095     0.13     -0.21    
  -1         0.0086   -1.7e-05  -5.4e-05  -0.0065   -0.079   
  -0.0068   -0.79      0.62     -0.045    -0.14     -0.18    
  -0.0068   -0.79      0.62     -0.15     -0.052    -0.068   
  -0.0068   -0.79      0.62     -0.15     -0.16     -0.21    
  -1         0.0086   -1.7e-05  -2.6e-06  -0.00023   0.036   
  -0.0073   -0.85     -0.53     -0.02     -0.12      0.19    
  -0.0073   -0.85     -0.53     -0.11     -0.036     0.059   
  -0.0073   -0.85     -0.53     -0.1      -0.13      0.21    
  -1         0.0086   -1.7e-05  -5.4e-05  -0.0065   -0.079   
  -0.0068   -0.79      0.62     -0.042     0.14      0.18    
  -0.0068   -0.79      0.62     -0.15      0.054     0.068   
  -0.0068   -0.79      0.62     -0.15      0.17      0.21    
   0         0         0         1         0         0       
   0         0         0         0         1         0       
   0         0         0         0         0         1       
   1         1.7e-11  -8.8e-07  -3.3e-05  -0.8      -37      
  -1.7e-11   1        -5.8e-08   0.8      -2.4e-06  -42      
   8.8e-07   5.8e-08   1         37        42       -3.5e-05 

CINERT
   0         0         0         0         0         0         0         0         0         0       
   0.13      0.17      0.27      0.00048   4e-05     0.0045    0.00019   0.29      0.011     8       
   0.0022    0.032     0.034    -0.0075   -0.0017   -0.00047   0.14      0.034     0.008     0.63    
   0.021     0.016     0.035    -0.015    -0.0015    0.00058   0.1       0.13     -0.0018    0.89    
   0.015     0.036     0.05     -0.022     0.0027    0.0017    0.15      0.098    -0.011     0.64    
   0.02      0.039     0.058    -0.027    -0.00019   0.00028   0.15      0.11      0.00078   0.59    
   0.0067    0.032     0.037     0.014    -0.0029    0.0014    0.14     -0.062     0.013     0.63    
   0.039     0.018     0.054     0.022    -0.0022   -0.0001    0.11     -0.18      0.0026    0.89    
   0.032     0.04      0.07      0.034     0.0038   -0.0032    0.15     -0.14     -0.015     0.64    
   0.037     0.043     0.078     0.038     0.00028  -0.00072   0.16     -0.15     -0.0011    0.59    
   0.0025    0.031     0.033     0.008     0.0017   -0.0005   -0.14      0.036     0.008     0.63    
   0.022     0.016     0.035     0.015     0.0015    0.00054  -0.1       0.13     -0.0017    0.89    
   0.017     0.035     0.051     0.023    -0.0033    0.0022   -0.14      0.1      -0.014     0.64    
   0.024     0.038     0.06      0.029     0.00021   0.00026  -0.15      0.12      0.00085   0.59    
   0.0062    0.032     0.037    -0.013     0.0029    0.0013   -0.14     -0.06      0.013     0.63    
   0.038     0.019     0.054    -0.022     0.0022   -0.00016  -0.11     -0.18      0.0026    0.89    
   0.03      0.041     0.07     -0.033    -0.0038   -0.0032   -0.16     -0.14     -0.015     0.64    
   0.036     0.044     0.078    -0.038    -0.00029  -0.00072  -0.16     -0.14     -0.0011    0.59    
   2.4e+09   2.4e+09   4.8e+09   2.6e+08  -8.1e+06  -5.5e+05   0         0         0         5e+06   
   5.4e+05   1.4e+06   1.9e+06   3.9e+05  -4.7e+04   4.7e+03   0         0         8.4e-13   3.8e+03 

ACTUATOR_LENGTH
  -0.61    
  -1.1     
   2.7     
  -0.29    
   0.61    
  -0.91    
   2.5     
  -1.2     
  -0.61    
   1.1     
  -2.7     
  -0.11    
   0.61    
   0.91    
  -2.5     
   1.4     

actuator_moment
------------------------------
       x                      |
        x                     |
         x                    |
          x                   |
           x                  |
            x                 |
             x                |
              x               |
               x              |
                x             |
                 x            |
                  x           |
                   x          |
                    x         |
                     x        |
                      x       |
------------------------------

ACTUATOR_MOMENT
     6:  1       
     7:  1       
     8:  1       
     9:  1       
    10:  1       
    11:  1       
    12:  1       
    13:  1       
    14:  1       
    15:  1       
    16:  1       
    17:  1       
    18:  1       
    19:  1       
    20:  1       
    21:  1       

CRB
   0         0         0         0         0         0         0         0         0         0       
   0.47      0.68      1.1       0.0038   -0.00059   0.0037    0         1.4e-15  -3.5e-18   19      
   0.059     0.12      0.18     -0.071    -0.00075   0.0021    0.54      0.37     -0.0045    2.7     
   0.057     0.091     0.14     -0.064     0.00099   0.0026    0.4       0.34     -0.012     2.1     
   0.036     0.075     0.11     -0.049     0.0025    0.002     0.29      0.2      -0.011     1.2     
   0.02      0.039     0.058    -0.027    -0.00019   0.00028   0.15      0.11      0.00078   0.59    
   0.11      0.13      0.24      0.11     -0.001    -0.0027    0.56     -0.53      4.6e-05   2.7     
   0.11      0.1       0.2       0.094     0.0019   -0.004     0.42     -0.47     -0.013     2.1     
   0.068     0.082     0.15      0.072     0.0041   -0.0039    0.31     -0.29     -0.016     1.2     
   0.037     0.043     0.078     0.038     0.00028  -0.00072   0.16     -0.15     -0.0011    0.59    
   0.065     0.12      0.18      0.074     0.00019   0.0025   -0.53      0.39     -0.0068    2.7     
   0.062     0.088     0.15      0.066    -0.0015    0.003    -0.39      0.35     -0.015     2.1     
   0.04      0.073     0.11      0.051    -0.0031    0.0025   -0.29      0.22     -0.013     1.2     
   0.024     0.038     0.06      0.029     0.00021   0.00026  -0.15      0.12      0.00085   0.59    
   0.11      0.13      0.24     -0.11      0.00094  -0.0027   -0.57     -0.52     -0.00011   2.7     
   0.1       0.1       0.2      -0.094    -0.002    -0.004    -0.43     -0.46     -0.013     2.1     
   0.066     0.085     0.15     -0.072    -0.0041   -0.0039   -0.31     -0.28     -0.016     1.2     
   0.036     0.044     0.078    -0.038    -0.00029  -0.00072  -0.16     -0.14     -0.0011    0.59    
   2.4e+09   2.4e+09   4.8e+09   2.6e+08  -8.1e+06  -5.5e+05   0         0         0         5e+06   
   5.4e+05   1.4e+06   1.9e+06   3.9e+05  -4.7e+04   4.7e+03   0         0         8.4e-13   3.8e+03 

M
     0:  19      
     0:  0          1:  19      
     0:  0          1:  0          2:  19      
     0:  0.00054    1:  0.064      2:  0.4        3:  0.48    
     0: -0.042      1:  0.00059    2:  0.0043     3:  0.0021     4:  0.68    
     0: -0.41       1: -0.00077    2:  0.00022    3: -0.00051    4: -0.019      5:  1.1     
     0: -3.9e-05    1: -0.0051     2: -0.28       3: -0.053      4:  0.052      5:  0.0035     6:  0.037   
     0:  0.15       1:  0.046      2: -0.075      3: -0.012      4: -0.00023    5: -0.028      6:  0.008      7:  0.031   
     0: -0.012      1: -0.11       2:  0.17       3:  0.032      4: -0.043      5: -0.028      6: -0.022      7:  0.0054     8:  0.039   
     0:  5.3e-06    1: -9.7e-07    2:  1.5e-06    3:  3e-07      4: -0.0016     5: -0.0012     6: -2.2e-07    7:  0.002      8:  0.002      9:  0.002   
     0: -0.00016    1: -0.018      2:  0.31       3: -0.065      4: -0.063      5: -0.0061    10:  0.047   
     0:  0.2        1: -0.038      2: -0.046      3:  0.0077     4: -0.0092     5:  0.044     10: -0.0049    11:  0.039   
     0: -0.0014     1:  0.13       2:  0.16       3: -0.032      4: -0.046      5:  0.032     10:  0.022     11:  0.0094    12:  0.039   
     0: -4.4e-06    1:  2.1e-06    2:  2.6e-06    3: -5.7e-07    4: -0.0016     5:  0.0011    10:  4.2e-07   11:  0.002     12:  0.002     13:  0.002   
     0: -5.9e-05    1: -0.0074     2: -0.28       3: -0.056      4: -0.054      5: -0.003     14:  0.039   
     0:  0.16       1: -0.048      2:  0.075      3:  0.012      4: -0.00044    5: -0.029     14: -0.0079    15:  0.032   
     0: -0.0043     1:  0.11       2: -0.17       3: -0.033      4: -0.044      5: -0.03      14:  0.023     15:  0.0059    16:  0.039   
     0: -5e-06      1:  1.3e-06    2: -1.9e-06    3: -4.2e-07    4: -0.0016     5: -0.0011    14:  3.1e-07   15:  0.002     16:  0.002     17:  0.002   
     0: -0.00016    1: -0.018      2:  0.31       3: -0.065      4:  0.063      5:  0.0061    18:  0.047   
     0:  0.21       1:  0.034      2:  0.046      3: -0.0077     4: -0.0092     5:  0.044     18:  0.0049    19:  0.039   
     0: -0.0035     1: -0.13       2: -0.16       3:  0.032      4: -0.046      5:  0.032     18: -0.022     19:  0.0094    20:  0.039   
     0: -2e-06      1:  3.2e-06    2:  4.1e-06    3: -8.9e-07    4: -0.0016     5:  0.0011    18:  6.5e-07   19:  0.002     20:  0.002     21:  0.002   
    22:  5e+06   
    22:  0         23:  5e+06   
    22:  0         23:  0         24:  5e+06   
    22: -1.7e+02   23: -4e+06     24: -1.9e+08   25:  9.5e+09 
    22:  4e+06     23: -12        24: -2.1e+08   25:  8.1e+09   26:  1.1e+10 
    22:  1.9e+08   23:  2.1e+08   24: -1.8e+02   25: -1.8e+08   26:  1.5e+08   27:  2.1e+10 

QLD
     0:  14      
     0:  2.6e-05    1:  15      
     0: -0.00079    1:  0.001      2:  9.3     
     0: -0.0022     1:  0.18       2:  3          3:  0.15    
     0:  0.35       1: -0.011      2:  0.013      3:  0.00074    4:  0.33    
     0: -0.62       1:  0.0099     2:  0.008      3:  0.0005     4: -0.025      5:  0.89    
     0: -3          1: -4.4        2: -6.9        3: -1.4        4:  1.2        5: -0.22       6:  0.02    
     0:  5.3        1:  1.9        2: -3.2        3: -0.52       4:  0.18       5: -0.83       6:  0.35       7:  0.029   
     0: -0.34       1: -2.9        2:  4.7        3:  0.86       4: -1.1        5: -0.74       6: -0.6        7:  0.093      8:  0.037   
     0:  0.0026     1: -0.00049    2:  0.00074    3:  0.00015    4: -0.82       5: -0.57       6: -0.00011    7:  1          8:  1          9:  0.002   
     0:  1.7        1: -3.5        2:  6.1        3: -1.3        4: -1.1        5: -0.48      10:  0.031   
     0:  5.7        1: -1.8        2: -2.2        3:  0.39       4:  0.041      5:  1         10: -0.26      11:  0.036   
     0: -0.038      1:  3.5        2:  4.4        3: -0.86       4: -1.2        5:  0.84      10:  0.6       11:  0.2       12:  0.037   
     0: -0.0022     1:  0.001      2:  0.0013     3: -0.00029    4: -0.82       5:  0.57      10:  0.00021   11:  1         12:  1         13:  0.002   
     0:  2.7        1: -4.5        2: -6.7        3: -1.4        4: -1.2        5:  0.28      14:  0.021   
     0:  5.3        1: -2          2:  3.2        3:  0.52       4:  0.19       5: -0.85      14: -0.35      15:  0.03    
     0: -0.12       1:  3          2: -4.7        3: -0.89       4: -1.1        5: -0.77      14:  0.62      15:  0.11      16:  0.037   
     0: -0.0025     1:  0.00063    2: -0.00097    3: -0.00021    4: -0.82       5: -0.57      14:  0.00015   15:  1         16:  1         17:  0.002   
     0: -1.8        1: -3.5        2:  6.1        3: -1.3        4:  1.1        5:  0.48      18:  0.031   
     0:  5.8        1:  1.7        2:  2.2        3: -0.39       4:  0.04       5:  1         18:  0.26      19:  0.036   
     0: -0.096      1: -3.4        2: -4.4        3:  0.86       4: -1.2        5:  0.84      18: -0.6       19:  0.2       20:  0.037   
     0: -0.00099    1:  0.0016     2:  0.002      3: -0.00045    4: -0.82       5:  0.57      18:  0.00032   19:  1         20:  1         21:  0.002   
    22:  2e+06   
    22: -0.66      23:  2.9e+06 
    22:  0.065     23: -0.055     24:  7.2e+05 
    22: -9.1e-05   23: -0.00032   24: -0.01      25:  3.6e+09 
    22:  0.00024   23: -0.00014   24: -0.019     25:  0.73      26:  1.1e+10 
    22:  0.0091    23:  0.01      24: -8.6e-09   25: -0.0086    26:  0.0073    27:  2.1e+10 

QLDIAGINV
   0.071   
   0.065   
   0.11    
   6.6     
   3.1     
   1.1     
   49      
   35      
   27      
   5e+02   
   32      
   28      
   27      
   5e+02   
   47      
   34      
   27      
   5e+02   
   32      
   28      
   27      
   5e+02   
   4.9e-07 
   3.5e-07 
   1.4e-06 
   2.8e-10 
   9e-11   
   4.8e-11 

M: inertia structure
------------------------------
 x                            |
 xx                           |
 xxx                          |
 xxxx                         |
 xxxxx                        |
 xxxxxx                       |
 xxxxxxx                      |
 xxxxxxxx                     |
 xxxxxxxxx                    |
 xxxxxxxxxx                   |
 xxxxxx    x                  |
 xxxxxx    xx                 |
 xxxxxx    xxx                |
 xxxxxx    xxxx               |
 xxxxxx        x              |
 xxxxxx        xx             |
 xxxxxx        xxx            |
 xxxxxx        xxxx           |
 xxxxxx            x          |
 xxxxxx            xx         |
 xxxxxx            xxx        |
 xxxxxx            xxxx       |
                       x      |
                       xx     |
                       xxx    |
                       xxxx   |
                       xxxxx  |
                       xxxxxx |
------------------------------

iM: block-diagonal inertia (nnzs are island ids)
------------------------------
 0                            |
 00                           |
 000                          |
 0000                         |
 00000                        |
 000000                       |
 0000000                      |
 00000000                     |
 000000000                    |
 0000000000                   |
 000000    0                  |
 000000    00                 |
 000000    000                |
 000000    0000               |
 000000        0              |
 000000        00             |
 000000        000            |
 000000        0000           |
 000000            0          |
 000000            00         |
 000000            000        |
 000000            0000       |
                       1      |
                       11     |
                       111    |
                       1111   |
                       11111  |
                       111111 |
------------------------------

TREE_AWAKE
  1 1

BODY_AWAKE
  -1 1 1 1 1 1 1 1 1 1 1 1 1 1 1 1 1 1 1 -1

BODY_AWAKE_IND
  0 1 2 3 4 5 6 7 8 9 10 11 12 13 14 15 16 17 18 19

PARENT_AWAKE_IND
  1 2 3 4 5 6 7 8 9 10 11 12 13 14 15 16 17 18 19

DOF_AWAKE_IND
  0 1 2 3 4 5 6 7 8 9 10 11 12 13 14 15 16 17 18 19 20 21 22 23 24 25 26 27

CONTACT
  0:
     dim           3
     geoms         floor : 2
     exclude       0
     efc_address   4
     solref         0.013     1       
     solimp         0.9       0.95      0.001     0.5       2       
     dist          -7.3e-05 
     includemargin  0       
     pos           -0.29     -2.5      -3.6e-05 
     frame          0         0         1         0         1         0        -1         0         0       
     friction       1         1         0.01      0.01      0.01    
     mu             1       
     force          55        0.00018   0.00035   0         0         0       
  1:
     dim           3
     geoms         floor : 2
     exclude       0
     efc_address   8
     solref         0.013     1       
     solimp         0.9       0.95      0.001     0.5       2       
     dist          -6.3e-05 
     includemargin  0       
     pos            0.31     -2.5      -3.1e-05 
     frame          0         0         1         0         1         0        -1         0         0       
     friction       1         1         0.01      0.01      0.01    
     mu             1       
     force          47       -0.00031   0.00035   0         0         0       
  2:
     dim           3
     geoms         floor : 9
     exclude       0
     efc_address   12
     solref         0.013     1       
     solimp         0.9       0.95      0.001     0.5       2       
     dist          -5.3e-05 
     includemargin  0       
     pos            0.081    -2.3      -2.7e-05 
     frame          0         0         1         0         1         0        -1         0         0       
     friction       1         1         0.01      0.01      0.01    
     mu             1       
     force          8.4       0.00016  -0.00022   0         0         0       
  3:
     dim           3
     geoms         floor : 14
     exclude       0
     efc_address   16
     solref         0.013     1       
     solimp         0.9       0.95      0.001     0.5       2       
     dist          -0.0002  
     includemargin  0       
     pos            0.26     -2.3      -9.9e-05 
     frame          0         0         1         0         1         0        -1         0         0       
     friction       1         1         0.01      0.01      0.01    
     mu             1       
     force          20       -3.6e-05  -0.00018   0         0         0       
  4:
     dim           3
     geoms         floor : 19
     exclude       0
     efc_address   20
     solref         0.013     1       
     solimp         0.9       0.95      0.001     0.5       2       
     dist          -4.6e-05 
     includemargin  0       
     pos            0.094    -2.7      -2.3e-05 
     frame          0         0         1         0         1         0        -1         0         0       
     friction       1         1         0.01      0.01      0.01    
     mu             1       
     force          7.1      -2.6e-05   0.00013   0         0         0       
  5:
     dim           3
     geoms         floor : 24
     exclude       0
     efc_address   24
     solref         0.013     1       
     solimp         0.9       0.95      0.001     0.5       2       
     dist          -0.00012 
     includemargin  0       
     pos            0.27     -2.8      -5.8e-05 
     frame          0         0         1         0         1         0        -1         0         0       
     friction       1         1         0.01      0.01      0.01    
     mu             1       
     force          11       -2.7e-05  -0.00032   0         0         0       
  6:
     dim           3
     geoms         floor : 29
     exclude       0
     efc_address   28
     solref         0.013     1       
     solimp         0.9       0.95      0.001     0.5       2       
     dist          -4.5e-05 
     includemargin  0       
     pos           -0.059    -2.3      -2.3e-05 
     frame          0         0         1         0         1         0        -1         0         0       
     friction       1         1         0.01      0.01      0.01    
     mu             1       
     force          7.1       7e-06     7.4e-05   0         0         0       
  7:
     dim           3
     geoms         floor : 34
     exclude       0
     efc_address   32
     solref         0.013     1       
     solimp         0.9       0.95      0.001     0.5       2       
     dist          -0.00011 
     includemargin  0       
     pos           -0.24     -2.3      -5.7e-05 
     frame          0         0         1         0         1         0        -1         0         0       
     friction       1         1         0.01      0.01      0.01    
     mu             1       
     force          11        3.8e-05   0.00024   0         0         0       
  8:
     dim           3
     geoms         floor : 39
     exclude       0
     efc_address   36
     solref         0.013     1       
     solimp         0.9       0.95      0.001     0.5       2       
     dist          -4.6e-05 
     includemargin  0       
     pos           -0.078    -2.7      -2.3e-05 
     frame          0         0         1         0         1         0        -1         0         0       
     friction       1         1         0.01      0.01      0.01    
     mu             1       
     force          7.1       1.3e-05   7.2e-05   0         0         0       
  9:
     dim           3
     geoms         floor : 44
     exclude       0
     efc_address   40
     solref         0.013     1       
     solimp         0.9       0.95      0.001     0.5       2       
     dist          -0.00012 
     includemargin  0       
     pos           -0.26     -2.7      -5.8e-05 
     frame          0         0         1         0         1         0        -1         0         0       
     friction       1         1         0.01      0.01      0.01    
     mu             1       
     force          11        3.4e-05  -0.00049   0         0         0       
  10:
     dim           3
     geoms         floor : 1722
     exclude       0
     efc_address   44
     solref         0.02      1       
     solimp         0.9       0.95      0.001     0.5       2       
     dist          -9.1e-05 
     includemargin  0       
     pos            52        80       -4.6e-05 
     frame          0         0         1         0         1         0        -1         0         0       
     friction       1         1         0.01      0.01      0.01    
     mu             1       
     force          1e+07    -0.00068  -0.00025   0         0         0       
  11:
     dim           3
     geoms         floor : 1722
     exclude       0
     efc_address   48
     solref         0.02      1       
     solimp         0.9       0.95      0.001     0.5       2       
     dist          -2.5e-05 
     includemargin  0       
     pos           -23        80       -1.3e-05 
     frame          0         0         1         0         1         0        -1         0         0       
     friction       1         1         0.01      0.01      0.01    
     mu             1       
     force          2.9e+06  -0.00051  -0.00025   0         0         0       
  12:
     dim           3
     geoms         floor : 1722
     exclude       0
     efc_address   52
     solref         0.02      1       
     solimp         0.9       0.95      0.001     0.5       2       
     dist          -8.7e-05 
     includemargin  0       
     pos            52        5        -4.3e-05 
     frame          0         0         1         0         1         0        -1         0         0       
     friction       1         1         0.01      0.01      0.01    
     mu             1       
     force          9.9e+06  -0.00068  -8.2e-05   0         0         0       
  13:
     dim           3
     geoms         floor : 2226
     exclude       0
     efc_address   56
     solref         0.02      1       
     solimp         0.9       0.95      0.001     0.5       2       
     dist          -3.7e-05 
     includemargin  0       
     pos           -9.9       83       -1.9e-05 
     frame          0         0         1         0         1         0        -1         0         0       
     friction       1         1         0.01      0.01      0.01    
     mu             1       
     force          4.2e+06  -0.00054  -0.00025   0         0         0       
  14:
     dim           3
     geoms         floor : 2226
     exclude       0
     efc_address   60
     solref         0.02      1       
     solimp         0.9       0.95      0.001     0.5       2       
     dist          -3.4e-05 
     includemargin  0       
     pos           -13        80       -1.7e-05 
     frame          0         0         1         0         1         0        -1         0         0       
     friction       1         1         0.01      0.01      0.01    
     mu             1       
     force          3.9e+06  -0.00053  -0.00025   0         0         0       
  15:
     dim           3
     geoms         floor : 2226
     exclude       0
     efc_address   64
     solref         0.02      1       
     solimp         0.9       0.95      0.001     0.5       2       
     dist          -3.4e-05 
     includemargin  0       
     pos           -13        83       -1.7e-05 
     frame          0         0         1         0         1         0        -1         0         0       
     friction       1         1         0.01      0.01      0.01    
     mu             1       
     force          3.9e+06  -0.00053  -0.00025   0         0         0       
  16:
     dim           3
     geoms         floor : 2227
     exclude       0
     efc_address   68
     solref         0.02      1       
     solimp         0.9       0.95      0.001     0.5       2       
     dist          -4.3e-05 
     includemargin  0       
     pos            1.5       5        -2.1e-05 
     frame          0         0         1         0         1         0        -1         0         0       
     friction       1         1         0.01      0.01      0.01    
     mu             1       
     force          4.9e+06  -0.00056  -8.2e-05   0         0         0       
  17:
     dim           3
     geoms         floor : 2227
     exclude       0
     efc_address   72
     solref         0.02      1       
     solimp         0.9       0.95      0.001     0.5       2       
     dist          -4e-05   
     includemargin  0       
     pos           -1.8       5        -2e-05   
     frame          0         0         1         0         1         0        -1         0         0       
     friction       1         1         0.01      0.01      0.01    
     mu             1       
     force          4.5e+06  -0.00055  -8.2e-05   0         0         0       
  18:
     dim           3
     geoms         floor : 2227
     exclude       0
     efc_address   76
     solref         0.02      1       
     solimp         0.9       0.95      0.001     0.5       2       
     dist          -4.3e-05 
     includemargin  0       
     pos            1.5       2        -2.1e-05 
     frame          0         0         1         0         1         0        -1         0         0       
     friction       1         1         0.01      0.01      0.01    
     mu             1       
     force          4.8e+06  -0.00056  -7.5e-05   0         0         0       
  19:
     dim           3
     geoms         6 : 12
     exclude       0
     efc_address   80
     solref         0.005     1       
     solimp         0.9       0.95      0.001     0.5       2       
     dist          -2.7e-06 
     includemargin  0       
     pos            0.25     -2.4       0.083   
     frame          0.28      0.51     -0.82      0.39      0.72      0.58      0.88     -0.48      2.8e-17 
     friction       1         1         0.01      0.001     0.001   
     mu             1       
     force          1.6       2e-05     4.5e-05   0         0         0       
  20:
     dim           3
     geoms         6 : 12
     exclude       0
     efc_address   84
     solref         0.005     1       
     solimp         0.9       0.95      0.001     0.5       2       
     dist          -2.7e-06 
     includemargin  0       
     pos            0.25     -2.3       0.1     
     frame          0.29      0.51     -0.81      0.4       0.71      0.58      0.87     -0.49     -2.8e-17 
     friction       1         1         0.01      0.001     0.001   
     mu             1       
     force          1.6       2e-05     4.4e-05   0         0         0       
  21:
     dim           3
     geoms         6 : 12
     exclude       0
     efc_address   88
     solref         0.005     1       
     solimp         0.9       0.95      0.001     0.5       2       
     dist          -2.7e-06 
     includemargin  0       
     pos            0.25     -2.4       0.075   
     frame          0.28      0.51     -0.82      0.39      0.72      0.58      0.88     -0.48      0       
     friction       1         1         0.01      0.001     0.001   
     mu             1       
     force          1.6       2e-05     4.5e-05   0         0         0       
  22:
     dim           3
     geoms         6 : 12
     exclude       0
     efc_address   92
     solref         0.005     1       
     solimp         0.9       0.95      0.001     0.5       2       
     dist          -2.7e-06 
     includemargin  0       
     pos            0.25     -2.3       0.1     
     frame          0.28      0.51     -0.81      0.4       0.71      0.58      0.87     -0.49     -2.8e-17 
     friction       1         1         0.01      0.001     0.001   
     mu             1       
     force          1.6       2e-05     4.4e-05   0         0         0       
  23:
     dim           3
     geoms         6 : 12
     exclude       0
     efc_address   96
     solref         0.005     1       
     solimp         0.9       0.95      0.001     0.5       2       
     dist          -2.7e-06 
     includemargin  0       
     pos            0.25     -2.4       0.075   
     frame          0.28      0.51     -0.82      0.39      0.71      0.58      0.88     -0.48     -2.8e-17 
     friction       1         1         0.01      0.001     0.001   
     mu             1       
     force          1.6       2e-05     4.5e-05   0         0         0       

EFC_TYPE
  3
  3
  3
  3
  6
  6
  6
  6
  6
  6
  6
  6
  6
  6
  6
  6
  6
  6
  6
  6
  6
  6
  6
  6
  6
  6
  6
  6
  6
  6
  6
  6
  6
  6
  6
  6
  6
  6
  6
  6
  6
  6
  6
  6
  6
  6
  6
  6
  6
  6
  6
  6
  6
  6
  6
  6
  6
  6
  6
  6
  6
  6
  6
  6
  6
  6
  6
  6
  6
  6
  6
  6
  6
  6
  6
  6
  6
  6
  6
  6
  6
  6
  6
  6
  6
  6
  6
  6
  6
  6
  6
  6
  6
  6
  6
  6
  6
  6
  6
  6

EFC_ID
  1
  5
  9
  13
  0
  0
  0
  0
  1
  1
  1
  1
  2
  2
  2
  2
  3
  3
  3
  3
  4
  4
  4
  4
  5
  5
  5
  5
  6
  6
  6
  6
  7
  7
  7
  7
  8
  8
  8
  8
  9
  9
  9
  9
  10
  10
  10
  10
  11
  11
  11
  11
  12
  12
  12
  12
  13
  13
  13
  13
  14
  14
  14
  14
  15
  15
  15
  15
  16
  16
  16
  16
  17
  17
  17
  17
  18
  18
  18
  18
  19
  19
  19
  19
  20
  20
  20
  20
  21
  21
  21
  21
  22
  22
  22
  22
  23
  23
  23
  23

EFC_J
   0         0         0         0         0         0         1         0         0         0         0         0         0         0         0         0         0         0         0         0         0         0         0         0         0         0         0         0       
   0         0         0         0         0         0         0         0         0         0        -1         0         0         0         0         0         0         0         0         0         0         0         0         0         0         0         0         0       
   0         0         0         0         0         0         0         0         0         0         0         0         0         0         1         0         0         0         0         0         0         0         0         0         0         0         0         0       
   0         0         0         0         0         0         0         0         0         0         0         0         0         0         0         0         0         0        -1         0         0         0         0         0         0         0         0         0       
   0         1         1         0.11      0.32     -0.28      0         0         0         0         0         0         0         0         0         0         0         0         0         0         0         0         0         0         0         0         0         0       
   0        -1         1        -0.057     0.28      0.32      0         0         0         0         0         0         0         0         0         0         0         0         0         0         0         0         0         0         0         0         0         0       
  -1         0         1         0.023     0.38      0.047     0         0         0         0         0         0         0         0         0         0         0         0         0         0         0         0         0         0         0         0         0         0       
   1         0         1         0.025     0.22     -0.015     0         0         0         0         0         0         0         0         0         0         0         0         0         0         0         0         0         0         0         0         0         0       
   0         1         1         0.11     -0.32      0.28      0         0         0         0         0         0         0         0         0         0         0         0         0         0         0         0         0         0         0         0         0         0       
   0        -1         1        -0.057    -0.28     -0.32      0         0         0         0         0         0         0         0         0         0         0         0         0         0         0         0         0         0         0         0         0         0       
  -1         0         1         0.023    -0.22      0.0095    0         0         0         0         0         0         0         0         0         0         0         0         0         0         0         0         0         0         0         0         0         0       
   1         0         1         0.025    -0.38     -0.042     0         0         0         0         0         0         0         0         0         0         0         0         0         0         0         0         0         0         0         0         0         0       
   0         1         1         0.25     -0.073     0.068    -0.19     -0.052     0         0         0         0         0         0         0         0         0         0         0         0         0         0         0         0         0         0         0         0       
   0        -1         1         0.091    -0.067    -0.075    -0.036    -0.22      0         0         0         0         0         0         0         0         0         0         0         0         0         0         0         0         0         0         0         0       
  -1         0         1         0.17      0.0019    0.17     -0.11     -0.26      0         0         0         0         0         0         0         0         0         0         0         0         0         0         0         0         0         0         0         0       
   1         0         1         0.17     -0.14     -0.18     -0.12     -0.0061    0         0         0         0         0         0         0         0         0         0         0         0         0         0         0         0         0         0         0         0       
   0         1         1         0.31     -0.26      0.24     -0.25      0.0057    0.057    -0.0007    0         0         0         0         0         0         0         0         0         0         0         0         0         0         0         0         0         0       
   0        -1         1         0.15     -0.24     -0.27     -0.095     0.032     0.25      0.0007    0         0         0         0         0         0         0         0         0         0         0         0         0         0         0         0         0         0       
  -1         0         1         0.23     -0.18      0.22     -0.17     -0.14      0.082    -0.081     0         0         0         0         0         0         0         0         0         0         0         0         0         0         0         0         0         0       
   1         0         1         0.23     -0.32     -0.25     -0.17      0.18      0.22      0.081     0         0         0         0         0         0         0         0         0         0         0         0         0         0         0         0         0         0       
   0         1         1        -0.11     -0.09      0.08      0         0         0         0         0.053    -0.2       0         0         0         0         0         0         0         0         0         0         0         0         0         0         0         0       
   0        -1         1        -0.28     -0.082    -0.089     0         0         0         0         0.22     -0.023     0         0         0         0         0         0         0         0         0         0         0         0         0         0         0         0       
  -1         0         1        -0.2       0.0058   -0.2       0         0         0         0         0.14     -0.26      0         0         0         0         0         0         0         0         0         0         0         0         0         0         0         0       
   1         0         1        -0.19     -0.18      0.19      0         0         0         0         0.14      0.039     0         0         0         0         0         0         0         0         0         0         0         0         0         0         0         0       
   0         1         1        -0.18     -0.28      0.25      0         0         0         0         0.12      0.052     0.25     -0.0007    0         0         0         0         0         0         0         0         0         0         0         0         0         0       
   0        -1         1        -0.34     -0.25     -0.28      0         0         0         0         0.28      0.0081    0.031     0.0007    0         0         0         0         0         0         0         0         0         0         0         0         0         0       
  -1         0         1        -0.26     -0.17     -0.27      0         0         0         0         0.2      -0.16      0.062    -0.081     0         0         0         0         0         0         0         0         0         0         0         0         0         0       
   1         0         1        -0.26     -0.36      0.24      0         0         0         0         0.2       0.22      0.22      0.081     0         0         0         0         0         0         0         0         0         0         0         0         0         0       
   0         1         1         0.25      0.074    -0.065     0         0         0         0         0         0         0         0        -0.19      0.049     0         0         0         0         0         0         0         0         0         0         0         0       
   0        -1         1         0.091     0.066     0.072     0         0         0         0         0         0         0         0        -0.036     0.22      0         0         0         0         0         0         0         0         0         0         0         0       
  -1         0         1         0.17      0.14      0.18      0         0         0         0         0         0         0         0        -0.11      0.0078    0         0         0         0         0         0         0         0         0         0         0         0       
   1         0         1         0.17     -0.0018   -0.17      0         0         0         0         0         0         0         0        -0.12      0.26      0         0         0         0         0         0         0         0         0         0         0         0       
   0         1         1         0.32      0.26     -0.23      0         0         0         0         0         0         0         0        -0.26     -0.0085   -0.058    -0.0007    0         0         0         0         0         0         0         0         0         0       
   0        -1         1         0.16      0.24      0.26      0         0         0         0         0         0         0         0        -0.11     -0.029    -0.25      0.0007    0         0         0         0         0         0         0         0         0         0       
  -1         0         1         0.24      0.32      0.26      0         0         0         0         0         0         0         0        -0.18     -0.18     -0.23     -0.081     0         0         0         0         0         0         0         0         0         0       
   1         0         1         0.24      0.18     -0.23      0         0         0         0         0         0         0         0        -0.18      0.14     -0.076     0.081     0         0         0         0         0         0         0         0         0         0       
   0         1         1        -0.11      0.091    -0.083     0         0         0         0         0         0         0         0         0         0         0         0         0.053     0.2       0         0         0         0         0         0         0         0       
   0        -1         1        -0.28      0.081     0.092     0         0         0         0         0         0         0         0         0         0         0         0         0.22      0.025     0         0         0         0         0         0         0         0       
  -1         0         1        -0.2       0.18     -0.18      0         0         0         0         0         0         0         0         0         0         0         0         0.14     -0.04      0         0         0         0         0         0         0         0       
   1         0         1        -0.19     -0.0057    0.19      0         0         0         0         0         0         0         0         0         0         0         0         0.14      0.26      0         0         0         0         0         0         0         0       
   0         1         1        -0.18      0.28     -0.25      0         0         0         0         0         0         0         0         0         0         0         0         0.12     -0.056    -0.25     -0.0007    0         0         0         0         0         0       
   0        -1         1        -0.34      0.25      0.28      0         0         0         0         0         0         0         0         0         0         0         0         0.28     -0.0049   -0.03      0.0007    0         0         0         0         0         0       
  -1         0         1        -0.26      0.36     -0.24      0         0         0         0         0         0         0         0         0         0         0         0         0.2      -0.22     -0.22     -0.081     0         0         0         0         0         0       
   1         0         1        -0.26      0.17      0.26      0         0         0         0         0         0         0         0         0         0         0         0         0.2       0.16     -0.064     0.081     0         0         0         0         0         0       
   0         0         0         0         0         0         0         0         0         0         0         0         0         0         0         0         0         0         0         0         0         0         0         1         1        -1.1      -76        76      
   0         0         0         0         0         0         0         0         0         0         0         0         0         0         0         0         0         0         0         0         0         0         0        -1         1        -1        -76       -76      
   0         0         0         0         0         0         0         0         0         0         0         0         0         0         0         0         0         0         0         0         0         0        -1         0         1        -1        -76       -1       
   0         0         0         0         0         0         0         0         0         0         0         0         0         0         0         0         0         0         0         0         0         0         1         0         1        -1        -76        1       
   0         0         0         0         0         0         0         0         0         0         0         0         0         0         0         0         0         0         0         0         0         0         0         1         1        -1.1      -1.4       1.4     
   0         0         0         0         0         0         0         0         0         0         0         0         0         0         0         0         0         0         0         0         0         0         0        -1         1        -1        -1.4      -1.4     
   0         0         0         0         0         0         0         0         0         0         0         0         0         0         0         0         0         0         0         0         0         0        -1         0         1        -1        -1.4      -1       
   0         0         0         0         0         0         0         0         0         0         0         0         0         0         0         0         0         0         0         0         0         0         1         0         1        -1        -1.4       1       
   0         0         0         0         0         0         0         0         0         0         0         0         0         0         0         0         0         0         0         0         0         0         0         1         1        -76       -76        76      
   0         0         0         0         0         0         0         0         0         0         0         0         0         0         0         0         0         0         0         0         0         0         0        -1         1        -76       -76       -76      
   0         0         0         0         0         0         0         0         0         0         0         0         0         0         0         0         0         0         0         0         0         0        -1         0         1        -76       -76       -76      
   0         0         0         0         0         0         0         0         0         0         0         0         0         0         0         0         0         0         0         0         0         0         1         0         1        -76       -76        76      
   0         0         0         0         0         0         0         0         0         0         0         0         0         0         0         0         0         0         0         0         0         0         0         1         1         1.9      -15        15      
   0         0         0         0         0         0         0         0         0         0         0         0         0         0         0         0         0         0         0         0         0         0         0        -1         1         1.9      -15       -15      
   0         0         0         0         0         0         0         0         0         0         0         0         0         0         0         0         0         0         0         0         0         0        -1         0         1         1.9      -15        1.9     
   0         0         0         0         0         0         0         0         0         0         0         0         0         0         0         0         0         0         0         0         0         0         1         0         1         1.9      -15       -1.9     
   0         0         0         0         0         0         0         0         0         0         0         0         0         0         0         0         0         0         0         0         0         0         0         1         1        -1.1      -11        11      
   0         0         0         0         0         0         0         0         0         0         0         0         0         0         0         0         0         0         0         0         0         0         0        -1         1        -1        -11       -11      
   0         0         0         0         0         0         0         0         0         0         0         0         0         0         0         0         0         0         0         0         0         0        -1         0         1        -1        -11       -1       
   0         0         0         0         0         0         0         0         0         0         0         0         0         0         0         0         0         0         0         0         0         0         1         0         1        -1        -11        1       
   0         0         0         0         0         0         0         0         0         0         0         0         0         0         0         0         0         0         0         0         0         0         0         1         1         1.9      -11        11      
   0         0         0         0         0         0         0         0         0         0         0         0         0         0         0         0         0         0         0         0         0         0         0        -1         1         1.9      -11       -11      
   0         0         0         0         0         0         0         0         0         0         0         0         0         0         0         0         0         0         0         0         0         0        -1         0         1         1.9      -11        1.9     
   0         0         0         0         0         0         0         0         0         0         0         0         0         0         0         0         0         0         0         0         0         0         1         0         1         1.9      -11       -1.9     
   0         0         0         0         0         0         0         0         0         0         0         0         0         0         0         0         0         0         0         0         0         0         0         1         1        -76       -26        26      
   0         0         0         0         0         0         0         0         0         0         0         0         0         0         0         0         0         0         0         0         0         0         0        -1         1        -76       -26       -26      
   0         0         0         0         0         0         0         0         0         0         0         0         0         0         0         0         0         0         0         0         0         0        -1         0         1        -76       -26       -76      
   0         0         0         0         0         0         0         0         0         0         0         0         0         0         0         0         0         0         0         0         0         0         1         0         1        -76       -26        76      
   0         0         0         0         0         0         0         0         0         0         0         0         0         0         0         0         0         0         0         0         0         0         0         1         1        -76       -23        23      
   0         0         0         0         0         0         0         0         0         0         0         0         0         0         0         0         0         0         0         0         0         0         0        -1         1        -76       -23       -23      
   0         0         0         0         0         0         0         0         0         0         0         0         0         0         0         0         0         0         0         0         0         0        -1         0         1        -76       -23       -76      
   0         0         0         0         0         0         0         0         0         0         0         0         0         0         0         0         0         0         0         0         0         0         1         0         1        -76       -23        76      
   0         0         0         0         0         0         0         0         0         0         0         0         0         0         0         0         0         0         0         0         0         0         0         1         1        -79       -26        26      
   0         0         0         0         0         0         0         0         0         0         0         0         0         0         0         0         0         0         0         0         0         0         0        -1         1        -79       -26       -26      
   0         0         0         0         0         0         0         0         0         0         0         0         0         0         0         0         0         0         0         0         0         0        -1         0         1        -79       -26       -79      
   0         0         0         0         0         0         0         0         0         0         0         0         0         0         0         0         0         0         0         0         0         0         1         0         1        -79       -26        79      
   0         0         0         0         0         0         0         0.016    -0.18      0         0         0         0         0         0         0         0         0         0         0         0         0         0         0         0         0         0         0       
   0         0         0         0         0         0         0        -0.016    -0.18      0         0         0         0         0         0         0         0         0         0         0         0         0         0         0         0         0         0         0       
   0         0         0         0         0         0         0         0.037    -0.18      0         0         0         0         0         0         0         0         0         0         0         0         0         0         0         0         0         0         0       
   0         0         0         0         0         0         0        -0.037    -0.18      0         0         0         0         0         0         0         0         0         0         0         0         0         0         0         0         0         0         0       
   0         0         0         0         0         0         0         0.017    -0.17      0         0         0         0         0         0         0         0         0         0         0         0         0         0         0         0         0         0         0       
   0         0         0         0         0         0         0        -0.016    -0.18      0         0         0         0         0         0         0         0         0         0         0         0         0         0         0         0         0         0         0       
   0         0         0         0         0         0         0         0.037    -0.17      0         0         0         0         0         0         0         0         0         0         0         0         0         0         0         0         0         0         0       
   0         0         0         0         0         0         0        -0.036    -0.18      0         0         0         0         0         0         0         0         0         0         0         0         0         0         0         0         0         0         0       
   0         0         0         0         0         0         0         0.016    -0.18      0         0         0         0         0         0         0         0         0         0         0         0         0         0         0         0         0         0         0       
   0         0         0         0         0         0         0        -0.016    -0.18      0         0         0         0         0         0         0         0         0         0         0         0         0         0         0         0         0         0         0       
   0         0         0         0         0         0         0         0.036    -0.18      0         0         0         0         0         0         0         0         0         0         0         0         0         0         0         0         0         0         0       
   0         0         0         0         0         0         0        -0.037    -0.18      0         0         0         0         0         0         0         0         0         0         0         0         0         0         0         0         0         0         0       
   0         0         0         0         0         0         0         0.017    -0.18      0         0         0         0         0         0         0         0         0         0         0         0         0         0         0         0         0         0         0       
   0         0         0         0         0         0         0        -0.016    -0.18      0         0         0         0         0         0         0         0         0         0         0         0         0         0         0         0         0         0         0       
   0         0         0         0         0         0         0         0.037    -0.17      0         0         0         0         0         0         0         0         0         0         0         0         0         0         0         0         0         0         0       
   0         0         0         0         0         0         0        -0.036    -0.18      0         0         0         0         0         0         0         0         0         0         0         0         0         0         0         0         0         0         0       
   0         0         0         0         0         0         0         0.016    -0.18      0         0         0         0         0         0         0         0         0         0         0         0         0         0         0         0         0         0         0       
   0         0         0         0         0         0         0        -0.016    -0.18      0         0         0         0         0         0         0         0         0         0         0         0         0         0         0         0         0         0         0       
   0         0         0         0         0         0         0         0.037    -0.18      0         0         0         0         0         0         0         0         0         0         0         0         0         0         0         0         0         0         0       
   0         0         0         0         0         0         0        -0.037    -0.18      0         0         0         0         0         0         0         0         0         0         0         0         0         0         0         0         0         0         0       

IEFC_J
   0         0         0         0         0         0         1         0         0         0         0         0         0         0         0         0         0         0         0         0         0         0       ......... ......... ......... ......... ......... ......... 
   0         0         0         0         0         0         0         0         0         0        -1         0         0         0         0         0         0         0         0         0         0         0       ......... ......... ......... ......... ......... ......... 
   0         0         0         0         0         0         0         0         0         0         0         0         0         0         1         0         0         0         0         0         0         0       ......... ......... ......... ......... ......... ......... 
   0         0         0         0         0         0         0         0         0         0         0         0         0         0         0         0         0         0        -1         0         0         0       ......... ......... ......... ......... ......... ......... 
   0         1         1         0.11      0.32     -0.28      0         0         0         0         0         0         0         0         0         0         0         0         0         0         0         0       ......... ......... ......... ......... ......... ......... 
   0        -1         1        -0.057     0.28      0.32      0         0         0         0         0         0         0         0         0         0         0         0         0         0         0         0       ......... ......... ......... ......... ......... ......... 
  -1         0         1         0.023     0.38      0.047     0         0         0         0         0         0         0         0         0         0         0         0         0         0         0         0       ......... ......... ......... ......... ......... ......... 
   1         0         1         0.025     0.22     -0.015     0         0         0         0         0         0         0         0         0         0         0         0         0         0         0         0       ......... ......... ......... ......... ......... ......... 
   0         1         1         0.11     -0.32      0.28      0         0         0         0         0         0         0         0         0         0         0         0         0         0         0         0       ......... ......... ......... ......... ......... ......... 
   0        -1         1        -0.057    -0.28     -0.32      0         0         0         0         0         0         0         0         0         0         0         0         0         0         0         0       ......... ......... ......... ......... ......... ......... 
  -1         0         1         0.023    -0.22      0.0095    0         0         0         0         0         0         0         0         0         0         0         0         0         0         0         0       ......... ......... ......... ......... ......... ......... 
   1         0         1         0.025    -0.38     -0.042     0         0         0         0         0         0         0         0         0         0         0         0         0         0         0         0       ......... ......... ......... ......... ......... ......... 
   0         1         1         0.25     -0.073     0.068    -0.19     -0.052     0         0         0         0         0         0         0         0         0         0         0         0         0         0       ......... ......... ......... ......... ......... ......... 
   0        -1         1         0.091    -0.067    -0.075    -0.036    -0.22      0         0         0         0         0         0         0         0         0         0         0         0         0         0       ......... ......... ......... ......... ......... ......... 
  -1         0         1         0.17      0.0019    0.17     -0.11     -0.26      0         0         0         0         0         0         0         0         0         0         0         0         0         0       ......... ......... ......... ......... ......... ......... 
   1         0         1         0.17     -0.14     -0.18     -0.12     -0.0061    0         0         0         0         0         0         0         0         0         0         0         0         0         0       ......... ......... ......... ......... ......... ......... 
   0         1         1         0.31     -0.26      0.24     -0.25      0.0057    0.057    -0.0007    0         0         0         0         0         0         0         0         0         0         0         0       ......... ......... ......... ......... ......... ......... 
   0        -1         1         0.15     -0.24     -0.27     -0.095     0.032     0.25      0.0007    0         0         0         0         0         0         0         0         0         0         0         0       ......... ......... ......... ......... ......... ......... 
  -1         0         1         0.23     -0.18      0.22     -0.17     -0.14      0.082    -0.081     0         0         0         0         0         0         0         0         0         0         0         0       ......... ......... ......... ......... ......... ......... 
   1         0         1         0.23     -0.32     -0.25     -0.17      0.18      0.22      0.081     0         0         0         0         0         0         0         0         0         0         0         0       ......... ......... ......... ......... ......... ......... 
   0         1         1        -0.11     -0.09      0.08      0         0         0         0         0.053    -0.2       0         0         0         0         0         0         0         0         0         0       ......... ......... ......... ......... ......... ......... 
   0        -1         1        -0.28     -0.082    -0.089     0         0         0         0         0.22     -0.023     0         0         0         0         0         0         0         0         0         0       ......... ......... ......... ......... ......... ......... 
  -1         0         1        -0.2       0.0058   -0.2       0         0         0         0         0.14     -0.26      0         0         0         0         0         0         0         0         0         0       ......... ......... ......... ......... ......... ......... 
   1         0         1        -0.19     -0.18      0.19      0         0         0         0         0.14      0.039     0         0         0         0         0         0         0         0         0         0       ......... ......... ......... ......... ......... ......... 
   0         1         1        -0.18     -0.28      0.25      0         0         0         0         0.12      0.052     0.25     -0.0007    0         0         0         0         0         0         0         0       ......... ......... ......... ......... ......... ......... 
   0        -1         1        -0.34     -0.25     -0.28      0         0         0         0         0.28      0.0081    0.031     0.0007    0         0         0         0         0         0         0         0       ......... ......... ......... ......... ......... ......... 
  -1         0         1        -0.26     -0.17     -0.27      0         0         0         0         0.2      -0.16      0.062    -0.081     0         0         0         0         0         0         0         0       ......... ......... ......... ......... ......... ......... 
   1         0         1        -0.26     -0.36      0.24      0         0         0         0         0.2       0.22      0.22      0.081     0         0         0         0         0         0         0         0       ......... ......... ......... ......... ......... ......... 
   0         1         1         0.25      0.074    -0.065     0         0         0         0         0         0         0         0        -0.19      0.049     0         0         0         0         0         0       ......... ......... ......... ......... ......... ......... 
   0        -1         1         0.091     0.066     0.072     0         0         0         0         0         0         0         0        -0.036     0.22      0         0         0         0         0         0       ......... ......... ......... ......... ......... ......... 
  -1         0         1         0.17      0.14      0.18      0         0         0         0         0         0         0         0        -0.11      0.0078    0         0         0         0         0         0       ......... ......... ......... ......... ......... ......... 
   1         0         1         0.17     -0.0018   -0.17      0         0         0         0         0         0         0         0        -0.12      0.26      0         0         0         0         0         0       ......... ......... ......... ......... ......... ......... 
   0         1         1         0.32      0.26     -0.23      0         0         0         0         0         0         0         0        -0.26     -0.0085   -0.058    -0.0007    0         0         0         0       ......... ......... ......... ......... ......... ......... 
   0        -1         1         0.16      0.24      0.26      0         0         0         0         0         0         0         0        -0.11     -0.029    -0.25      0.0007    0         0         0         0       ......... ......... ......... ......... ......... ......... 
  -1         0         1         0.24      0.32      0.26      0         0         0         0         0         0         0         0        -0.18     -0.18     -0.23     -0.081     0         0         0         0       ......... ......... ......... ......... ......... ......... 
   1         0         1         0.24      0.18     -0.23      0         0         0         0         0         0         0         0        -0.18      0.14     -0.076     0.081     0         0         0         0       ......... ......... ......... ......... ......... ......... 
   0         1         1        -0.11      0.091    -0.083     0         0         0         0         0         0         0         0         0         0         0         0         0.053     0.2       0         0       ......... ......... ......... ......... ......... ......... 
   0        -1         1        -0.28      0.081     0.092     0         0         0         0         0         0         0         0         0         0         0         0         0.22      0.025     0         0       ......... ......... ......... ......... ......... ......... 
  -1         0         1        -0.2       0.18     -0.18      0         0         0         0         0         0         0         0         0         0         0         0         0.14     -0.04      0         0       ......... ......... ......... ......... ......... ......... 
   1         0         1        -0.19     -0.0057    0.19      0         0         0         0         0         0         0         0         0         0         0         0         0.14      0.26      0         0       ......... ......... ......... ......... ......... ......... 
   0         1         1        -0.18      0.28     -0.25      0         0         0         0         0         0         0         0         0         0         0         0         0.12     -0.056    -0.25     -0.0007  ......... ......... ......... ......... ......... ......... 
   0        -1         1        -0.34      0.25      0.28      0         0         0         0         0         0         0         0         0         0         0         0         0.28     -0.0049   -0.03      0.0007  ......... ......... ......... ......... ......... ......... 
  -1         0         1        -0.26      0.36     -0.24      0         0         0         0         0         0         0         0         0         0         0         0         0.2      -0.22     -0.22     -0.081   ......... ......... ......... ......... ......... ......... 
   1         0         1        -0.26      0.17      0.26      0         0         0         0         0         0         0         0         0         0         0         0         0.2       0.16     -0.064     0.081   ......... ......... ......... ......... ......... ......... 
   0         0         0         0         0         0         0         0.016    -0.18      0         0         0         0         0         0         0         0         0         0         0         0         0       ......... ......... ......... ......... ......... ......... 
   0         0         0         0         0         0         0        -0.016    -0.18      0         0         0         0         0         0         0         0         0         0         0         0         0       ......... ......... ......... ......... ......... ......... 
   0         0         0         0         0         0         0         0.037    -0.18      0         0         0         0         0         0         0         0         0         0         0         0         0       ......... ......... ......... ......... ......... ......... 
   0         0         0         0         0         0         0        -0.037    -0.18      0         0         0         0         0         0         0         0         0         0         0         0         0       ......... ......... ......... ......... ......... ......... 
   0         0         0         0         0         0         0         0.017    -0.17      0         0         0         0         0         0         0         0         0         0         0         0         0       ......... ......... ......... ......... ......... ......... 
   0         0         0         0         0         0         0        -0.016    -0.18      0         0         0         0         0         0         0         0         0         0         0         0         0       ......... ......... ......... ......... ......... ......... 
   0         0         0         0         0         0         0         0.037    -0.17      0         0         0         0         0         0         0         0         0         0         0         0         0       ......... ......... ......... ......... ......... ......... 
   0         0         0         0         0         0         0        -0.036    -0.18      0         0         0         0         0         0         0         0         0         0         0         0         0       ......... ......... ......... ......... ......... ......... 
   0         0         0         0         0         0         0         0.016    -0.18      0         0         0         0         0         0         0         0         0         0         0         0         0       ......... ......... ......... ......... ......... ......... 
   0         0         0         0         0         0         0        -0.016    -0.18      0         0         0         0         0         0         0         0         0         0         0         0         0       ......... ......... ......... ......... ......... ......... 
   0         0         0         0         0         0         0         0.036    -0.18      0         0         0         0         0         0         0         0         0         0         0         0         0       ......... ......... ......... ......... ......... ......... 
   0         0         0         0         0         0         0        -0.037    -0.18      0         0         0         0         0         0         0         0         0         0         0         0         0       ......... ......... ......... ......... ......... ......... 
   0         0         0         0         0         0         0         0.017    -0.18      0         0         0         0         0         0         0         0         0         0         0         0         0       ......... ......... ......... ......... ......... ......... 
   0         0         0         0         0         0         0        -0.016    -0.18      0         0         0         0         0         0         0         0         0         0         0         0         0       ......... ......... ......... ......... ......... ......... 
   0         0         0         0         0         0         0         0.037    -0.17      0         0         0         0         0         0         0         0         0         0         0         0         0       ......... ......... ......... ......... ......... ......... 
   0         0         0         0         0         0         0        -0.036    -0.18      0         0         0         0         0         0         0         0         0         0         0         0         0       ......... ......... ......... ......... ......... ......... 
   0         0         0         0         0         0         0         0.016    -0.18      0         0         0         0         0         0         0         0         0         0         0         0         0       ......... ......... ......... ......... ......... ......... 
   0         0         0         0         0         0         0        -0.016    -0.18      0         0         0         0         0         0         0         0         0         0         0         0         0       ......... ......... ......... ......... ......... ......... 
   0         0         0         0         0         0         0         0.037    -0.18      0         0         0         0         0         0         0         0         0         0         0         0         0       ......... ......... ......... ......... ......... ......... 
   0         0         0         0         0         0         0        -0.037    -0.18      0         0         0         0         0         0         0         0         0         0         0         0         0       ......... ......... ......... ......... ......... ......... 
 ......... ......... ......... ......... ......... ......... ......... ......... ......... ......... ......... ......... ......... ......... ......... ......... ......... ......... ......... ......... ......... .........   0         1         1        -1.1      -76        76      
 ......... ......... ......... ......... ......... ......... ......... ......... ......... ......... ......... ......... ......... ......... ......... ......... ......... ......... ......... ......... ......... .........   0        -1         1        -1        -76       -76      
 ......... ......... ......... ......... ......... ......... ......... ......... ......... ......... ......... ......... ......... ......... ......... ......... ......... ......... ......... ......... ......... .........  -1         0         1        -1        -76       -1       
 ......... ......... ......... ......... ......... ......... ......... ......... ......... ......... ......... ......... ......... ......... ......... ......... ......... ......... ......... ......... ......... .........   1         0         1        -1        -76        1       
 ......... ......... ......... ......... ......... ......... ......... ......... ......... ......... ......... ......... ......... ......... ......... ......... ......... ......... ......... ......... ......... .........   0         1         1        -1.1      -1.4       1.4     
 ......... ......... ......... ......... ......... ......... ......... ......... ......... ......... ......... ......... ......... ......... ......... ......... ......... ......... ......... ......... ......... .........   0        -1         1        -1        -1.4      -1.4     
 ......... ......... ......... ......... ......... ......... ......... ......... ......... ......... ......... ......... ......... ......... ......... ......... ......... ......... ......... ......... ......... .........  -1         0         1        -1        -1.4      -1       
 ......... ......... ......... ......... ......... ......... ......... ......... ......... ......... ......... ......... ......... ......... ......... ......... ......... ......... ......... ......... ......... .........   1         0         1        -1        -1.4       1       
 ......... ......... ......... ......... ......... ......... ......... ......... ......... ......... ......... ......... ......... ......... ......... ......... ......... ......... ......... ......... ......... .........   0         1         1        -76       -76        76      
 ......... ......... ......... ......... ......... ......... ......... ......... ......... ......... ......... ......... ......... ......... ......... ......... ......... ......... ......... ......... ......... .........   0        -1         1        -76       -76       -76      
 ......... ......... ......... ......... ......... ......... ......... ......... ......... ......... ......... ......... ......... ......... ......... ......... ......... ......... ......... ......... ......... .........  -1         0         1        -76       -76       -76      
 ......... ......... ......... ......... ......... ......... ......... ......... ......... ......... ......... ......... ......... ......... ......... ......... ......... ......... ......... ......... ......... .........   1         0         1        -76       -76        76      
 ......... ......... ......... ......... ......... ......... ......... ......... ......... ......... ......... ......... ......... ......... ......... ......... ......... ......... ......... ......... ......... .........   0         1         1         1.9      -15        15      
 ......... ......... ......... ......... ......... ......... ......... ......... ......... ......... ......... ......... ......... ......... ......... ......... ......... ......... ......... ......... ......... .........   0        -1         1         1.9      -15       -15      
 ......... ......... ......... ......... ......... ......... ......... ......... ......... ......... ......... ......... ......... ......... ......... ......... ......... ......... ......... ......... ......... .........  -1         0         1         1.9      -15        1.9     
 ......... ......... ......... ......... ......... ......... ......... ......... ......... ......... ......... ......... ......... ......... ......... ......... ......... ......... ......... ......... ......... .........   1         0         1         1.9      -15       -1.9     
 ......... ......... ......... ......... ......... ......... ......... ......... ......... ......... ......... ......... ......... ......... ......... ......... ......... ......... ......... ......... ......... .........   0         1         1        -1.1      -11        11      
 ......... ......... ......... ......... ......... ......... ......... ......... ......... ......... ......... ......... ......... ......... ......... ......... ......... ......... ......... ......... ......... .........   0        -1         1        -1        -11       -11      
 ......... ......... ......... ......... ......... ......... ......... ......... ......... ......... ......... ......... ......... ......... ......... ......... ......... ......... ......... ......... ......... .........  -1         0         1        -1        -11       -1       
 ......... ......... ......... ......... ......... ......... ......... ......... ......... ......... ......... ......... ......... ......... ......... ......... ......... ......... ......... ......... ......... .........   1         0         1        -1        -11        1       
 ......... ......... ......... ......... ......... ......... ......... ......... ......... ......... ......... ......... ......... ......... ......... ......... ......... ......... ......... ......... ......... .........   0         1         1         1.9      -11        11      
 ......... ......... ......... ......... ......... ......... ......... ......... ......... ......... ......... ......... ......... ......... ......... ......... ......... ......... ......... ......... ......... .........   0        -1         1         1.9      -11       -11      
 ......... ......... ......... ......... ......... ......... ......... ......... ......... ......... ......... ......... ......... ......... ......... ......... ......... ......... ......... ......... ......... .........  -1         0         1         1.9      -11        1.9     
 ......... ......... ......... ......... ......... ......... ......... ......... ......... ......... ......... ......... ......... ......... ......... ......... ......... ......... ......... ......... ......... .........   1         0         1         1.9      -11       -1.9     
 ......... ......... ......... ......... ......... ......... ......... ......... ......... ......... ......... ......... ......... ......... ......... ......... ......... ......... ......... ......... ......... .........   0         1         1        -76       -26        26      
 ......... ......... ......... ......... ......... ......... ......... ......... ......... ......... ......... ......... ......... ......... ......... ......... ......... ......... ......... ......... ......... .........   0        -1         1        -76       -26       -26      
 ......... ......... ......... ......... ......... ......... ......... ......... ......... ......... ......... ......... ......... ......... ......... ......... ......... ......... ......... ......... ......... .........  -1         0         1        -76       -26       -76      
 ......... ......... ......... ......... ......... ......... ......... ......... ......... ......... ......... ......... ......... ......... ......... ......... ......... ......... ......... ......... ......... .........   1         0         1        -76       -26        76      
 ......... ......... ......... ......... ......... ......... ......... ......... ......... ......... ......... ......... ......... ......... ......... ......... ......... ......... ......... ......... ......... .........   0         1         1        -76       -23        23      
 ......... ......... ......... ......... ......... ......... ......... ......... ......... ......... ......... ......... ......... ......... ......... ......... ......... ......... ......... ......... ......... .........   0        -1         1        -76       -23       -23      
 ......... ......... ......... ......... ......... ......... ......... ......... ......... ......... ......... ......... ......... ......... ......... ......... ......... ......... ......... ......... ......... .........  -1         0         1        -76       -23       -76      
 ......... ......... ......... ......... ......... ......... ......... ......... ......... ......... ......... ......... ......... ......... ......... ......... ......... ......... ......... ......... ......... .........   1         0         1        -76       -23        76      
 ......... ......... ......... ......... ......... ......... ......... ......... ......... ......... ......... ......... ......... ......... ......... ......... ......... ......... ......... ......... ......... .........   0         1         1        -79       -26        26      
 ......... ......... ......... ......... ......... ......... ......... ......... ......... ......... ......... ......... ......... ......... ......... ......... ......... ......... ......... ......... ......... .........   0        -1         1        -79       -26       -26      
 ......... ......... ......... ......... ......... ......... ......... ......... ......... ......... ......... ......... ......... ......... ......... ......... ......... ......... ......... ......... ......... .........  -1         0         1        -79       -26       -79      
 ......... ......... ......... ......... ......... ......... ......... ......... ......... ......... ......... ......... ......... ......... ......... ......... ......... ......... ......... ......... ......... .........   1         0         1        -79       -26        79      

EFC_POS
  -0.00063 
  -0.00012 
  -4.7e-05 
  -0.00012 
  -7.3e-05 
  -7.3e-05 
  -7.3e-05 
  -7.3e-05 
  -6.3e-05 
  -6.3e-05 
  -6.3e-05 
  -6.3e-05 
  -5.3e-05 
  -5.3e-05 
  -5.3e-05 
  -5.3e-05 
  -0.0002  
  -0.0002  
  -0.0002  
  -0.0002  
  -4.6e-05 
  -4.6e-05 
  -4.6e-05 
  -4.6e-05 
  -0.00012 
  -0.00012 
  -0.00012 
  -0.00012 
  -4.5e-05 
  -4.5e-05 
  -4.5e-05 
  -4.5e-05 
  -0.00011 
  -0.00011 
  -0.00011 
  -0.00011 
  -4.6e-05 
  -4.6e-05 
  -4.6e-05 
  -4.6e-05 
  -0.00012 
  -0.00012 
  -0.00012 
  -0.00012 
  -9.1e-05 
  -9.1e-05 
  -9.1e-05 
  -9.1e-05 
  -2.5e-05 
  -2.5e-05 
  -2.5e-05 
  -2.5e-05 
  -8.7e-05 
  -8.7e-05 
  -8.7e-05 
  -8.7e-05 
  -3.7e-05 
  -3.7e-05 
  -3.7e-05 
  -3.7e-05 
  -3.4e-05 
  -3.4e-05 
  -3.4e-05 
  -3.4e-05 
  -3.4e-05 
  -3.4e-05 
  -3.4e-05 
  -3.4e-05 
  -4.3e-05 
  -4.3e-05 
  -4.3e-05 
  -4.3e-05 
  -4e-05   
  -4e-05   
  -4e-05   
  -4e-05   
  -4.3e-05 
  -4.3e-05 
  -4.3e-05 
  -4.3e-05 
  -2.7e-06 
  -2.7e-06 
  -2.7e-06 
  -2.7e-06 
  -2.7e-06 
  -2.7e-06 
  -2.7e-06 
  -2.7e-06 
  -2.7e-06 
  -2.7e-06 
  -2.7e-06 
  -2.7e-06 
  -2.7e-06 
  -2.7e-06 
  -2.7e-06 
  -2.7e-06 
  -2.7e-06 
  -2.7e-06 
  -2.7e-06 
  -2.7e-06 

EFC_MARGIN
   0       
   0       
   0       
   0       
   0       
   0       
   0       
   0       
   0       
   0       
   0       
   0       
   0       
   0       
   0       
   0       
   0       
   0       
   0       
   0       
   0       
   0       
   0       
   0       
   0       
   0       
   0       
   0       
   0       
   0       
   0       
   0       
   0       
   0       
   0       
   0       
   0       
   0       
   0       
   0       
   0       
   0       
   0       
   0       
   0       
   0       
   0       
   0       
   0       
   0       
   0       
   0       
   0       
   0       
   0       
   0       
   0       
   0       
   0       
   0       
   0       
   0       
   0       
   0       
   0       
   0       
   0       
   0       
   0       
   0       
   0       
   0       
   0       
   0       
   0       
   0       
   0       
   0       
   0       
   0       
   0       
   0       
   0       
   0       
   0       
   0       
   0       
   0       
   0       
   0       
   0       
   0       
   0       
   0       
   0       
   0       
   0       
   0       
   0       
   0       

EFC_FRICTIONLOSS
   0       
   0       
   0       
   0       
   0       
   0       
   0       
   0       
   0       
   0       
   0       
   0       
   0       
   0       
   0       
   0       
   0       
   0       
   0       
   0       
   0       
   0       
   0       
   0       
   0       
   0       
   0       
   0       
   0       
   0       
   0       
   0       
   0       
   0       
   0       
   0       
   0       
   0       
   0       
   0       
   0       
   0       
   0       
   0       
   0       
   0       
   0       
   0       
   0       
   0       
   0       
   0       
   0       
   0       
   0       
   0       
   0       
   0       
   0       
   0       
   0       
   0       
   0       
   0       
   0       
   0       
   0       
   0       
   0       
   0       
   0       
   0       
   0       
   0       
   0       
   0       
   0       
   0       
   0       
   0       
   0       
   0       
   0       
   0       
   0       
   0       
   0       
   0       
   0       
   0       
   0       
   0       
   0       
   0       
   0       
   0       
   0       
   0       
   0       
   0       

EFC_DIAGA
   14      
   15      
   14      
   15      
   0.3     
   0.3     
   0.3     
   0.3     
   0.3     
   0.3     
   0.3     
   0.3     
   1.5     
   1.5     
   1.5     
   1.5     
   2.4     
   2.4     
   2.4     
   2.4     
   1.5     
   1.5     
   1.5     
   1.5     
   2.4     
   2.4     
   2.4     
   2.4     
   1.5     
   1.5     
   1.5     
   1.5     
   2.4     
   2.4     
   2.4     
   2.4     
   1.5     
   1.5     
   1.5     
   1.5     
   2.4     
   2.4     
   2.4     
   2.4     
   7.9e-07 
   7.9e-07 
   7.9e-07 
   7.9e-07 
   7.9e-07 
   7.9e-07 
   7.9e-07 
   7.9e-07 
   7.9e-07 
   7.9e-07 
   7.9e-07 
   7.9e-07 
   7.9e-07 
   7.9e-07 
   7.9e-07 
   7.9e-07 
   7.9e-07 
   7.9e-07 
   7.9e-07 
   7.9e-07 
   7.9e-07 
   7.9e-07 
   7.9e-07 
   7.9e-07 
   7.9e-07 
   7.9e-07 
   7.9e-07 
   7.9e-07 
   7.9e-07 
   7.9e-07 
   7.9e-07 
   7.9e-07 
   7.9e-07 
   7.9e-07 
   7.9e-07 
   7.9e-07 
   2.5     
   2.5     
   2.5     
   2.5     
   2.5     
   2.5     
   2.5     
   2.5     
   2.5     
   2.5     
   2.5     
   2.5     
   2.5     
   2.5     
   2.5     
   2.5     
   2.5     
   2.5     
   2.5     
   2.5     

EFC_KBIP
   2.8e+03   1.1e+02   0.94     -74      
   2.8e+03   1.1e+02   0.9      -24      
   2.8e+03   1.1e+02   0.9      -9.4     
   2.8e+03   1.1e+02   0.9      -23      
   7.1e+03   1.7e+02   0.9      -15      
   7.1e+03   1.7e+02   0.9      -15      
   7.1e+03   1.7e+02   0.9      -15      
   7.1e+03   1.7e+02   0.9      -15      
   7.1e+03   1.7e+02   0.9      -13      
   7.1e+03   1.7e+02   0.9      -13      
   7.1e+03   1.7e+02   0.9      -13      
   7.1e+03   1.7e+02   0.9      -13      
   7.1e+03   1.7e+02   0.9      -11      
   7.1e+03   1.7e+02   0.9      -11      
   7.1e+03   1.7e+02   0.9      -11      
   7.1e+03   1.7e+02   0.9      -11      
   7.1e+03   1.7e+02   0.9      -40      
   7.1e+03   1.7e+02   0.9      -40      
   7.1e+03   1.7e+02   0.9      -40      
   7.1e+03   1.7e+02   0.9      -40      
   7.1e+03   1.7e+02   0.9      -9.3     
   7.1e+03   1.7e+02   0.9      -9.3     
   7.1e+03   1.7e+02   0.9      -9.3     
   7.1e+03   1.7e+02   0.9      -9.3     
   7.1e+03   1.7e+02   0.9      -23      
   7.1e+03   1.7e+02   0.9      -23      
   7.1e+03   1.7e+02   0.9      -23      
   7.1e+03   1.7e+02   0.9      -23      
   7.1e+03   1.7e+02   0.9      -9       
   7.1e+03   1.7e+02   0.9      -9       
   7.1e+03   1.7e+02   0.9      -9       
   7.1e+03   1.7e+02   0.9      -9       
   7.1e+03   1.7e+02   0.9      -23      
   7.1e+03   1.7e+02   0.9      -23      
   7.1e+03   1.7e+02   0.9      -23      
   7.1e+03   1.7e+02   0.9      -23      
   7.1e+03   1.7e+02   0.9      -9.3     
   7.1e+03   1.7e+02   0.9      -9.3     
   7.1e+03   1.7e+02   0.9      -9.3     
   7.1e+03   1.7e+02   0.9      -9.3     
   7.1e+03   1.7e+02   0.9      -23      
   7.1e+03   1.7e+02   0.9      -23      
   7.1e+03   1.7e+02   0.9      -23      
   7.1e+03   1.7e+02   0.9      -23      
   2.8e+03   1.1e+02   0.9      -18      
   2.8e+03   1.1e+02   0.9      -18      
   2.8e+03   1.1e+02   0.9      -18      
   2.8e+03   1.1e+02   0.9      -18      
   2.8e+03   1.1e+02   0.9      -5.1     
   2.8e+03   1.1e+02   0.9      -5.1     
   2.8e+03   1.1e+02   0.9      -5.1     
   2.8e+03   1.1e+02   0.9      -5.1     
   2.8e+03   1.1e+02   0.9      -17      
   2.8e+03   1.1e+02   0.9      -17      
   2.8e+03   1.1e+02   0.9      -17      
   2.8e+03   1.1e+02   0.9      -17      
   2.8e+03   1.1e+02   0.9      -7.5     
   2.8e+03   1.1e+02   0.9      -7.5     
   2.8e+03   1.1e+02   0.9      -7.5     
   2.8e+03   1.1e+02   0.9      -7.5     
   2.8e+03   1.1e+02   0.9      -6.8     
   2.8e+03   1.1e+02   0.9      -6.8     
   2.8e+03   1.1e+02   0.9      -6.8     
   2.8e+03   1.1e+02   0.9      -6.8     
   2.8e+03   1.1e+02   0.9      -6.9     
   2.8e+03   1.1e+02   0.9      -6.9     
   2.8e+03   1.1e+02   0.9      -6.9     
   2.8e+03   1.1e+02   0.9      -6.9     
   2.8e+03   1.1e+02   0.9      -8.6     
   2.8e+03   1.1e+02   0.9      -8.6     
   2.8e+03   1.1e+02   0.9      -8.6     
   2.8e+03   1.1e+02   0.9      -8.6     
   2.8e+03   1.1e+02   0.9      -8       
   2.8e+03   1.1e+02   0.9      -8       
   2.8e+03   1.1e+02   0.9      -8       
   2.8e+03   1.1e+02   0.9      -8       
   2.8e+03   1.1e+02   0.9      -8.5     
   2.8e+03   1.1e+02   0.9      -8.5     
   2.8e+03   1.1e+02   0.9      -8.5     
   2.8e+03   1.1e+02   0.9      -8.5     
   4.4e+04   4.2e+02   0.9      -0.54    
   4.4e+04   4.2e+02   0.9      -0.54    
   4.4e+04   4.2e+02   0.9      -0.54    
   4.4e+04   4.2e+02   0.9      -0.54    
   4.4e+04   4.2e+02   0.9      -0.54    
   4.4e+04   4.2e+02   0.9      -0.54    
   4.4e+04   4.2e+02   0.9      -0.54    
   4.4e+04   4.2e+02   0.9      -0.54    
   4.4e+04   4.2e+02   0.9      -0.54    
   4.4e+04   4.2e+02   0.9      -0.54    
   4.4e+04   4.2e+02   0.9      -0.54    
   4.4e+04   4.2e+02   0.9      -0.54    
   4.4e+04   4.2e+02   0.9      -0.54    
   4.4e+04   4.2e+02   0.9      -0.54    
   4.4e+04   4.2e+02   0.9      -0.54    
   4.4e+04   4.2e+02   0.9      -0.54    
   4.4e+04   4.2e+02   0.9      -0.54    
   4.4e+04   4.2e+02   0.9      -0.54    
   4.4e+04   4.2e+02   0.9      -0.54    
   4.4e+04   4.2e+02   0.9      -0.54    

EFC_D
   1.1     
   0.63    
   0.66    
   0.63    
   30      
   30      
   30      
   30      
   30      
   30      
   30      
   30      
   6.1     
   6.1     
   6.1     
   6.1     
   4       
   4       
   4       
   4       
   6       
   6       
   6       
   6       
   3.8     
   3.8     
   3.8     
   3.8     
   6.2     
   6.2     
   6.2     
   6.2     
   3.9     
   3.9     
   3.9     
   3.9     
   6       
   6       
   6       
   6       
   3.8     
   3.8     
   3.8     
   3.8     
   1.1e+07 
   1.1e+07 
   1.1e+07 
   1.1e+07 
   1.1e+07 
   1.1e+07 
   1.1e+07 
   1.1e+07 
   1.1e+07 
   1.1e+07 
   1.1e+07 
   1.1e+07 
   1.1e+07 
   1.1e+07 
   1.1e+07 
   1.1e+07 
   1.1e+07 
   1.1e+07 
   1.1e+07 
   1.1e+07 
   1.1e+07 
   1.1e+07 
   1.1e+07 
   1.1e+07 
   1.1e+07 
   1.1e+07 
   1.1e+07 
   1.1e+07 
   1.1e+07 
   1.1e+07 
   1.1e+07 
   1.1e+07 
   1.1e+07 
   1.1e+07 
   1.1e+07 
   1.1e+07 
   3.7     
   3.7     
   3.7     
   3.7     
   3.7     
   3.7     
   3.7     
   3.7     
   3.7     
   3.7     
   3.7     
   3.7     
   3.7     
   3.7     
   3.7     
   3.7     
   3.7     
   3.7     
   3.7     
   3.7     

EFC_R
   0.94    
   1.6     
   1.5     
   1.6     
   0.034   
   0.034   
   0.034   
   0.034   
   0.034   
   0.034   
   0.034   
   0.034   
   0.16    
   0.16    
   0.16    
   0.16    
   0.25    
   0.25    
   0.25    
   0.25    
   0.17    
   0.17    
   0.17    
   0.17    
   0.26    
   0.26    
   0.26    
   0.26    
   0.16    
   0.16    
   0.16    
   0.16    
   0.26    
   0.26    
   0.26    
   0.26    
   0.17    
   0.17    
   0.17    
   0.17    
   0.26    
   0.26    
   0.26    
   0.26    
   8.7e-08 
   8.7e-08 
   8.7e-08 
   8.7e-08 
   8.8e-08 
   8.8e-08 
   8.8e-08 
   8.8e-08 
   8.7e-08 
   8.7e-08 
   8.7e-08 
   8.7e-08 
   8.8e-08 
   8.8e-08 
   8.8e-08 
   8.8e-08 
   8.8e-08 
   8.8e-08 
   8.8e-08 
   8.8e-08 
   8.8e-08 
   8.8e-08 
   8.8e-08 
   8.8e-08 
   8.8e-08 
   8.8e-08 
   8.8e-08 
   8.8e-08 
   8.8e-08 
   8.8e-08 
   8.8e-08 
   8.8e-08 
   8.8e-08 
   8.8e-08 
   8.8e-08 
   8.8e-08 
   0.27    
   0.27    
   0.27    
   0.27    
   0.27    
   0.27    
   0.27    
   0.27    
   0.27    
   0.27    
   0.27    
   0.27    
   0.27    
   0.27    
   0.27    
   0.27    
   0.27    
   0.27    
   0.27    
   0.27    

ACTUATOR_VELOCITY
  -2e-10   
   2.4e-08 
  -2e-08   
  -1.8e-06 
  -8.9e-09 
   2e-09   
  -2.6e-09 
  -3.7e-06 
  -7.3e-09 
   5e-10   
   3.3e-09 
   2.2e-06 
  -7e-09   
  -3.1e-10 
   8.4e-10 
  -5.4e-06 

CVEL
   0         0         0         0         0         0       
  -3.7e-09  -8e-10     9.5e-08   2.6e-08  -2.6e-11   4e-10   
  -3.5e-09  -8e-10     9.5e-08   2.6e-08  -2.5e-11   3.9e-10 
  -3.7e-09  -2.1e-08   8.2e-08   2.5e-08   2.9e-09  -4.3e-09 
  -3.6e-09  -4.6e-09   9.3e-08   2.8e-08   2.1e-09  -3.1e-09 
   9.3e-09   1.5e-06   1e-06     1.9e-07  -2.3e-07   3.7e-07 
   5.1e-09  -8.8e-10   9.5e-08   2.6e-08   3.2e-11   1.1e-09 
   5.1e-09  -2.5e-09   9.6e-08   2.6e-08  -2.5e-10   7.3e-10 
   5.1e-09  -4.1e-10   9.5e-08   2.6e-08  -1.1e-10   9.1e-10 
   3e-08     2.9e-06  -2.2e-06   6e-07     6.1e-07   7.8e-07 
   3.6e-09  -8.6e-10   9.5e-08   2.6e-08  -2.4e-11   1.3e-10 
   3.6e-09  -1.3e-09   9.5e-08   2.6e-08  -8.4e-11   2.3e-10 
   3.6e-09  -4.1e-09   9.3e-08   2.6e-08  -2e-10     4.2e-10 
  -1.2e-08  -1.9e-06  -1.1e-06  -2e-07    -2.9e-07   4.6e-07 
   3.3e-09  -8.6e-10   9.5e-08   2.6e-08   2e-11     9.5e-10 
   3.3e-09  -6.2e-10   9.5e-08   2.6e-08  -2.3e-11   9e-10   
   3.3e-09  -1.3e-09   9.6e-08   2.6e-08   2.3e-11   9.5e-10 
   4e-08     4.2e-06  -3.2e-06   8.4e-07  -8.9e-07  -1.1e-06 
  -3.8e-12  -1.1e-12  -7.2e-15  -3.1e-13   1.1e-12  -1.2e-11 
   0         0         0         0         0         0       

CDOF_DOT
   0         0         0         0         0         0       
   0         0         0         0         0         0       
   0         0         0         0         0         0       
   0         0        -0         4.1e-12   4.8e-10  -2.3e-10 
  -0         0         0        -4.8e-10   1.5e-09   2.8e-08 
   0         0         0        -3.5e-11  -2.8e-08   1.5e-09 
  -8.2e-10  -9.5e-08  -8.3e-10  -1e-11    -2.6e-10   2e-10   
   8.1e-08  -2.6e-09   3e-09    -1.1e-08   1.1e-08  -2.2e-08 
   8.1e-08  -2.6e-09   3e-09    -7e-09     4.6e-09  -2.4e-08 
   8.1e-08  -2.6e-09   3e-09    -1.5e-08   5e-09    -2.4e-08 
  -8.2e-10  -9.5e-08  -8.3e-10   6.7e-10  -7e-10     2.2e-10 
   7.4e-08  -3.8e-09  -4e-09     1.4e-08  -1.9e-08  -2.1e-08 
   7.4e-08  -3.8e-09  -4e-09     5.6e-09  -3.1e-08  -2.1e-08 
   7.4e-08  -3.8e-09  -4e-09     1.6e-08  -3e-08    -2.1e-08 
  -8.2e-10  -9.5e-08  -8.3e-10  -1e-11    -2.6e-10   2e-10   
   8.1e-08   1.2e-09  -3.1e-09   1.1e-08   1.1e-08  -2.2e-08 
   8.1e-08   1.2e-09  -3.1e-09   3.6e-09   3.4e-09  -2.2e-08 
   8.1e-08   1.2e-09  -3.1e-09   1.2e-08   3.2e-09  -2.3e-08 
  -8.2e-10  -9.5e-08  -8.3e-10   6.7e-10  -7e-10     2.2e-10 
   7.4e-08  -2.7e-09  -2.6e-09  -1.3e-08  -2.1e-08  -2e-08   
   7.4e-08  -2.7e-09  -2.6e-09  -4.5e-09  -3.1e-08  -2e-08   
   7.4e-08  -2.7e-09  -2.6e-09  -1.5e-08  -3.1e-08  -2e-08   
   0         0         0         0         0         0       
   0         0         0         0         0         0       
   0         0         0         0         0         0       
  -0         0         0         1.5e-18  -2e-10     1.7e-12 
  -0         0         0         2e-10     5.1e-20   8.3e-13 
   0         0         0        -1.7e-12  -8.3e-13   1.5e-18 

QFRC_BIAS
  -6.1e-16 
  -3e-15   
   1.9e+02 
   3.9     
   0.042   
   0.0022  
  -2.7     
  -0.74    
   1.7     
   1.5e-05 
   3       
  -0.45    
   1.6     
   2.6e-05 
  -2.8     
   0.74    
  -1.7     
  -1.9e-05 
   3       
   0.45    
  -1.6     
   4e-05   
  -1e-15   
   3.6e-15 
   4.9e+07 
  -1.9e+09 
  -2.1e+09 
  -1.7e+03 

QFRC_SPRING
   0       
   0       
   0       
   0       
   0       
   0       
   0       
   0       
   0       
   0       
   0       
   0       
   0       
   0       
   0       
   0       
   0       
   0       
   0       
   0       
   0       
   0       
   0       
   0       
   0       
   0       
   0       
   0       

QFRC_DAMPER
   0       
   0       
   0       
   0       
   0       
   0       
   0       
   0       
   0       
   0       
   0       
   0       
   0       
   0       
   0       
   0       
   0       
   0       
   0       
   0       
   0       
   0       
   0       
   0       
   0       
   0       
   0       
   0       

QFRC_GRAVCOMP
   0       
   0       
   0       
   0       
   0       
   0       
   0       
   0       
   0       
   0       
   0       
   0       
   0       
   0       
   0       
   0       
   0       
   0       
   0       
   0       
   0       
   0       
   0       
   0       
   0       
   0       
   0       
   0       

QFRC_FLUID
   0       
   0       
   0       
   0       
   0       
   0       
   0       
   0       
   0       
   0       
   0       
   0       
   0       
   0       
   0       
   0       
   0       
   0       
   0       
   0       
   0       
   0       
   0       
   0       
   0       
   0       
   0       
   0       

QFRC_PASSIVE
   0       
   0       
   0       
   0       
   0       
   0       
   0       
   0       
   0       
   0       
   0       
   0       
   0       
   0       
   0       
   0       
   0       
   0       
   0       
   0       
   0       
   0       
   0       
   0       
   0       
   0       
   0       
   0       

EFC_VEL
  -2e-10   
   8.9e-09 
  -7.3e-09 
   7e-09   
  -2.9e-08 
   2.9e-08 
  -2.5e-08 
   2.6e-08 
   2.9e-08 
  -2.8e-08 
  -2.5e-08 
   2.7e-08 
   5.2e-09 
  -1.2e-08 
  -1.8e-08 
   1.1e-08 
   2.4e-08 
  -2.9e-08 
   1.3e-07 
  -1.4e-07 
   8.1e-09 
  -8.5e-09 
  -4.7e-08 
   4.7e-08 
   2.7e-08 
  -2.8e-08 
   2.5e-07 
  -2.5e-07 
  -5.6e-09 
   7e-09   
  -1.1e-08 
   1.2e-08 
  -2.4e-08 
   2.5e-08 
  -1.8e-07 
   1.8e-07 
  -8e-09   
   8.2e-09 
  -4.6e-08 
   4.6e-08 
  -2.2e-08 
   2.1e-08 
   3.8e-07 
  -3.9e-07 
  -1.2e-10 
  -1.1e-10 
  -1.1e-10 
  -1.1e-10 
  -2e-10   
  -1.9e-10 
  -2e-10   
  -1.9e-10 
   1.7e-10 
   1.8e-10 
   1.7e-10 
   1.7e-10 
  -1.9e-10 
  -1.9e-10 
  -1.9e-10 
  -1.9e-10 
  -1.9e-10 
  -1.8e-10 
  -1.8e-10 
  -1.8e-10 
  -2e-10   
  -1.9e-10 
  -2e-10   
  -1.9e-10 
   1.2e-10 
   1.2e-10 
   1.2e-10 
   1.2e-10 
   1.1e-10 
   1.2e-10 
   1.1e-10 
   1.2e-10 
   1.3e-10 
   1.3e-10 
   1.3e-10 
   1.3e-10 
   3.9e-09 
   3.1e-09 
   4.4e-09 
   2.6e-09 
   3.9e-09 
   3.1e-09 
   4.3e-09 
   2.6e-09 
   3.8e-09 
   3.1e-09 
   4.4e-09 
   2.6e-09 
   3.9e-09 
   3.1e-09 
   4.3e-09 
   2.6e-09 
   3.8e-09 
   3.1e-09 
   4.4e-09 
   2.6e-09 

EFC_AREF
   1.6     
   0.3     
   0.12    
   0.29    
   0.47    
   0.47    
   0.47    
   0.47    
   0.4     
   0.4     
   0.4     
   0.4     
   0.34    
   0.34    
   0.34    
   0.34    
   1.3     
   1.3     
   1.3     
   1.3     
   0.3     
   0.3     
   0.3     
   0.3     
   0.74    
   0.74    
   0.74    
   0.74    
   0.29    
   0.29    
   0.29    
   0.29    
   0.73    
   0.73    
   0.73    
   0.73    
   0.3     
   0.3     
   0.3     
   0.3     
   0.74    
   0.74    
   0.74    
   0.74    
   0.23    
   0.23    
   0.23    
   0.23    
   0.064   
   0.064   
   0.064   
   0.064   
   0.22    
   0.22    
   0.22    
   0.22    
   0.093   
   0.093   
   0.093   
   0.093   
   0.085   
   0.085   
   0.085   
   0.085   
   0.086   
   0.086   
   0.086   
   0.086   
   0.11    
   0.11    
   0.11    
   0.11    
   0.1     
   0.1     
   0.1     
   0.1     
   0.11    
   0.11    
   0.11    
   0.11    
   0.11    
   0.11    
   0.11    
   0.11    
   0.11    
   0.11    
   0.11    
   0.11    
   0.11    
   0.11    
   0.11    
   0.11    
   0.11    
   0.11    
   0.11    
   0.11    
   0.11    
   0.11    
   0.11    
   0.11    

SUBTREE_LINVEL
   0         0         0       
   0         0         0       
   0         0         0       
   0         0         0       
   0         0         0       
   0         0         0       
   0         0         0       
   0         0         0       
   0         0         0       
   0         0         0       
   0         0         0       
   0         0         0       
   0         0         0       
   0         0         0       
   0         0         0       
   0         0         0       
   0         0         0       
   0         0         0       
   0         0         0       
   0         0         0       

SUBTREE_ANGMOM
   0         0         0       
   0         0         0       
   0         0         0       
   0         0         0       
   0         0         0       
   0         0         0       
   0         0         0       
   0         0         0       
   0         0         0       
   0         0         0       
   0         0         0       
   0         0         0       
   0         0         0       
   0         0         0       
   0         0         0       
   0         0         0       
   0         0         0       
   0         0         0       
   0         0         0       
   0         0         0       

ACTUATOR_FORCE
   0       
   0       
   0       
   0       
   0       
   0       
   0       
   0       
   0       
   0       
   0       
   0       
   0       
   0       
   0       
   0       

QFRC_ACTUATOR
   0       
   0       
   0       
   0       
   0       
   0       
   0       
   0       
   0       
   0       
   0       
   0       
   0       
   0       
   0       
   0       
   0       
   0       
   0       
   0       
   0       
   0       
   0       
   0       
   0       
   0       
   0       
   0       

QFRC_SMOOTH
   6.1e-16 
   3e-15   
  -1.9e+02 
  -3.9     
  -0.042   
  -0.0022  
   2.7     
   0.74    
  -1.7     
  -1.5e-05 
  -3       
   0.45    
  -1.6     
  -2.6e-05 
   2.8     
  -0.74    
   1.7     
   1.9e-05 
  -3       
  -0.45    
   1.6     
  -4e-05   
   1e-15   
  -3.6e-15 
  -4.9e+07 
   1.9e+09 
   2.1e+09 
   1.7e+03 

QACC_SMOOTH
  -1.1e-15 
  -4.9e-16 
  -9.8     
   3.9e-14 
   4.6e-15 
   4.2e-17 
  -8.5e-14 
   6e-14   
  -7.1e-14 
   1.1e-13 
   1.9e-13 
   6e-14   
  -4.3e-14 
  -3.2e-14 
  -5.7e-14 
  -2.1e-14 
   6.4e-14 
  -2e-14   
   8.5e-14 
   7.1e-15 
  -1.4e-14 
  -4.3e-14 
   3.8e-17 
   5.2e-18 
  -9.8     
   0       
  -2.8e-17 
  -2e-19   

EFC_B
  -1.6     
  -0.3     
  -0.12    
  -0.29    
  -10      
  -10      
  -10      
  -10      
  -10      
  -10      
  -10      
  -10      
  -10      
  -10      
  -10      
  -10      
  -11      
  -11      
  -11      
  -11      
  -10      
  -10      
  -10      
  -10      
  -11      
  -11      
  -11      
  -11      
  -10      
  -10      
  -10      
  -10      
  -11      
  -11      
  -11      
  -11      
  -10      
  -10      
  -10      
  -10      
  -11      
  -11      
  -11      
  -11      
  -10      
  -10      
  -10      
  -10      
  -9.9     
  -9.9     
  -9.9     
  -9.9     
  -10      
  -10      
  -10      
  -10      
  -9.9     
  -9.9     
  -9.9     
  -9.9     
  -9.9     
  -9.9     
  -9.9     
  -9.9     
  -9.9     
  -9.9     
  -9.9     
  -9.9     
  -9.9     
  -9.9     
  -9.9     
  -9.9     
  -9.9     
  -9.9     
  -9.9     
  -9.9     
  -9.9     
  -9.9     
  -9.9     
  -9.9     
  -0.11    
  -0.11    
  -0.11    
  -0.11    
  -0.11    
  -0.11    
  -0.11    
  -0.11    
  -0.11    
  -0.11    
  -0.11    
  -0.11    
  -0.11    
  -0.11    
  -0.11    
  -0.11    
  -0.11    
  -0.11    
  -0.11    
  -0.11    

EFC_FORCE
   1.7     
   0.19    
   0.077   
   0.18    
   14      
   14      
   14      
   14      
   12      
   12      
   12      
   12      
   2.1     
   2.1     
   2.1     
   2.1     
   5.1     
   5.1     
   5.1     
   5.1     
   1.8     
   1.8     
   1.8     
   1.8     
   2.8     
   2.8     
   2.8     
   2.8     
   1.8     
   1.8     
   1.8     
   1.8     
   2.8     
   2.8     
   2.8     
   2.8     
   1.8     
   1.8     
   1.8     
   1.8     
   2.8     
   2.8     
   2.8     
   2.8     
   2.6e+06 
   2.6e+06 
   2.6e+06 
   2.6e+06 
   7.2e+05 
   7.2e+05 
   7.2e+05 
   7.2e+05 
   2.5e+06 
   2.5e+06 
   2.5e+06 
   2.5e+06 
   1.1e+06 
   1.1e+06 
   1.1e+06 
   1.1e+06 
   9.7e+05 
   9.7e+05 
   9.7e+05 
   9.7e+05 
   9.7e+05 
   9.7e+05 
   9.7e+05 
   9.7e+05 
   1.2e+06 
   1.2e+06 
   1.2e+06 
   1.2e+06 
   1.1e+06 
   1.1e+06 
   1.1e+06 
   1.1e+06 
   1.2e+06 
   1.2e+06 
   1.2e+06 
   1.2e+06 
   0.39    
   0.39    
   0.39    
   0.39    
   0.39    
   0.39    
   0.39    
   0.39    
   0.39    
   0.39    
   0.39    
   0.39    
   0.39    
   0.39    
   0.39    
   0.39    
   0.39    
   0.39    
   0.39    
   0.39    

EFC_STATE
  1
  1
  1
  1
  1
  1
  1
  1
  1
  1
  1
  1
  1
  1
  1
  1
  1
  1
  1
  1
  1
  1
  1
  1
  1
  1
  1
  1
  1
  1
  1
  1
  1
  1
  1
  1
  1
  1
  1
  1
  1
  1
  1
  1
  1
  1
  1
  1
  1
  1
  1
  1
  1
  1
  1
  1
  1
  1
  1
  1
  1
  1
  1
  1
  1
  1
  1
  1
  1
  1
  1
  1
  1
  1
  1
  1
  1
  1
  1
  1
  1
  1
  1
  1
  1
  1
  1
  1
  1
  1
  1
  1
  1
  1
  1
  1
  1
  1
  1
  1

QFRC_CONSTRAINT
   4.5e-06 
   3.6e-05 
   1.9e+02 
   3.9     
   0.042   
   0.0022  
  -2.7     
  -0.74    
   1.7     
   1.5e-05 
   3       
  -0.45    
   1.6     
   2.6e-05 
  -2.8     
   0.74    
  -1.7     
  -1.9e-05 
   3       
   0.45    
  -1.6     
   4e-05   
   0.0016  
  -0.0051  
   4.9e+07 
  -1.9e+09 
  -2.1e+09 
  -1.7e+03 

QFRC_INVERSE
   0       
   0       
   0       
   0       
   0       
   0       
   0       
   0       
   0       
   0       
   0       
   0       
   0       
   0       
   0       
   0       
   0       
   0       
   0       
   0       
   0       
   0       
   0       
   0       
   0       
   0       
   0       
   0       

CACC
   0         0         0        -0        -0         9.8     
  -2.5e-05   1.7e-07  -2.2e-06   1.6e-06   3.1e-06   9.8     
  -3.5e-05   2.6e-07  -2.2e-06   1.6e-06   3.1e-06   9.8     
  -3.4e-05   0.00015   9.1e-05   4.7e-06  -1.8e-05   9.8     
  -3.4e-05   0.00013   8.1e-05   2.8e-06  -1.7e-05   9.8     
  -3.6e-05  -0.00012  -7.5e-05  -2.5e-05   2.2e-05   9.8     
  -1.5e-05   8.5e-08  -2.2e-06   1.6e-06   3.1e-06   9.8     
  -1.5e-05  -8.6e-06   4.7e-06   1.1e-06   1.6e-06   9.8     
  -1.5e-05   1.2e-05  -1.1e-05   5.1e-06   2.9e-06   9.8     
  -1.5e-05   2.1e-05  -1.8e-05   6.8e-06   4.8e-06   9.8     
  -1.7e-05   1e-07    -2.2e-06   1.6e-06   3.1e-06   9.8     
  -1.7e-05  -1.4e-05  -1.1e-05   1.3e-06   1.1e-06   9.8     
  -1.7e-05   1.5e-05   7.1e-06   4.9e-06   2.3e-06   9.8     
  -1.6e-05   3.6e-05   2e-05     7.4e-06   5.5e-06   9.8     
  -1.8e-05   1.1e-07  -2.2e-06   1.6e-06   3.1e-06   9.8     
  -1.8e-05   1.5e-05  -1.4e-05   2.4e-06   4.1e-07   9.8     
  -1.8e-05  -1e-05     5.9e-06  -2.6e-06   2.2e-06   9.8     
  -1.8e-05  -1.1e-05   6.6e-06  -2.8e-06   2.4e-06   9.8     
   3.9e-10   1.1e-10   8.6e-13   2.2e-11  -7.4e-11   9.8     
   0         0         0         0         0         9.8     

CFRC_INT
   20        7.6      -0.013    -0.0015    0.0048    3.7e+04 
   2.9e-15  -7e-15    -2.8e-16   3.7e-15   2.5e-15  -8.9e-14 
  -1.8       0.45      7.3e-05  -0.00043  -0.00012  -1.8     
  -1.3       0.26     -0.69     -2.2      -4        -1.5     
  -1.4       0.67     -0.69     -2.2      -4        -1.8     
  -3.2       3.7       4.9e-05  -0.00019   3.8e-05  -15      
  -0.5      -1.9      -5e-05    -0.00018   5.7e-05   8.6     
   0.1      -0.55     -5.1e-05  -0.00018   5.5e-05   2.4     
   0.35     -0.074    -8.1e-05  -0.00031   2.7e-05   0.83    
   1.7       1.4      -8.1e-05  -0.00031   2.7e-05  -5.5     
   0.25      1.9      -5.6e-05   0.00032  -4e-05     8.6     
  -0.11      0.55     -5.5e-05   0.00032  -4.2e-05   2.4     
  -0.36      0.061    -4.4e-05   0.00024  -3.7e-05   0.83    
  -1.4      -1.4      -4.4e-05   0.00024  -3.7e-05  -5.5     
  -0.47      1.9      -0.00011  -0.00042  -4.2e-05   8.6     
   0.11      0.55     -0.00011  -0.00042  -4.4e-05   2.4     
   0.35      0.068    -0.00013  -0.00049  -3.3e-05   0.83    
   1.7      -1.5      -0.00013  -0.00049  -3.3e-05  -5.5     
   20        7.6      -0.013    -0.0015    0.0048    0.13    
   0         0         0         0         0         3.7e+04 

CFRC_EXT
   0         0         0         0         0         0       
   0.3       2.4      -0.00015  -0.0007   -0.00012   1e+02   
   0.81     -1.6      -0.69     -2.2      -4         6.4     
   1.3      -0.6      -2.2e-05   0.00022   0.00016   8.4     
  -0.81      1.6       0.69      2.2       4        -6.4     
   4.2      -5.1      -4.7e-05   0.00018  -3.6e-05   20      
   0         0         0         0         0         0       
  -1.5      -0.6      -3e-05    -0.00013  -2.6e-05   7.1     
   0         0         0         0         0         0       
  -3.2      -3         8.2e-05   0.00032  -2.7e-05   11      
   0         0         0         0         0         0       
   1.1       0.49      1.1e-05  -7.4e-05   7e-06     7.1     
   0         0         0         0         0         0       
   2.5       2.8       4.3e-05  -0.00024   3.8e-05   11      
   0         0         0         0         0         0       
  -1.5       0.62     -1.7e-05  -7.2e-05   1.3e-05   7.1     
   0         0         0         0         0         0       
  -3.1       3         0.00013   0.00049   3.4e-05   11      
  -19       -7.2       0.014     0.0016   -0.0051    4.9e+07 
   0         0         0         0         0         0       

TREE_ISLAND
  0 1

ISLAND_NTREE
  1 1

ISLAND_ITREEADR
  0 1

MAP_ITREE2TREE
  0 1

DOF_ISLAND            0 0 0 0 0 0 0 0 0 0 0 0 0 0 0 0 0 0 0 0 0 0 1 1 1 1 1 1

ISLAND_NV             22 6

ISLAND_IDOFADR        0 22

MAP_IDOF2DOF          0 1 2 3 4 5 6 7 8 9 10 11 12 13 14 15 16 17 18 19 20 21 | 22 23 24 25 26 27

EFC_ISLAND            0 0 0 0 0 0 0 0 0 0 0 0 0 0 0 0 0 0 0 0 0 0 0 0 0 0 0 0 0 0 0 0 0 0 0 0 0 0 0 0 0 0 0 0 1 1 1 1 1 1 1 1 1 1 1 1 1 1 1 1 1 1 1 1 1 1 1 1 1 1 1 1 1 1 1 1 1 1 1 1 0 0 0 0 0 0 0 0 0 0 0 0 0 0 0 0 0 0 0 0

ISLAND_NEFC           64 36

ISLAND_IEFCADR        0 64

MAP_IEFC2EFC          0 1 2 3 4 5 6 7 8 9 10 11 12 13 14 15 16 17 18 19 20 21 22 23 24 25 26 27 28 29 30 31 32 33 34 35 36 37 38 39 40 41 42 43 80 81 82 83 84 85 86 87 88 89 90 91 92 93 94 95 96 97 98 99 | 44 45 46 47 48 49 50 51 52 53 54 55 56 57 58 59 60 61 62 63 64 65 66 67 68 69 70 71 72 73 74 75 76 77 78 79

